pMG2200_50	19	98.361	549	9	0	1	549	1103	1651	0.0	965.0
pMG2200_51	19	98.851	174	2	0	1	174	906	1079	8.499999999999998e-86	311.0
pMG2200_61	19	95.08200000000001	183	9	0	1	183	7308	7490	4.209999999999999e-79	289.0
pMG2200_64	19	100.0	636	0	0	1	636	10498	11133	0.0	1175.0
pMG2200_65	19	100.0	432	0	0	1	432	11156	11587	0.0	798.0
pMG2200_66	19	99.242	528	4	0	1	528	11590	12117	0.0	953.0
pMG2200_67	19	99.45	2181	12	0	1	2181	12160	14340	0.0	3962.0
pMG2200_68	19	100.0	543	0	0	1	543	14448	14990	0.0	1003.0
pMG2200_69	19	99.82600000000001	574	1	0	1	574	15057	15630	0.0	1055.0
pMG2200_84	19	100.0	621	0	0	1	621	31910	32530	0.0	1147.0
pMG2200_86	19	98.958	288	3	0	1	288	32547	32834	2.9099999999999997e-147	516.0
pMG2200_85	19	99.04799999999999	105	1	0	1	105	32828	32932	2.3199999999999997e-49	189.0
pMG2200_90	19	96.19	210	8	0	1	210	33121	33330	1.03e-95	344.0
pMG2200_91	19	97.03	303	9	0	1	303	33342	33644	1.4299999999999999e-145	510.0
pMG2200_92	19	99.473	1329	7	0	1	1329	39344	40672	0.0	2416.0
pMG2200_93	19	98.291	351	6	0	1	351	40669	41019	3.4499999999999984e-177	616.0
pMG2200_94	19	100.0	213	0	0	1	213	40976	41188	1.0299999999999997e-110	394.0
pMG2200_95	19	97.96600000000001	295	5	1	1	295	41619	41912	1.3999999999999999e-145	510.0
pMG2200_99	19	97.39	1609	42	0	1	1609	44642	46250	0.0	2739.0
pMG2200_108	16	96.434	3926	131	1	2	3927	44491	48407	0.0	6466.0
pMG2200_109	16	96.25	320	12	0	1	320	48505	48824	5.429999999999998e-150	525.0
pCF10_01	19	98.87100000000001	1329	15	0	1	1329	39344	40672	0.0	2372.0
pCF10_02	19	98.291	351	6	0	1	351	40669	41019	3.4499999999999984e-177	616.0
pCF10_03	19	98.59200000000001	213	3	0	1	213	40976	41188	1.04e-105	377.0
pCF10_04	19	97.315	298	6	2	1	297	41619	41915	6.509999999999998e-144	505.0
pCF10_05	19	100.0	330	0	0	1	330	42382	42053	1.4999999999999994e-175	610.0
pCF10_06	19	99.785	930	2	0	1	930	43235	42306	0.0	1707.0
pCF10_07	19	97.804	1002	22	0	1	1002	43482	44483	0.0	1729.0
pCF10_08	19	97.514	1609	40	0	1	1609	44642	46250	0.0	2750.0
pCF10_16	16	95.23100000000001	3921	179	8	2	3918	44491	48407	0.0	6198.0
pCF10_17	16	97.199	357	10	0	1	357	48469	48825	7.589999999999997e-174	604.0
pCF10_40	19	99.45100000000001	546	3	0	1	546	1103	1648	0.0	992.0
pCF10_41	19	97.396	192	5	0	1	192	888	1079	9.419999999999998e-91	327.0
pCF10_55	19	97.77799999999999	225	5	0	1	225	32828	33052	5.079999999999999e-109	388.0
pCF10_56	19	96.667	210	7	0	1	210	33121	33330	2.2199999999999996e-97	350.0
pCF10_57	19	96.571	175	5	1	1	174	33342	33516	3.9799999999999995e-79	289.0
pAM373_p18	29	98.413	504	8	0	1	504	2716	2213	0.0	887.0
pAM373_p26	16	98.676	2493	33	0	1	2493	56892	59384	0.0	4421.0
pAM373_p30	16	99.23100000000001	390	3	0	1	390	55331	55720	0.0	704.0
pAM373_p31	16	99.275	276	2	0	1	276	55056	55331	2.7999999999999993e-142	499.0
pAM373_p32	16	99.17299999999999	846	7	0	1	846	54221	55066	0.0	1524.0
pAM373_p33	16	99.68299999999999	315	1	0	1	315	53725	54039	1.4499999999999993e-165	577.0
pAM373_p34	16	97.898	333	7	0	1	333	53393	53725	1.5399999999999992e-165	577.0
pAM373_p35	16	99.029	618	6	0	1	618	52708	53325	0.0	1109.0
pAM373_p36	16	99.921	1272	1	0	1	1272	51434	52705	0.0	2344.0
pAM373_p37	16	99.535	861	4	0	1	861	50548	51408	0.0	1568.0
pAM373_p38	16	98.40700000000001	879	14	0	1	879	49650	50528	0.0	1546.0
pAM373_p39	16	99.234	261	2	0	1	261	49379	49639	5.759999999999999e-134	472.0
HS082_RS00040	2	99.398	1163	7	0	1	1163	46893	48055	0.0	2109.0
HS082_RS00045	16	95.637	3919	167	4	2	3918	44491	48407	0.0	6287.0
HS082_RS00175	19	98.23200000000001	1301	23	0	1	1301	2577	3877	0.0	2276.0
HS082_RS00185	19	99.492	591	3	0	1	591	1103	1693	0.0	1075.0
HS082_RS00190	19	97.396	192	5	0	1	192	888	1079	9.419999999999998e-91	327.0
HS082_RS00240	19	95.08200000000001	183	9	0	1	183	7308	7490	4.209999999999999e-79	289.0
HS082_RS00255	19	97.154	246	7	0	1	246	10067	10312	2.5699999999999996e-117	416.0
HS082_RS00260	19	99.84299999999999	636	1	0	1	636	10498	11133	0.0	1170.0
HS082_RS00265	19	100.0	468	0	0	1	468	11120	11587	0.0	865.0
HS082_RS00270	19	99.242	528	4	0	1	528	11590	12117	0.0	953.0
HS082_RS00275	19	99.45	2181	12	0	1	2181	12160	14340	0.0	3962.0
HS082_RS00280	19	100.0	543	0	0	1	543	14448	14990	0.0	1003.0
HS082_RS00285	19	99.82600000000001	574	1	0	1	574	15057	15630	0.0	1055.0
HS082_RS00325	45	99.265	680	5	0	2	681	734	55	0.0	1229.0
HS082_RS00355	43	99.583	960	4	0	1	960	969	10	0.0	1751.0
HS082_RS00400	19	97.77799999999999	225	5	0	1	225	32828	33052	5.079999999999999e-109	388.0
pWZ1668_p08	2	99.28299999999999	837	6	0	1	837	47219	48055	0.0	1513.0
pWZ1668_p09	2	98.625	291	4	0	1	291	46893	47183	2.939999999999999e-147	516.0
pWZ1668_p10	19	96.131	1887	73	0	1	1887	19204	21090	0.0	3081.0
pWZ1668_p13	40	100.0	1173	0	0	1	1173	102	1274	0.0	2167.0
pWZ1668_p17	19	99.051	738	7	0	1	738	38577	37840	0.0	1325.0
pWZ1668_p18	19	99.479	192	1	0	1	192	37895	37704	2.0099999999999997e-97	350.0
pTW9_p07	19	99.315	292	2	0	1	292	41619	41910	3.8599999999999984e-151	529.0
pTW9_p21	16	99.065	321	3	0	1	321	48505	48825	1.4799999999999999e-165	577.0
pTW9_p22	16	100.0	258	0	0	1	258	48847	49104	1.2399999999999997e-135	477.0
pTW9_p23	16	99.617	261	1	0	1	261	49379	49639	1.2399999999999997e-135	477.0
pTW9_p24	16	98.066	879	17	0	1	879	49650	50528	0.0	1530.0
pTW9_p25	16	99.652	861	3	0	1	861	50548	51408	0.0	1574.0
pTW9_p26	16	99.45	1272	7	0	1	1272	51434	52705	0.0	2311.0
pTW9_p27	16	99.029	618	6	0	1	618	52708	53325	0.0	1109.0
pTW9_p28	16	99.09899999999999	333	3	0	1	333	53393	53725	3.279999999999999e-172	599.0
pTW9_p29	16	99.68299999999999	315	1	0	1	315	53725	54039	1.4499999999999993e-165	577.0
pTW9_p30	16	99.227	1035	8	0	1	1035	54032	55066	0.0	1868.0
pTW9_p31	16	99.617	261	1	0	1	261	55071	55331	1.2399999999999997e-135	477.0
pTW9_p32	16	100.0	390	0	0	1	390	55331	55720	0.0	721.0
pTW9_p33	16	99.79299999999999	483	1	0	1	483	55752	56234	0.0	887.0
pTW9_p34	16	99.78200000000001	459	1	0	1	459	56329	56787	0.0	843.0
pTW9_p35	16	99.53200000000001	2565	12	0	1	2565	56820	59384	0.0	4671.0
pTW9_p38	29	97.63799999999999	2244	53	0	1	2244	6258	4015	0.0	3851.0
pTW9_p39	29	100.0	786	0	0	1	786	3492	2707	0.0	1452.0
pTW9_p48	45	99.41799999999999	687	4	0	1	687	741	55	0.0	1247.0
pTW9_p56	19	98.81	84	1	0	1	84	38785	38702	8.27e-38	150.0
pTW9_p57	19	99.59299999999999	738	3	0	1	738	38577	37840	0.0	1347.0
pTW9_p58	19	100.0	132	0	0	1	132	37835	37704	6.359999999999999e-66	244.0
pTW9_p65	19	98.81	84	1	0	1	84	38785	38702	8.27e-38	150.0
pTW9_p66	19	99.458	738	4	0	1	738	38577	37840	0.0	1341.0
pTW9_p67	19	96.97	132	4	0	1	132	37835	37704	2.9800000000000004e-59	222.0
pTW9_p97	45	96.726	336	11	0	1	336	741	406	1.5799999999999993e-160	560.0
pTW9_p98	45	99.41799999999999	687	4	0	1	687	741	55	0.0	1247.0
HS307_RS00015	45	99.115	339	3	0	1	339	393	55	1.5399999999999995e-175	610.0
HS307_RS00035	19	98.993	1887	19	0	1	1887	19204	21090	0.0	3380.0
HS307_RS00075	45	99.118	680	6	0	2	681	734	55	0.0	1223.0
HS307_RS00095	45	99.412	680	4	0	2	681	734	55	0.0	1234.0
HS307_RS00165	45	99.412	680	4	0	2	681	734	55	0.0	1234.0
HXI36_RS00025	45	99.559	680	3	0	2	681	734	55	0.0	1240.0
HXI36_RS00070	19	98.81	84	1	0	1	84	38785	38702	8.27e-38	150.0
HXI36_RS00075	19	99.458	738	4	0	1	738	38577	37840	0.0	1341.0
HXI36_RS00210	45	99.559	680	3	0	2	681	734	55	0.0	1240.0
HXI36_RS00270	45	99.559	680	3	0	2	681	734	55	0.0	1240.0
HXI36_RS00290	2	99.398	1163	7	0	1	1163	46893	48055	0.0	2109.0
HS679_RS00035	19	99.59299999999999	738	3	0	1	738	38577	37840	0.0	1347.0
D686_p36	2	99.28299999999999	837	6	0	1	837	47219	48055	0.0	1513.0
D686_p37	2	98.625	291	4	0	1	291	46893	47183	2.939999999999999e-147	516.0
D686_p38	19	96.131	1887	73	0	1	1887	19204	21090	0.0	3081.0
D686_p32	19	99.051	738	7	0	1	738	38577	37840	0.0	1325.0
D686_p1035	2	99.28299999999999	837	6	0	1	837	47219	48055	0.0	1513.0
D686_p1036	2	98.625	291	4	0	1	291	46893	47183	2.939999999999999e-147	516.0
D686_p1037	19	96.131	1887	73	0	1	1887	19204	21090	0.0	3081.0
D686_p1031	19	99.051	738	7	0	1	738	38577	37840	0.0	1325.0
A7J11_01120	19	99.59299999999999	738	3	0	1	738	38577	37840	0.0	1347.0
EFD32_RS15020	19	98.81	84	1	0	1	84	38785	38702	8.27e-38	150.0
EFD32_RS15025	19	99.729	738	2	0	1	738	38577	37840	0.0	1352.0
EFD32_RS16455	19	96.97	132	4	0	1	132	37835	37704	2.9800000000000004e-59	222.0
EFD32_RS15400	19	97.75299999999999	267	6	0	1	267	25766	26032	1.2799999999999998e-130	460.0
EFD32_RS15405	19	97.77799999999999	270	6	0	1	270	26022	26291	2.7699999999999995e-132	466.0
CGZ46_RS14430	45	99.12700000000001	687	6	0	1	687	741	55	0.0	1236.0
CGZ46_RS14525	21	99.40100000000001	1002	6	0	1	1002	22920	23921	0.0	1818.0
CGZ46_RS14530	21	99.46600000000001	936	2	1	1	933	23918	24853	0.0	1698.0
CGZ46_RS14535	21	100.0	87	0	0	1	87	25128	25214	4e-41	161.0
CGZ46_RS14540	21	95.417	1920	88	0	1	1920	25230	27149	0.0	3059.0
CGZ46_RS14605	19	100.0	112	0	0	1	112	38917	38806	6.93e-55	207.0
CGZ46_RS14610	19	98.81	84	1	0	1	84	38785	38702	8.27e-38	150.0
CGZ46_RS14615	19	99.458	738	4	0	1	738	38577	37840	0.0	1341.0
CGZ46_RS14620	19	97.727	132	3	0	1	132	37835	37704	6.4e-61	228.0
CGZ46_RS14790	19	95.12799999999999	780	38	0	1	780	1798	2577	0.0	1230.0
CGZ46_RS14795	19	98.725	549	7	0	1	549	1103	1651	0.0	976.0
CGZ46_RS14800	19	98.851	174	2	0	1	174	906	1079	8.499999999999998e-86	311.0
CGZ46_RS14850	33	99.50200000000001	201	1	0	1	201	971	771	2.0999999999999992e-102	366.0
CGZ46_RS14855	33	99.51700000000001	207	1	0	1	207	1375	1581	9.999999999999998e-106	377.0
CGZ46_RS14860	33	100.0	192	0	0	1	192	1615	1806	4.319999999999999e-99	355.0
CGZ46_RS14895	19	98.66	597	8	0	1	597	31934	32530	0.0	1059.0
CGZ46_RS14915	19	98.26899999999999	1329	23	0	1	1329	39344	40672	0.0	2327.0
CGZ46_RS14920	19	99.145	351	3	0	1	351	40669	41019	0.0	632.0
CGZ46_RS14985	16	95.506	356	13	1	1	353	48469	48824	3.5499999999999986e-162	566.0
FOA09_RS13905	45	99.41799999999999	687	4	0	1	687	741	55	0.0	1247.0
FOA09_RS14000	19	98.485	132	2	0	1	132	37835	37704	1.3799999999999998e-62	233.0
FOA09_RS14005	19	99.729	738	2	0	1	738	38577	37840	0.0	1352.0
FOA09_RS14010	19	97.619	84	2	0	1	84	38785	38702	3.85e-36	145.0
FOA09_RS14030	45	99.272	687	5	0	1	687	741	55	0.0	1242.0
FOA09_RS14130	45	99.41799999999999	687	4	0	1	687	741	55	0.0	1247.0
FOA09_RS14195	29	95.91	489	20	0	1	489	2701	2213	0.0	793.0
FOA09_RS14200	29	100.0	729	0	0	1	729	3435	2707	0.0	1347.0
FOA09_RS14205	29	99.415	171	1	0	1	171	3843	4013	8.329999999999998e-86	311.0
FOA09_RS14210	29	97.654	2259	53	0	1	2259	6273	4015	0.0	3879.0
FOA09_RS14225	16	99.35799999999999	2493	16	0	1	2493	56892	59384	0.0	4516.0
FOA09_RS14230	16	99.78200000000001	459	1	0	1	459	56329	56787	0.0	843.0
FOA09_RS14235	16	99.79299999999999	483	1	0	1	483	55752	56234	0.0	887.0
FOA09_RS14240	16	100.0	393	0	0	1	393	55328	55720	0.0	726.0
FOA09_RS14245	16	99.63799999999999	276	1	0	1	276	55056	55331	6.009999999999998e-144	505.0
FOA09_RS14250	16	99.227	1035	8	0	1	1035	54032	55066	0.0	1868.0
FOA09_RS14255	16	99.68299999999999	315	1	0	1	315	53725	54039	1.4499999999999993e-165	577.0
FOA09_RS14260	16	98.645	369	5	0	1	369	53357	53725	0.0	654.0
FOA09_RS14265	16	99.191	618	5	0	1	618	52708	53325	0.0	1114.0
FOA09_RS14270	16	99.45	1272	7	0	1	1272	51434	52705	0.0	2311.0
FOA09_RS14275	16	99.652	861	3	0	1	861	50548	51408	0.0	1574.0
FOA09_RS14280	16	98.066	879	17	0	1	879	49650	50528	0.0	1530.0
FOA09_RS14285	16	99.617	261	1	0	1	261	49379	49639	1.2399999999999997e-135	477.0
FOA09_RS14290	16	99.74	385	1	0	1	385	48847	49231	0.0	706.0
FOA09_RS14295	16	98.319	357	3	1	1	354	48469	48825	2.0799999999999996e-179	623.0
FOA09_RS14370	19	99.315	292	2	0	1	292	41619	41910	3.8599999999999984e-151	529.0
FOA09_RS14375	19	99.09899999999999	111	1	0	1	111	41270	41380	1.15e-52	200.0
FOA09_RS14390	45	99.41799999999999	687	4	0	1	687	741	55	0.0	1247.0
FOA09_RS14410	45	99.41799999999999	687	4	0	1	687	741	55	0.0	1247.0
EYB36_RS00005	29	100.0	249	0	0	1	249	809	561	1.1899999999999998e-130	460.0
EYB36_RS00010	29	99.523	419	0	2	1	419	485	69	0.0	761.0
EYB36_RS00020	42	100.0	249	0	0	1	249	564	316	1.1899999999999998e-130	460.0
EYB36_RS00030	49	100.0	276	0	0	1	276	47	322	1.2899999999999998e-145	510.0
EYB36_RS00035	19	100.0	186	0	0	1	186	718	903	9.029999999999997e-96	344.0
EYB36_RS00040	19	100.0	174	0	0	1	174	906	1079	3.9299999999999985e-89	322.0
EYB36_RS00045	19	100.0	591	0	0	1	591	1103	1693	0.0	1092.0
EYB36_RS00050	19	100.0	780	0	0	1	780	1798	2577	0.0	1441.0
EYB36_RS00055	19	100.0	1344	0	0	1	1344	2577	3920	0.0	2483.0
EYB36_RS00060	19	100.0	612	0	0	1	612	4611	5222	0.0	1131.0
EYB36_RS00065	19	100.0	411	0	0	1	411	5550	5960	0.0	760.0
EYB36_RS00070	19	100.0	339	0	0	1	339	6046	6384	1.5299999999999994e-180	627.0
EYB36_RS00075	19	100.0	660	0	0	1	660	6599	7258	0.0	1219.0
EYB36_RS00080	19	100.0	183	0	0	1	183	7308	7490	4.129999999999999e-94	339.0
EYB36_RS00085	19	100.0	693	0	0	1	693	8393	7701	0.0	1280.0
EYB36_RS00090	19	99.37700000000001	1767	11	0	1	1767	8546	10312	0.0	3203.0
EYB36_RS00095	19	98.738	634	7	1	3	636	10501	11133	0.0	1125.0
EYB36_RS00100	19	100.0	468	0	0	1	468	11120	11587	0.0	865.0
EYB36_RS00105	19	100.0	528	0	0	1	528	11590	12117	0.0	976.0
EYB36_RS00110	19	100.0	2181	0	0	1	2181	12160	14340	0.0	4028.0
EYB36_RS00115	19	99.816	543	1	0	1	543	14448	14990	0.0	998.0
EYB36_RS00140	19	100.0	414	0	0	1	414	22370	22783	0.0	765.0
EYB36_RS00145	19	100.0	2502	0	0	1	2502	23153	25654	0.0	4621.0
EYB36_RS00150	19	100.0	345	0	0	1	345	25688	26032	0.0	638.0
EYB36_RS00155	19	100.0	270	0	0	1	270	26022	26291	2.7299999999999993e-142	499.0
EYB36_RS00160	19	100.0	1932	0	0	1	1932	28455	26524	0.0	3568.0
EYB36_RS00165	19	100.0	1440	0	0	1	1440	28646	30085	0.0	2660.0
EYB36_RS00170	19	99.896	963	1	0	1	963	30087	31049	0.0	1773.0
EYB36_RS00175	19	100.0	363	0	0	1	363	31476	31114	0.0	671.0
EYB36_RS00180	19	100.0	264	0	0	1	264	31733	31470	5.7999999999999975e-139	488.0
EYB36_RS00205	45	99.41799999999999	687	4	0	1	687	741	55	0.0	1247.0
EYB36_RS00280	45	99.41799999999999	687	4	0	1	687	741	55	0.0	1247.0
EYB36_RS00285	19	100.0	597	0	0	1	597	31934	32530	0.0	1103.0
EYB36_RS00290	19	100.0	288	0	0	1	288	32547	32834	2.889999999999999e-152	532.0
EYB36_RS00295	19	100.0	225	0	0	1	225	32828	33052	2.3299999999999994e-117	416.0
EYB36_RS00300	19	100.0	201	0	0	1	201	33121	33321	4.519999999999998e-104	372.0
EYB36_RS00305	19	100.0	303	0	0	1	303	33342	33644	1.3999999999999996e-160	560.0
EYB36_RS00310	19	100.0	2919	0	0	1	2919	36927	34009	0.0	5391.0
EYB36_RS00315	19	100.0	555	0	0	1	555	37485	36931	0.0	1026.0
EYB36_RS00320	19	100.0	132	0	0	1	132	37835	37704	6.359999999999999e-66	244.0
EYB36_RS00325	19	100.0	738	0	0	1	738	38577	37840	0.0	1363.0
EYB36_RS00330	19	100.0	84	0	0	1	84	38785	38702	1.78e-39	156.0
EYB36_RS00335	19	100.0	112	0	0	1	112	38917	38806	6.93e-55	207.0
EYB36_RS00340	19	100.0	1329	0	0	1	1329	39344	40672	0.0	2455.0
EYB36_RS00345	19	100.0	351	0	0	1	351	40669	41019	0.0	649.0
EYB36_RS00350	19	100.0	111	0	0	1	111	41270	41380	2.46e-54	206.0
EYB36_RS00355	19	100.0	297	0	0	1	297	41619	41915	2.9599999999999994e-157	549.0
EYB36_RS00360	19	100.0	276	0	0	1	276	42328	42053	1.2899999999999998e-145	510.0
EYB36_RS00365	19	100.0	930	0	0	1	930	43235	42306	0.0	1718.0
EYB36_RS00370	19	100.0	1002	0	0	1	1002	43482	44483	0.0	1851.0
EYB36_RS00375	19	100.0	1609	0	0	1	1609	44642	46250	0.0	2972.0
EYB36_RS00380	40	100.0	1173	0	0	1	1173	102	1274	0.0	2167.0
EYB36_RS00385	34	100.0	393	0	0	1	393	7	399	0.0	726.0
EYB36_RS00390	34	100.0	1440	0	0	1	1440	400	1839	0.0	2660.0
EYB36_RS00395	40	100.0	1173	0	0	1	1173	102	1274	0.0	2167.0
EYB36_RS00400	29	98.99	1188	12	0	1	1188	7447	6260	0.0	2128.0
EYB36_RS00405	29	98.052	2259	44	0	1	2259	6273	4015	0.0	3928.0
EYB36_RS00410	29	100.0	171	0	0	1	171	3843	4013	1.7899999999999995e-87	316.0
EYB36_RS00415	29	100.0	729	0	0	1	729	3435	2707	0.0	1347.0
EYB36_RS00420	29	100.0	489	0	0	1	489	2701	2213	0.0	904.0
EYB36_RS00425	29	100.0	267	0	0	1	267	1621	1355	1.2599999999999997e-140	494.0
EYB36_RS00430	29	100.0	501	0	0	1	501	1322	822	0.0	926.0
EYB36_RS00435	19	99.65799999999999	2926	1	7	1	2924	36927	34009	0.0	5339.0
EYB36_RS00440	19	100.0	555	0	0	1	555	37485	36931	0.0	1026.0
EYB36_RS00445	19	100.0	132	0	0	1	132	37835	37704	6.359999999999999e-66	244.0
EYB36_RS00450	19	100.0	738	0	0	1	738	38577	37840	0.0	1363.0
EYB36_RS00455	19	98.81	84	1	0	1	84	38785	38702	8.27e-38	150.0
EYB36_RS00460	19	99.13799999999999	116	0	1	1	115	38917	38802	7.15e-55	207.0
EYB36_RS00530	45	99.41799999999999	687	4	0	1	687	741	55	0.0	1247.0
EYB36_RS00660	19	100.0	822	0	0	1	822	24833	25654	0.0	1519.0
EYB36_RS00665	19	100.0	345	0	0	1	345	25688	26032	0.0	638.0
EYB36_RS00670	19	100.0	270	0	0	1	270	26022	26291	2.7299999999999993e-142	499.0
EYB36_RS00675	19	100.0	1932	0	0	1	1932	28455	26524	0.0	3568.0
EYB36_RS00680	19	99.931	1440	1	0	1	1440	28646	30085	0.0	2654.0
EYB36_RS00685	19	99.896	963	1	0	1	963	30087	31049	0.0	1773.0
EYB36_RS00690	19	100.0	363	0	0	1	363	31476	31114	0.0	671.0
EYB36_RS00695	19	100.0	264	0	0	1	264	31733	31470	5.7999999999999975e-139	488.0
EYB36_RS00775	29	97.469	2252	54	3	1	2252	6273	4025	0.0	3840.0
EYB36_RS00790	16	99.479	2493	13	0	1	2493	56892	59384	0.0	4532.0
EYB36_RS00795	16	99.78200000000001	459	1	0	1	459	56329	56787	0.0	843.0
EYB36_RS00800	16	99.79299999999999	483	1	0	1	483	55752	56234	0.0	887.0
EYB36_RS00805	16	100.0	393	0	0	1	393	55328	55720	0.0	726.0
EYB36_RS00810	16	99.63799999999999	276	1	0	1	276	55056	55331	6.009999999999998e-144	505.0
EYB36_RS00815	16	98.84100000000001	1035	12	0	1	1035	54032	55066	0.0	1845.0
EYB36_RS00820	16	99.68299999999999	315	1	0	1	315	53725	54039	1.4499999999999993e-165	577.0
EYB36_RS00825	16	99.729	369	1	0	1	369	53357	53725	0.0	676.0
EYB36_RS00830	16	98.05799999999999	618	12	0	1	618	52708	53325	0.0	1075.0
EYB36_RS00835	16	99.286	140	1	0	8	147	52566	52705	1.1999999999999998e-68	254.0
EYB36_RS00845	16	99.736	1135	3	0	1	1135	51434	52568	0.0	2080.0
EYB36_RS00855	16	98.066	879	17	0	1	879	49650	50528	0.0	1530.0
EYB36_RS00860	16	99.617	261	1	0	1	261	49379	49639	1.2399999999999997e-135	477.0
EYB36_RS00865	16	98.70100000000001	385	5	0	1	385	48847	49231	0.0	684.0
EYB36_RS00870	16	98.319	357	3	1	1	354	48469	48825	2.0799999999999996e-179	623.0
EYB36_RS00875	16	95.12899999999999	3921	183	7	2	3918	44491	48407	0.0	6176.0
EYB36_RS00940	19	96.61	295	9	1	1	295	41619	41912	6.559999999999998e-139	488.0
BZG32_RS16190	16	100.0	393	0	0	1	393	55328	55720	0.0	726.0
BZG32_RS16195	16	99.63799999999999	276	1	0	1	276	55056	55331	6.009999999999998e-144	505.0
BZG32_RS16200	16	98.647	1035	14	0	1	1035	54032	55066	0.0	1834.0
BZG32_RS16205	16	99.04799999999999	315	3	0	1	315	53725	54039	3.1399999999999984e-162	566.0
BZG32_RS16210	16	99.18700000000001	369	3	0	1	369	53357	53725	0.0	665.0
BZG32_RS16215	16	98.867	618	7	0	1	618	52708	53325	0.0	1103.0
BZG32_RS16220	16	99.52799999999999	1272	6	0	1	1272	51434	52705	0.0	2316.0
BZG32_RS16225	16	98.955	861	9	0	1	861	50548	51408	0.0	1541.0
BZG32_RS16230	16	97.95200000000001	879	18	0	1	879	49650	50528	0.0	1524.0
BZG32_RS16235	16	99.617	261	1	0	1	261	49379	49639	1.2399999999999997e-135	477.0
BZG32_RS16240	16	100.0	385	0	0	1	385	48847	49231	0.0	712.0
BZG32_RS16245	16	98.319	357	3	1	1	354	48469	48825	2.0799999999999996e-179	623.0
BZG32_RS16275	45	99.41799999999999	687	4	0	1	687	741	55	0.0	1247.0
BZG32_RS16345	19	98.198	111	2	0	1	111	41270	41380	5.3299999999999995e-51	195.0
BZG32_RS16355	19	98.575	351	5	0	1	351	40669	41019	7.409999999999996e-179	621.0
BZG32_RS16360	19	98.57	1329	19	0	1	1329	39344	40672	0.0	2350.0
BZG32_RS16365	19	97.03	303	9	0	1	303	33342	33644	1.4299999999999999e-145	510.0
BZG32_RS16370	19	97.166	247	7	0	3	249	33084	33330	7.239999999999998e-118	418.0
BZG32_RS16375	19	96.444	225	8	0	1	225	32828	33052	5.119999999999999e-104	372.0
BZG32_RS16390	19	100.0	264	0	0	1	264	31733	31470	5.7999999999999975e-139	488.0
BZG32_RS16395	19	100.0	363	0	0	1	363	31476	31114	0.0	671.0
BZG32_RS16400	19	99.896	963	1	0	1	963	30087	31049	0.0	1773.0
BZG32_RS16405	19	100.0	1440	0	0	1	1440	28646	30085	0.0	2660.0
BZG32_RS16410	19	99.948	1932	1	0	1	1932	28455	26524	0.0	3563.0
BZG32_RS16415	19	99.63	270	1	0	1	270	26022	26291	1.2699999999999997e-140	494.0
BZG32_RS16420	19	100.0	345	0	0	1	345	25688	26032	0.0	638.0
BZG32_RS16430	45	99.41799999999999	687	4	0	1	687	741	55	0.0	1247.0
BZG32_RS16440	40	100.0	1173	0	0	1	1173	102	1274	0.0	2167.0
BZG32_RS16450	34	100.0	1440	0	0	1	1440	400	1839	0.0	2660.0
BZG32_RS16455	34	100.0	393	0	0	1	393	7	399	0.0	726.0
BZG32_RS16465	40	100.0	906	0	0	1	906	369	1274	0.0	1674.0
BZG32_RS16470	45	99.41799999999999	687	4	0	1	687	741	55	0.0	1247.0
BZG32_RS16485	45	99.41799999999999	687	4	0	1	687	741	55	0.0	1247.0
BZG32_RS16515	45	99.41799999999999	687	4	0	1	687	741	55	0.0	1247.0
BZG32_RS16615	16	99.398	2493	15	0	1	2493	56892	59384	0.0	4521.0
BZG32_RS16620	16	99.346	459	3	0	1	459	56329	56787	0.0	832.0
BZG32_RS16660	16	100.0	580	0	0	30	609	52746	53325	0.0	1072.0
BZG32_RS16665	16	99.729	369	1	0	1	369	53357	53725	0.0	676.0
BZG32_RS16670	16	99.68299999999999	315	1	0	1	315	53725	54039	1.4499999999999993e-165	577.0
BZG32_RS16675	16	99.227	1035	8	0	1	1035	54032	55066	0.0	1868.0
BZG32_RS16680	16	99.63799999999999	276	1	0	1	276	55056	55331	6.009999999999998e-144	505.0
BZG32_RS16685	16	100.0	393	0	0	1	393	55328	55720	0.0	726.0
BZG32_RS16690	16	99.79299999999999	483	1	0	1	483	55752	56234	0.0	887.0
BZG32_RS16695	16	99.564	459	2	0	1	459	56329	56787	0.0	837.0
BZG32_RS16700	16	99.51899999999999	2493	12	0	1	2493	56892	59384	0.0	4538.0
BZG32_RS16705	16	99.42	345	2	0	1	345	59395	59739	1.5599999999999995e-180	627.0
BZG32_RS16715	29	97.469	2252	54	3	1	2252	6273	4025	0.0	3840.0
BZG32_RS16725	29	98.978	489	5	0	1	489	2701	2213	0.0	876.0
BZG32_RS16735	29	99.251	267	2	0	1	267	1621	1355	2.7299999999999995e-137	483.0
BZG32_RS16740	29	97.963	491	10	0	1	491	1322	832	0.0	852.0
BZG32_RS16745	29	99.76	417	1	0	1	417	485	69	0.0	765.0
BZG32_RS16760	49	98.551	276	4	0	1	276	47	322	6.0599999999999986e-139	488.0
BZG32_RS16770	19	97.84899999999999	186	4	0	1	186	718	903	4.229999999999999e-89	322.0
BZG32_RS16795	19	96.15899999999999	729	28	0	1	729	4611	5339	0.0	1192.0
BZG32_RS16805	19	97.64	339	8	0	1	339	6046	6384	3.3699999999999986e-167	582.0
BZG32_RS16810	19	96.515	660	23	0	1	660	6599	7258	0.0	1092.0
BZG32_RS16875	45	99.412	680	4	0	2	681	734	55	0.0	1234.0
BZG32_RS16935	19	98.81	84	1	0	1	84	38785	38702	8.27e-38	150.0
BZG32_RS16940	19	99.86399999999999	738	1	0	1	738	38577	37840	0.0	1358.0
BZG32_RS17430	19	96.97	132	4	0	1	132	37835	37704	2.9800000000000004e-59	222.0
BZG32_RS17010	45	99.272	687	5	0	1	687	741	55	0.0	1242.0
BZG32_RS17040	19	96.61	295	9	1	1	295	41619	41912	6.559999999999998e-139	488.0
BMT03_RS13330	45	98.10799999999999	687	7	1	1	681	741	55	0.0	1192.0
BMT03_RS13375	45	99.195	497	4	0	1	497	741	245	0.0	896.0
BMT03_RS13400	45	98.925	93	1	0	3	95	147	55	9.609999999999998e-43	167.0
BMT03_RS13405	45	98.77	244	3	0	1	244	393	150	7.029999999999998e-123	435.0
BMT03_RS13660	30	96.679	271	9	0	3	273	2671	2941	7.849999999999997e-128	451.0
CG806_RS00035	21	95.417	1920	88	0	1	1920	25230	27149	0.0	3059.0
CG806_RS00040	21	100.0	87	0	0	1	87	25128	25214	4e-41	161.0
CG806_RS00050	21	99.46600000000001	936	2	1	1	933	23918	24853	0.0	1698.0
CG806_RS00055	21	99.501	1002	5	0	1	1002	22920	23921	0.0	1823.0
CG806_RS00140	29	100.0	435	0	0	1	435	4449	4015	0.0	804.0
CG806_RS00145	29	98.83	171	2	0	1	171	3843	4013	3.8799999999999994e-84	305.0
CG806_RS00150	29	100.0	729	0	0	1	729	3435	2707	0.0	1347.0
CG806_RS00245	19	100.0	264	0	0	1	264	31733	31470	5.7999999999999975e-139	488.0
CG806_RS00250	19	100.0	363	0	0	1	363	31476	31114	0.0	671.0
CG806_RS00255	19	99.896	963	1	0	1	963	30087	31049	0.0	1773.0
CG806_RS00260	19	100.0	1440	0	0	1	1440	28646	30085	0.0	2660.0
CG806_RS00265	19	100.0	1932	0	0	1	1932	28455	26524	0.0	3568.0
CG806_RS00270	19	99.63	270	1	0	1	270	26022	26291	1.2699999999999997e-140	494.0
CG806_RS00275	19	100.0	345	0	0	1	345	25688	26032	0.0	638.0
CG806_RS00280	19	99.96	2502	1	0	1	2502	23153	25654	0.0	4615.0
CG806_RS00285	19	100.0	414	0	0	1	414	22370	22783	0.0	765.0
CG806_RS00415	19	98.38600000000001	1301	21	0	1	1301	2577	3877	0.0	2287.0
CG806_RS00425	19	98.90700000000001	549	6	0	1	549	1103	1651	0.0	981.0
CG806_RS00430	19	98.851	174	2	0	1	174	906	1079	8.499999999999998e-86	311.0
CG806_RS00625	16	95.99600000000001	3921	146	9	2	3915	44491	48407	0.0	6360.0
CG806_RS00630	16	96.07799999999999	357	14	0	1	357	48469	48825	3.559999999999999e-167	582.0
CG806_RS00785	19	98.81	84	1	0	1	84	38785	38702	8.27e-38	150.0
CG806_RS00790	19	99.59299999999999	738	3	0	1	738	38577	37840	0.0	1347.0
CG806_RS00795	19	98.485	132	2	0	1	132	37835	37704	1.3799999999999998e-62	233.0
CG806_RS00830	19	100.0	111	0	0	1	111	41270	41380	2.46e-54	206.0
CG806_RS00835	19	99.315	292	2	0	1	292	41619	41910	3.8599999999999984e-151	529.0
CG806_RS00865	45	98.98100000000001	687	7	0	1	687	741	55	0.0	1230.0
F1M88_RS14080	45	99.56299999999999	687	3	0	1	687	741	55	0.0	1253.0
C7I31_RS13830	19	97.619	84	2	0	1	84	38785	38702	3.85e-36	145.0
C7I31_RS13835	19	99.729	738	2	0	1	738	38577	37840	0.0	1352.0
C7I31_RS13845	19	100.0	555	0	0	1	555	37485	36931	0.0	1026.0
C7I31_RS13850	19	100.0	2919	0	0	1	2919	36927	34009	0.0	5391.0
C7I31_RS14045	19	97.619	84	2	0	1	84	38785	38702	3.85e-36	145.0
C7I31_RS14050	19	99.729	738	2	0	1	738	38577	37840	0.0	1352.0
C7I31_RS14060	19	100.0	555	0	0	1	555	37485	36931	0.0	1026.0
C7I31_RS14065	19	100.0	2919	0	0	1	2919	36927	34009	0.0	5391.0
C7I31_RS14080	45	98.971	680	7	0	2	681	734	55	0.0	1218.0
C7I31_RS14090	30	100.0	975	0	0	1	975	114	1088	0.0	1801.0
C7I31_RS14095	30	100.0	195	0	0	1	195	1531	1725	9.449999999999998e-101	361.0
C7I31_RS14100	30	99.206	630	3	1	1	630	2365	1738	0.0	1134.0
C7I31_RS14110	30	100.0	330	0	0	1	330	2612	2941	1.4999999999999994e-175	610.0
C7I31_RS14115	30	99.89399999999999	939	1	0	1	939	3069	4007	0.0	1729.0
C7I31_RS14120	30	100.0	1038	0	0	1	1038	4033	5070	0.0	1917.0
C7I31_RS14125	30	99.22	513	4	0	1	513	5887	5375	0.0	926.0
C7I31_RS14130	2	99.436	1064	6	0	1	1064	46893	47956	0.0	1932.0
C7I31_RS14260	2	99.31200000000001	1163	8	0	1	1163	46893	48055	0.0	2104.0
C7I31_RS14280	2	99.31200000000001	1163	8	0	1	1163	46893	48055	0.0	2104.0
C7I31_RS14305	45	98.676	680	5	1	2	677	734	55	0.0	1203.0
C7I31_RS14310	2	98.12200000000001	213	4	0	1	213	62954	63166	4.8199999999999987e-104	372.0
C7I32_RS15265	16	99.744	390	1	0	1	390	55331	55720	0.0	715.0
C7I32_RS15270	16	99.275	276	2	0	1	276	55056	55331	2.7999999999999993e-142	499.0
C7I32_RS15275	16	98.744	1035	13	0	1	1035	54032	55066	0.0	1840.0
C7I32_RS15280	16	99.365	315	2	0	1	315	53725	54039	6.739999999999998e-164	571.0
C7I32_RS15285	16	98.561	417	6	0	1	417	53309	53725	0.0	737.0
C7I32_RS15290	16	99.191	618	5	0	1	618	52708	53325	0.0	1114.0
C7I32_RS15295	16	99.286	140	1	0	8	147	52566	52705	1.1999999999999998e-68	254.0
C7I32_RS15310	16	99.559	1135	5	0	1	1135	51434	52568	0.0	2069.0
C7I32_RS15315	16	98.25200000000001	858	6	1	1	849	50551	51408	0.0	1493.0
C7I32_RS15320	16	97.725	879	20	0	1	879	49650	50528	0.0	1513.0
C7I32_RS15325	16	100.0	261	0	0	1	261	49379	49639	2.6599999999999996e-137	483.0
C7I32_RS15330	16	97.40299999999999	385	10	0	1	385	48847	49231	0.0	656.0
C7I32_RS15335	16	97.759	357	8	0	1	357	48469	48825	3.5099999999999993e-177	616.0
C7I32_RS15340	16	95.61200000000001	3851	165	4	70	3918	44559	48407	0.0	6172.0
C7I32_RS15405	19	98.288	292	5	0	1	292	41619	41910	3.8899999999999982e-146	512.0
C7I32_RS15475	33	100.0	192	0	0	1	192	1615	1806	4.319999999999999e-99	355.0
C7I32_RS15480	33	100.0	207	0	0	1	207	1375	1581	2.1599999999999994e-107	383.0
C7I32_RS15490	33	99.50200000000001	201	1	0	1	201	971	771	2.0999999999999992e-102	366.0
C7I32_RS15570	29	100.0	786	0	0	1	786	3492	2707	0.0	1452.0
C7I32_RS15580	29	98.274	2259	39	0	1	2259	6273	4015	0.0	3956.0
C7I32_RS15595	16	98.79700000000001	2493	30	0	1	2493	56892	59384	0.0	4438.0
C7I32_RS15610	29	97.602	2252	51	3	1	2252	6273	4025	0.0	3856.0
C7I32_RS15620	29	98.978	489	5	0	1	489	2701	2213	0.0	876.0
C7I32_RS15625	29	98.876	267	3	0	1	267	1621	1355	1.2699999999999995e-135	477.0
C7I32_RS15630	29	98.37100000000001	491	8	0	1	491	1322	832	0.0	863.0
C7I32_RS15635	29	99.281	417	3	0	1	417	485	69	0.0	754.0
C7I32_RS15650	49	100.0	276	0	0	1	276	47	322	1.2899999999999998e-145	510.0
C7I32_RS15660	19	97.84899999999999	186	4	0	1	186	718	903	4.229999999999999e-89	322.0
C7I32_RS15670	19	96.031	781	29	2	1	780	1798	2577	0.0	1269.0
C7I32_RS15675	19	98.87	1328	15	0	17	1344	2593	3920	0.0	2370.0
C7I32_RS15685	19	96.98200000000001	729	22	0	1	729	4611	5339	0.0	1225.0
C7I32_RS15695	19	97.05	339	10	0	1	339	6046	6384	7.289999999999998e-164	571.0
C7I32_RS15740	19	99.32700000000001	297	2	0	1	297	41619	41915	6.419999999999997e-154	538.0
C7I32_RS15745	19	99.63799999999999	276	1	0	1	276	42328	42053	6.009999999999998e-144	505.0
C7I32_RS15750	19	99.785	930	2	0	1	930	43235	42306	0.0	1707.0
C7I32_RS15755	19	98.902	1002	11	0	1	1002	43482	44483	0.0	1790.0
C7I32_RS15760	19	97.7	1609	37	0	1	1609	44642	46250	0.0	2767.0
C7I32_RS15800	16	96.40100000000001	3918	139	2	2	3918	44491	48407	0.0	6453.0
C7I32_RS15805	16	97.199	357	7	1	1	354	48469	48825	9.739999999999998e-173	601.0
C7I32_RS15815	16	100.0	261	0	0	1	261	49379	49639	2.6599999999999996e-137	483.0
C7I32_RS15820	16	97.95200000000001	879	18	0	1	879	49650	50528	0.0	1524.0
C7I32_RS15825	16	99.76700000000001	858	2	0	1	858	50551	51408	0.0	1574.0
C7I32_RS15830	16	99.471	1135	6	0	1	1135	51434	52568	0.0	2063.0
C7I32_RS15845	16	99.286	140	1	0	8	147	52566	52705	1.1999999999999998e-68	254.0
C7I32_RS15850	16	98.706	618	8	0	1	618	52708	53325	0.0	1098.0
C7I32_RS15855	16	98.801	417	5	0	1	417	53309	53725	0.0	743.0
C7I32_RS15860	16	99.365	315	2	0	1	315	53725	54039	6.739999999999998e-164	571.0
C7I32_RS15865	16	98.551	1035	15	0	1	1035	54032	55066	0.0	1829.0
C7I32_RS15870	16	99.275	276	2	0	1	276	55056	55331	2.7999999999999993e-142	499.0
C7I32_RS15875	16	98.71799999999999	390	5	0	1	390	55331	55720	0.0	693.0
C7I32_RS15900	16	98.476	2493	38	0	1	2493	56892	59384	0.0	4394.0
DOU32_RS14345	45	98.971	680	7	0	2	681	734	55	0.0	1218.0
DOU32_RS14390	45	99.559	680	3	0	2	681	734	55	0.0	1240.0
DOU32_RS14485	19	98.90100000000001	546	6	0	1	546	1103	1648	0.0	976.0
DOU32_RS14490	19	97.396	192	5	0	1	192	888	1079	9.419999999999998e-91	327.0
DOU32_RS14540	45	98.971	680	7	0	2	681	734	55	0.0	1218.0
DOU32_RS14615	19	97.62700000000001	295	6	1	1	295	41619	41912	6.509999999999998e-144	505.0
DOU32_RS14620	19	100.0	111	0	0	1	111	41270	41380	2.46e-54	206.0
DOU32_RS14630	19	100.0	351	0	0	1	351	40669	41019	0.0	649.0
DOU32_RS14635	19	99.85	1329	2	0	1	1329	39344	40672	0.0	2444.0
DOU32_RS14640	19	99.67	303	1	0	1	303	33342	33644	6.509999999999997e-159	555.0
DOU32_RS14645	19	100.0	201	0	0	1	201	33121	33321	4.519999999999998e-104	372.0
DOU32_RS14650	19	100.0	225	0	0	1	225	32828	33052	2.3299999999999994e-117	416.0
DOU32_RS14655	19	100.0	315	0	0	1	315	32520	32834	3.109999999999999e-167	582.0
DOU32_RS14660	19	99.678	621	2	0	1	621	31910	32530	0.0	1136.0
DOU32_RS14700	19	100.0	543	0	0	1	543	14448	14990	0.0	1003.0
DOU32_RS14705	19	99.23	1689	13	0	1	1689	12652	14340	0.0	3048.0
DOU31_RS14415	45	98.971	680	7	0	2	681	734	55	0.0	1218.0
DOU31_RS14450	45	99.559	680	3	0	2	681	734	55	0.0	1240.0
DOU31_RS14495	45	98.824	680	8	0	2	681	734	55	0.0	1212.0
DOU31_RS14540	19	99.17200000000001	1690	13	1	1	1690	12652	14340	0.0	3042.0
DOU31_RS14545	19	100.0	543	0	0	1	543	14448	14990	0.0	1003.0
DOU31_RS14585	19	99.678	621	2	0	1	621	31910	32530	0.0	1136.0
DOU31_RS14590	19	100.0	315	0	0	1	315	32520	32834	3.109999999999999e-167	582.0
DOU31_RS14595	19	100.0	225	0	0	1	225	32828	33052	2.3299999999999994e-117	416.0
DOU31_RS14600	19	100.0	201	0	0	1	201	33121	33321	4.519999999999998e-104	372.0
DOU31_RS14605	19	99.67	303	1	0	1	303	33342	33644	6.509999999999997e-159	555.0
DOU31_RS14610	19	99.85	1329	2	0	1	1329	39344	40672	0.0	2444.0
DOU31_RS14615	19	99.715	351	1	0	1	351	40669	41019	0.0	643.0
DOU31_RS14625	19	100.0	111	0	0	1	111	41270	41380	2.46e-54	206.0
DOU31_RS14630	19	97.62700000000001	295	6	1	1	295	41619	41912	6.509999999999998e-144	505.0
DOU31_RS14765	45	99.265	680	5	0	2	681	734	55	0.0	1229.0
DOU31_RS14905	16	96.359	357	13	0	1	357	48469	48825	7.649999999999998e-169	588.0
DOU31_RS14980	19	95.54799999999999	292	12	1	1	291	41619	41910	3.0999999999999995e-132	466.0
DOU31_RS15095	30	99.227	905	7	0	6	910	6279	5375	0.0	1633.0
DOU31_RS15100	30	99.904	1038	1	0	1	1038	4033	5070	0.0	1912.0
DOU31_RS15105	30	99.681	939	3	0	1	939	3069	4007	0.0	1718.0
DR75_RS00015	29	100.0	786	0	0	1	786	3492	2707	0.0	1452.0
DR75_RS00025	29	98.318	2259	38	0	1	2259	6273	4015	0.0	3962.0
DR75_RS00075	19	99.31299999999999	291	1	1	1	291	41619	41908	4.889999999999999e-150	525.0
DR75_RS15315	19	100.0	111	0	0	1	111	41270	41380	2.46e-54	206.0
DR75_RS00165	43	99.583	960	4	0	1	960	969	10	0.0	1751.0
DR75_RS00190	19	99.705	339	1	0	1	339	6046	6384	7.139999999999998e-179	621.0
DR75_RS00200	19	96.15899999999999	729	28	0	1	729	4611	5339	0.0	1192.0
DR75_RS00220	19	96.23700000000001	186	7	0	1	186	718	903	4.26e-84	305.0
DR75_RS00225	49	99.275	276	2	0	1	276	47	322	2.7999999999999993e-142	499.0
DR75_RS00240	29	98.08200000000001	417	8	0	1	417	485	69	0.0	726.0
DR75_RS00245	29	97.59	249	6	0	1	249	809	561	1.1999999999999996e-120	427.0
DR75_RS00250	29	100.0	501	0	0	1	501	1322	822	0.0	926.0
DR75_RS00255	29	99.625	267	1	0	1	267	1621	1355	5.869999999999999e-139	488.0
DR75_RS00325	19	97.90700000000001	621	13	0	1	621	31910	32530	0.0	1075.0
DR75_RS00335	19	97.333	225	6	0	1	225	32828	33052	2.36e-107	383.0
DR75_RS00340	19	96.667	210	7	0	1	210	33121	33330	2.2199999999999996e-97	350.0
DR75_RS00345	19	96.37	303	11	0	1	303	33342	33644	3.089999999999999e-142	499.0
DR75_RS00350	19	98.42	1329	21	0	1	1329	39344	40672	0.0	2338.0
DR75_RS00355	19	98.575	351	5	0	1	351	40669	41019	7.409999999999996e-179	621.0
DR75_RS00415	16	95.99799999999999	2224	88	1	3	2226	46185	48407	0.0	3613.0
DR75_RS00420	16	96.359	357	13	0	1	357	48469	48825	7.649999999999998e-169	588.0
DR75_RS00540	19	97.389	1302	32	2	1	1301	2577	3877	0.0	2215.0
DR75_RS00550	19	99.45100000000001	546	3	0	1	546	1103	1648	0.0	992.0
DR75_RS00555	19	97.396	192	5	0	1	192	888	1079	9.419999999999998e-91	327.0
DR75_RS00585	33	99.50200000000001	201	1	0	1	201	971	771	2.0999999999999992e-102	366.0
DR75_RS00595	33	100.0	207	0	0	1	207	1375	1581	2.1599999999999994e-107	383.0
DR75_RS00600	33	100.0	192	0	0	1	192	1615	1806	4.319999999999999e-99	355.0
EF_RS15820	16	95.28200000000001	3921	177	8	2	3918	44491	48407	0.0	6209.0
EF_RS15825	16	97.199	357	10	0	1	357	48469	48825	7.589999999999997e-174	604.0
EF_RS15935	19	99.45100000000001	546	3	0	1	546	1103	1648	0.0	992.0
EF_RS15940	19	97.396	192	5	0	1	192	888	1079	9.419999999999998e-91	327.0
EF_RS16005	40	100.0	1173	0	0	1	1173	102	1274	0.0	2167.0
EF_RS16060	19	96.61	295	9	1	1	295	41619	41912	6.559999999999998e-139	488.0
EF_RS16075	19	95.325	1262	59	0	1	1262	44642	45903	0.0	2004.0
EF_RS16080	45	99.412	680	4	0	2	681	734	55	0.0	1234.0
EF_RS16090	40	100.0	1173	0	0	1	1173	102	1274	0.0	2167.0
EF_RS16105	45	99.559	680	3	0	2	681	734	55	0.0	1240.0
EF_RS16190	45	99.559	680	3	0	2	681	734	55	0.0	1240.0
EF_RS16195	19	100.0	738	0	0	1	738	38577	37840	0.0	1363.0
EF_RS16205	45	99.559	680	3	0	2	681	734	55	0.0	1240.0
EF_RS16220	45	99.559	680	3	0	2	681	734	55	0.0	1240.0
EF_RS16295	16	99.43799999999999	2493	14	0	1	2493	56892	59384	0.0	4527.0
EF_RS16300	16	99.346	459	3	0	1	459	56329	56787	0.0	832.0
EF_RS16305	16	100.0	390	0	0	1	390	55331	55720	0.0	721.0
EF_RS16310	16	99.63799999999999	276	1	0	1	276	55056	55331	6.009999999999998e-144	505.0
EF_RS16315	16	98.647	1035	14	0	1	1035	54032	55066	0.0	1834.0
EF_RS16320	16	99.04799999999999	315	3	0	1	315	53725	54039	3.1399999999999984e-162	566.0
EF_RS16325	16	98.801	417	5	0	1	417	53309	53725	0.0	743.0
EF_RS16330	16	98.867	618	7	0	1	618	52708	53325	0.0	1103.0
EF_RS16335	16	98.978	1272	13	0	1	1272	51434	52705	0.0	2278.0
EF_RS16340	16	98.95100000000001	858	9	0	1	858	50551	51408	0.0	1535.0
EF_RS16345	16	97.95200000000001	879	18	0	1	879	49650	50528	0.0	1524.0
EF_RS16350	16	99.617	261	1	0	1	261	49379	49639	1.2399999999999997e-135	477.0
EF_RS16355	16	100.0	385	0	0	1	385	48847	49231	0.0	712.0
EF_RS16360	16	98.319	357	3	1	1	354	48469	48825	2.0799999999999996e-179	623.0
EF_RS16390	45	99.559	680	3	0	2	681	734	55	0.0	1240.0
EF_RS16405	40	100.0	1173	0	0	1	1173	102	1274	0.0	2167.0
EF_RS16410	34	100.0	393	0	0	1	393	7	399	0.0	726.0
EF_RS16415	34	100.0	1440	0	0	1	1440	400	1839	0.0	2660.0
EF_RS16420	40	100.0	1173	0	0	1	1173	102	1274	0.0	2167.0
EF_RS16425	45	99.559	680	3	0	2	681	734	55	0.0	1240.0
EF_RS16430	19	100.0	267	0	0	1	267	25766	26032	1.2599999999999997e-140	494.0
EF_RS16435	19	99.63	270	1	0	1	270	26022	26291	1.2699999999999997e-140	494.0
EF_RS16440	19	99.948	1932	1	0	1	1932	28455	26524	0.0	3563.0
EF_RS16445	19	100.0	1440	0	0	1	1440	28646	30085	0.0	2660.0
EF_RS16450	19	99.896	963	1	0	1	963	30087	31049	0.0	1773.0
EF_RS16455	19	100.0	363	0	0	1	363	31476	31114	0.0	671.0
EF_RS16460	19	100.0	264	0	0	1	264	31733	31470	5.7999999999999975e-139	488.0
EF_RS16475	19	96.444	225	8	0	1	225	32828	33052	5.119999999999999e-104	372.0
EF_RS16480	19	97.619	210	5	0	1	210	33121	33330	1.0299999999999997e-100	361.0
EF_RS16485	19	97.03	303	9	0	1	303	33342	33644	1.4299999999999999e-145	510.0
EF_RS16490	19	98.57	1329	19	0	1	1329	39344	40672	0.0	2350.0
EF_RS16495	19	98.575	351	5	0	1	351	40669	41019	7.409999999999996e-179	621.0
EF_RS16500	19	98.198	111	2	0	1	111	41270	41380	5.3299999999999995e-51	195.0
EL279_RS14680	19	100.0	111	0	0	1	111	41270	41380	2.46e-54	206.0
EL279_RS14740	16	95.789	3918	163	2	2	3918	44491	48407	0.0	6320.0
EL279_RS14745	16	97.479	357	9	0	1	357	48469	48825	1.6299999999999997e-175	610.0
EL279_RS14750	16	98.44200000000001	385	6	0	1	385	48847	49231	0.0	678.0
EL279_RS14755	16	100.0	261	0	0	1	261	49379	49639	2.6599999999999996e-137	483.0
EL279_RS14760	16	98.40700000000001	879	14	0	1	879	49650	50528	0.0	1546.0
EL279_RS14765	16	97.086	858	7	1	1	840	50551	51408	0.0	1430.0
EL279_RS14770	16	99.45	1272	7	0	1	1272	51434	52705	0.0	2311.0
EL279_RS14775	16	99.353	618	4	0	1	618	52708	53325	0.0	1120.0
EL279_RS14780	16	99.76	417	1	0	1	417	53309	53725	0.0	765.0
EL279_RS14790	16	99.667	300	1	0	1	300	53740	54039	2.999999999999999e-157	549.0
EL279_RS14795	16	99.324	1035	7	0	1	1035	54032	55066	0.0	1873.0
EL279_RS14800	16	99.63799999999999	276	1	0	1	276	55056	55331	6.009999999999998e-144	505.0
EL279_RS14805	16	100.0	390	0	0	1	390	55331	55720	0.0	721.0
EL279_RS14810	16	99.79299999999999	483	1	0	1	483	55752	56234	0.0	887.0
EL279_RS14815	16	99.78200000000001	459	1	0	1	459	56329	56787	0.0	843.0
EL279_RS14820	16	99.35799999999999	2493	16	0	1	2493	56892	59384	0.0	4516.0
EL279_RS14835	29	97.654	2259	53	0	1	2259	6273	4015	0.0	3879.0
EL279_RS14845	29	100.0	786	0	0	1	786	3492	2707	0.0	1452.0
EL279_RS14850	29	95.91	489	20	0	1	489	2701	2213	0.0	793.0
EL279_RS14895	45	99.559	680	3	0	2	681	734	55	0.0	1240.0
EL279_RS14945	19	100.0	84	0	0	1	84	38917	38834	1.78e-39	156.0
EL279_RS14950	19	98.81	84	1	0	1	84	38785	38702	8.27e-38	150.0
EL279_RS14955	19	99.458	738	4	0	1	738	38577	37840	0.0	1341.0
EL279_RS14965	19	100.0	84	0	0	1	84	38917	38834	1.78e-39	156.0
EL279_RS14970	45	99.412	680	4	0	2	681	734	55	0.0	1234.0
EL279_RS15040	45	99.265	680	5	0	2	681	734	55	0.0	1229.0
EL279_RS15055	38	99.83	1179	2	0	1	1179	108	1286	0.0	2167.0
EL279_RS15075	19	100.0	84	0	0	1	84	38917	38834	1.78e-39	156.0
EL279_RS15080	19	98.81	84	1	0	1	84	38785	38702	8.27e-38	150.0
EL279_RS15085	19	99.59299999999999	738	3	0	1	738	38577	37840	0.0	1347.0
EL279_RS15175	34	98.50200000000001	534	0	1	1	526	400	933	0.0	935.0
EL279_RS15180	34	100.0	876	0	0	1	876	964	1839	0.0	1618.0
EL279_RS15185	38	99.83	1179	2	0	1	1179	108	1286	0.0	2167.0
EL279_RS15505	30	99.787	939	2	0	1	939	3069	4007	0.0	1724.0
EL279_RS15510	30	99.904	1038	1	0	1	1038	4033	5070	0.0	1912.0
EL279_RS15530	19	100.0	414	0	0	1	414	22370	22783	0.0	765.0
EL279_RS15535	19	100.0	2502	0	0	1	2502	23153	25654	0.0	4621.0
EL279_RS15540	19	100.0	267	0	0	1	267	25766	26032	1.2599999999999997e-140	494.0
EL279_RS15545	19	99.63	270	1	0	1	270	26022	26291	1.2699999999999997e-140	494.0
EL279_RS15550	19	99.896	1932	2	0	1	1932	28455	26524	0.0	3557.0
EL279_RS15555	19	100.0	1440	0	0	1	1440	28646	30085	0.0	2660.0
EL279_RS15560	19	99.896	963	1	0	1	963	30087	31049	0.0	1773.0
EL279_RS15565	19	100.0	363	0	0	1	363	31476	31114	0.0	671.0
EL279_RS15570	19	100.0	264	0	0	1	264	31733	31470	5.7999999999999975e-139	488.0
EL279_RS15695	19	99.59299999999999	738	3	0	1	738	38577	37840	0.0	1347.0
EL279_RS15700	19	97.619	84	2	0	1	84	38785	38702	3.85e-36	145.0
EL279_RS15815	30	96.25	240	9	0	1	240	2702	2941	1.1699999999999996e-110	394.0
EL279_RS15850	21	99.573	936	1	1	1	933	23918	24853	0.0	1703.0
EL279_RS15855	21	98.291	117	2	0	1	117	25098	25214	2.6299999999999996e-54	206.0
EL279_RS15860	21	99.635	1920	7	0	1	1920	25230	27149	0.0	3507.0
EL279_RS15865	21	100.0	168	0	0	1	168	27268	27435	8.169999999999998e-86	311.0
EL279_RS15870	21	100.0	354	0	0	1	354	27848	27495	0.0	654.0
EL279_RS15900	45	98.088	680	13	0	2	681	734	55	0.0	1184.0
EL279_RS15915	45	99.412	680	4	0	2	681	734	55	0.0	1234.0
EL279_RS15960	45	98.088	680	13	0	2	681	734	55	0.0	1184.0
EL279_RS15965	40	100.0	696	0	0	1	696	579	1274	0.0	1286.0
EL279_RS15970	34	99.792	1440	3	0	1	1440	400	1839	0.0	2643.0
EL279_RS15975	34	99.738	382	0	1	13	393	18	399	0.0	699.0
EL279_RS15980	34	100.0	1236	0	0	1	1236	529	1764	0.0	2283.0
EL279_RS15985	45	98.971	680	7	0	2	681	734	55	0.0	1218.0
EL279_RS15990	19	99.86399999999999	738	1	0	1	738	38577	37840	0.0	1358.0
EL240_RS14685	19	100.0	111	0	0	1	111	41270	41380	2.46e-54	206.0
EL240_RS14745	16	95.789	3918	163	2	2	3918	44491	48407	0.0	6320.0
EL240_RS14750	16	97.479	357	9	0	1	357	48469	48825	1.6299999999999997e-175	610.0
EL240_RS14755	16	98.44200000000001	385	6	0	1	385	48847	49231	0.0	678.0
EL240_RS14760	16	100.0	261	0	0	1	261	49379	49639	2.6599999999999996e-137	483.0
EL240_RS14765	16	98.40700000000001	879	14	0	1	879	49650	50528	0.0	1546.0
EL240_RS14770	16	97.086	858	7	1	1	840	50551	51408	0.0	1430.0
EL240_RS14775	16	99.45	1272	7	0	1	1272	51434	52705	0.0	2311.0
EL240_RS14780	16	99.353	618	4	0	1	618	52708	53325	0.0	1120.0
EL240_RS14785	16	99.76	417	1	0	1	417	53309	53725	0.0	765.0
EL240_RS14795	16	99.667	300	1	0	1	300	53740	54039	2.999999999999999e-157	549.0
EL240_RS14800	16	99.324	1035	7	0	1	1035	54032	55066	0.0	1873.0
EL240_RS14805	16	99.63799999999999	276	1	0	1	276	55056	55331	6.009999999999998e-144	505.0
EL240_RS14810	16	100.0	390	0	0	1	390	55331	55720	0.0	721.0
EL240_RS14815	16	99.79299999999999	483	1	0	1	483	55752	56234	0.0	887.0
EL240_RS14820	16	99.78200000000001	459	1	0	1	459	56329	56787	0.0	843.0
EL240_RS14825	16	99.35799999999999	2493	16	0	1	2493	56892	59384	0.0	4516.0
EL240_RS14840	29	97.654	2259	53	0	1	2259	6273	4015	0.0	3879.0
EL240_RS14850	29	100.0	786	0	0	1	786	3492	2707	0.0	1452.0
EL240_RS14855	29	95.91	489	20	0	1	489	2701	2213	0.0	793.0
EL240_RS14900	45	99.559	680	3	0	2	681	734	55	0.0	1240.0
EL240_RS14950	19	100.0	84	0	0	1	84	38917	38834	1.78e-39	156.0
EL240_RS14955	19	98.81	84	1	0	1	84	38785	38702	8.27e-38	150.0
EL240_RS14960	19	99.458	738	4	0	1	738	38577	37840	0.0	1341.0
EL240_RS14970	19	100.0	84	0	0	1	84	38917	38834	1.78e-39	156.0
EL240_RS14975	45	99.412	680	4	0	2	681	734	55	0.0	1234.0
EL240_RS15045	45	99.265	680	5	0	2	681	734	55	0.0	1229.0
EL240_RS15060	38	99.83	1179	2	0	1	1179	108	1286	0.0	2167.0
EL240_RS15080	19	100.0	84	0	0	1	84	38917	38834	1.78e-39	156.0
EL240_RS15085	19	98.81	84	1	0	1	84	38785	38702	8.27e-38	150.0
EL240_RS15090	19	99.59299999999999	738	3	0	1	738	38577	37840	0.0	1347.0
EL240_RS15180	34	98.50200000000001	534	0	1	1	526	400	933	0.0	935.0
EL240_RS15185	34	100.0	876	0	0	1	876	964	1839	0.0	1618.0
EL240_RS15190	38	99.83	1179	2	0	1	1179	108	1286	0.0	2167.0
EL240_RS15510	30	99.787	939	2	0	1	939	3069	4007	0.0	1724.0
EL240_RS15515	30	99.904	1038	1	0	1	1038	4033	5070	0.0	1912.0
EL240_RS15535	19	100.0	414	0	0	1	414	22370	22783	0.0	765.0
EL240_RS15540	19	100.0	2502	0	0	1	2502	23153	25654	0.0	4621.0
EL240_RS15545	19	100.0	267	0	0	1	267	25766	26032	1.2599999999999997e-140	494.0
EL240_RS15550	19	99.63	270	1	0	1	270	26022	26291	1.2699999999999997e-140	494.0
EL240_RS15555	19	99.896	1932	2	0	1	1932	28455	26524	0.0	3557.0
EL240_RS15560	19	100.0	1440	0	0	1	1440	28646	30085	0.0	2660.0
EL240_RS15565	19	99.896	963	1	0	1	963	30087	31049	0.0	1773.0
EL240_RS15570	19	100.0	363	0	0	1	363	31476	31114	0.0	671.0
EL240_RS15575	19	100.0	264	0	0	1	264	31733	31470	5.7999999999999975e-139	488.0
EL240_RS15700	19	99.59299999999999	738	3	0	1	738	38577	37840	0.0	1347.0
EL240_RS15705	19	97.619	84	2	0	1	84	38785	38702	3.85e-36	145.0
EL240_RS15820	30	96.25	240	9	0	1	240	2702	2941	1.1699999999999996e-110	394.0
EL240_RS15855	21	99.573	936	1	1	1	933	23918	24853	0.0	1703.0
EL240_RS15860	21	98.291	117	2	0	1	117	25098	25214	2.6299999999999996e-54	206.0
EL240_RS15865	21	99.635	1920	7	0	1	1920	25230	27149	0.0	3507.0
EL240_RS15870	21	100.0	168	0	0	1	168	27268	27435	8.169999999999998e-86	311.0
EL240_RS15875	21	100.0	354	0	0	1	354	27848	27495	0.0	654.0
EL240_RS15905	45	98.088	680	13	0	2	681	734	55	0.0	1184.0
EL240_RS15920	45	99.412	680	4	0	2	681	734	55	0.0	1234.0
EL240_RS15965	45	98.088	680	13	0	2	681	734	55	0.0	1184.0
EL240_RS15970	40	100.0	696	0	0	1	696	579	1274	0.0	1286.0
EL240_RS15975	34	99.792	1440	3	0	1	1440	400	1839	0.0	2643.0
EL240_RS15980	34	99.738	382	0	1	13	393	18	399	0.0	699.0
EL240_RS15985	34	100.0	1236	0	0	1	1236	529	1764	0.0	2283.0
EL240_RS15990	45	98.971	680	7	0	2	681	734	55	0.0	1218.0
EL240_RS15995	19	99.86399999999999	738	1	0	1	738	38577	37840	0.0	1358.0
FOV01_RS13400	16	99.48700000000001	390	2	0	1	390	55331	55720	0.0	710.0
FOV01_RS13405	16	98.913	276	3	0	1	276	55056	55331	1.2999999999999997e-140	494.0
FOV01_RS13410	16	98.551	1035	15	0	1	1035	54032	55066	0.0	1829.0
FOV01_RS13415	16	99.04799999999999	315	3	0	1	315	53725	54039	3.1399999999999984e-162	566.0
FOV01_RS13420	16	98.21	391	7	0	1	391	53309	53699	0.0	684.0
FOV01_RS13425	16	99.191	618	5	0	1	618	52708	53325	0.0	1114.0
FOV01_RS13430	16	100.0	141	0	0	6	146	52565	52705	7.0999999999999985e-71	261.0
FOV01_RS13435	16	99.3	1143	7	1	1	1142	51434	52576	0.0	2065.0
FOV01_RS13440	16	98.01899999999999	858	8	1	1	849	50551	51408	0.0	1482.0
FOV01_RS13445	16	97.725	879	20	0	1	879	49650	50528	0.0	1513.0
FOV01_RS13450	16	98.851	261	3	0	1	261	49379	49639	2.6799999999999994e-132	466.0
FOV01_RS13460	16	96.639	357	12	0	1	357	48469	48825	1.6399999999999995e-170	593.0
FOV01_RS13465	16	96.12799999999999	3719	142	2	2	3719	44690	48407	0.0	6069.0
FOV01_RS13510	19	98.63	292	4	0	1	292	41619	41910	8.359999999999997e-148	518.0
FOV01_RS13550	29	97.751	489	11	0	1	489	2701	2213	0.0	843.0
FOV01_RS13555	29	98.728	786	10	0	1	786	3492	2707	0.0	1397.0
FOV01_RS13565	29	95.75	2259	96	0	1	2259	6273	4015	0.0	3640.0
FOV01_RS13580	16	98.63600000000001	2493	34	0	1	2493	56892	59384	0.0	4416.0
FOV01_RS13590	40	100.0	372	0	0	4	375	903	1274	0.0	688.0
FOV01_RS13595	45	99.559	680	3	0	2	681	734	55	0.0	1240.0
FOV01_RS13640	2	99.398	1163	7	0	1	1163	46893	48055	0.0	2109.0
FOV01_RS13665	45	99.559	680	3	0	2	681	734	55	0.0	1240.0
FOV01_RS13670	45	99.459	185	1	0	2	186	734	550	1.5099999999999995e-93	337.0
FOV01_RS13675	45	99.038	104	1	0	2	105	734	631	8.340000000000001e-49	187.0
FOV01_RS13720	45	99.559	680	3	0	2	681	734	55	0.0	1240.0
FOV01_RS13745	19	95.709	1002	43	0	1	1002	43482	44483	0.0	1613.0
FOV01_RS13760	19	98.63	292	4	0	1	292	41619	41910	8.359999999999997e-148	518.0
FOV01_RS13765	19	100.0	111	0	0	1	111	41270	41380	2.46e-54	206.0
FOV01_RS13775	19	98.575	351	5	0	1	351	40669	41019	7.409999999999996e-179	621.0
FOV01_RS13780	19	98.721	1329	17	0	1	1329	39344	40672	0.0	2361.0
HTG14_RS00030	45	96.76899999999999	681	21	1	2	682	734	55	0.0	1134.0
HTG14_RS00055	39	100.0	1173	0	0	1	1173	101	1273	0.0	2167.0
HTG14_RS00070	19	99.322	738	5	0	1	738	38577	37840	0.0	1336.0
HTG14_RS00075	19	98.81	84	1	0	1	84	38785	38702	8.27e-38	150.0
HTG14_RS00080	19	100.0	84	0	0	1	84	38917	38834	1.78e-39	156.0
HTG14_RS00095	2	99.484	1163	6	0	1	1163	46893	48055	0.0	2115.0
HTG14_RS00145	19	99.322	738	5	0	1	738	38577	37840	0.0	1336.0
HTG14_RS00150	19	98.81	84	1	0	1	84	38785	38702	8.27e-38	150.0
HTG14_RS00155	19	100.0	84	0	0	1	84	38917	38834	1.78e-39	156.0
HTG14_RS00160	45	98.971	680	7	0	2	681	734	55	0.0	1218.0
HTG14_RS00180	2	99.484	1163	6	0	1	1163	46893	48055	0.0	2115.0
HTG24_RS00030	19	95.21	1002	48	0	1	1002	43482	44483	0.0	1585.0
HTG24_RS00045	19	98.63	292	4	0	1	292	41619	41910	8.359999999999997e-148	518.0
HTG24_RS00050	19	100.0	111	0	0	1	111	41270	41380	2.46e-54	206.0
HTG24_RS00055	19	98.575	351	5	0	1	351	40669	41019	7.409999999999996e-179	621.0
HTG24_RS00060	19	98.646	1329	18	0	1	1329	39344	40672	0.0	2355.0
HTG24_RS00120	20	97.368	684	18	0	1	684	4308	4991	0.0	1164.0
HTG28_RS00030	45	96.76899999999999	681	21	1	2	682	734	55	0.0	1134.0
HTG28_RS00055	39	100.0	1173	0	0	1	1173	101	1273	0.0	2167.0
HTG28_RS00070	19	99.322	738	5	0	1	738	38577	37840	0.0	1336.0
HTG28_RS00075	19	98.81	84	1	0	1	84	38785	38702	8.27e-38	150.0
HTG28_RS00080	19	100.0	84	0	0	1	84	38917	38834	1.78e-39	156.0
HTG28_RS00095	2	99.484	1163	6	0	1	1163	46893	48055	0.0	2115.0
HTG28_RS00145	19	99.322	738	5	0	1	738	38577	37840	0.0	1336.0
HTG28_RS00150	19	98.81	84	1	0	1	84	38785	38702	8.27e-38	150.0
HTG28_RS00155	19	98.81	84	1	0	1	84	38917	38834	8.27e-38	150.0
HTG28_RS00160	45	98.971	680	7	0	2	681	734	55	0.0	1218.0
HTG28_RS00180	2	99.484	1163	6	0	1	1163	46893	48055	0.0	2115.0
HTG27_RS00030	45	96.76899999999999	681	21	1	2	682	734	55	0.0	1134.0
HTG27_RS00055	39	100.0	1173	0	0	1	1173	101	1273	0.0	2167.0
HTG27_RS00070	19	99.322	738	5	0	1	738	38577	37840	0.0	1336.0
HTG27_RS00075	19	98.81	84	1	0	1	84	38785	38702	8.27e-38	150.0
HTG27_RS00080	19	100.0	84	0	0	1	84	38917	38834	1.78e-39	156.0
HTG27_RS00095	2	99.484	1163	6	0	1	1163	46893	48055	0.0	2115.0
HTG27_RS00145	19	99.322	738	5	0	1	738	38577	37840	0.0	1336.0
HTG27_RS00150	19	98.81	84	1	0	1	84	38785	38702	8.27e-38	150.0
HTG27_RS00155	19	98.81	84	1	0	1	84	38917	38834	8.27e-38	150.0
HTG27_RS00160	45	98.971	680	7	0	2	681	734	55	0.0	1218.0
HTG27_RS00180	2	99.484	1163	6	0	1	1163	46893	48055	0.0	2115.0
HTG21_RS00030	45	96.76899999999999	681	21	1	2	682	734	55	0.0	1134.0
HTG21_RS00055	39	100.0	1173	0	0	1	1173	101	1273	0.0	2167.0
HTG21_RS00070	19	99.322	738	5	0	1	738	38577	37840	0.0	1336.0
HTG21_RS00075	19	98.81	84	1	0	1	84	38785	38702	8.27e-38	150.0
HTG21_RS00080	19	100.0	84	0	0	1	84	38917	38834	1.78e-39	156.0
HTG21_RS00095	2	99.484	1163	6	0	1	1163	46893	48055	0.0	2115.0
HTG21_RS00145	19	99.322	738	5	0	1	738	38577	37840	0.0	1336.0
HTG21_RS00150	19	98.81	84	1	0	1	84	38785	38702	8.27e-38	150.0
HTG21_RS00155	45	98.971	680	7	0	2	681	734	55	0.0	1218.0
HTG21_RS00175	2	99.484	1163	6	0	1	1163	46893	48055	0.0	2115.0
HTG44_RS00030	45	96.916	681	20	1	2	682	734	55	0.0	1140.0
HTG44_RS00055	39	100.0	1173	0	0	1	1173	101	1273	0.0	2167.0
HTG44_RS00070	19	99.322	738	5	0	1	738	38577	37840	0.0	1336.0
HTG44_RS00075	19	98.81	84	1	0	1	84	38785	38702	8.27e-38	150.0
HTG44_RS00080	19	100.0	84	0	0	1	84	38917	38834	1.78e-39	156.0
HTG44_RS00095	2	99.484	1163	6	0	1	1163	46893	48055	0.0	2115.0
HTG44_RS00145	19	99.322	738	5	0	1	738	38577	37840	0.0	1336.0
HTG44_RS00150	19	96.471	85	2	1	1	85	38785	38702	1.82e-34	139.0
HTG44_RS00155	19	100.0	84	0	0	1	84	38917	38834	1.78e-39	156.0
HTG44_RS00160	45	98.824	680	8	0	2	681	734	55	0.0	1212.0
HTG44_RS00180	2	99.484	1163	6	0	1	1163	46893	48055	0.0	2115.0
HTK17_RS00020	45	97.941	680	14	0	2	681	734	55	0.0	1179.0
HTK17_RS00030	19	98.81	84	1	0	1	84	38785	38702	8.27e-38	150.0
HTK17_RS00035	19	100.0	84	0	0	1	84	38917	38834	1.78e-39	156.0
HTK17_RS00055	45	97.941	680	14	0	2	681	734	55	0.0	1179.0
HTK17_RS00080	45	99.412	680	4	0	2	681	734	55	0.0	1234.0
HTK17_RS00095	45	99.118	680	6	0	2	681	734	55	0.0	1223.0
HTK17_RS00145	45	98.676	680	9	0	2	681	734	55	0.0	1206.0
HTK17_RS00160	45	98.824	680	8	0	2	681	734	55	0.0	1212.0
HTK17_RS00390	45	99.559	680	3	0	2	681	734	55	0.0	1240.0
HTK17_RS00400	21	99.501	1002	5	0	1	1002	22920	23921	0.0	1823.0
HTK17_RS00405	21	99.46600000000001	936	2	1	1	933	23918	24853	0.0	1698.0
HTK17_RS00410	21	100.0	117	0	0	1	117	25098	25214	1.21e-57	217.0
HTK17_RS00415	21	95.417	1920	88	0	1	1920	25230	27149	0.0	3059.0
HTK17_RS00480	19	100.0	84	0	0	1	84	38917	38834	1.78e-39	156.0
HTK17_RS00485	19	98.81	84	1	0	1	84	38785	38702	8.27e-38	150.0
HTK17_RS00490	19	99.458	738	4	0	1	738	38577	37840	0.0	1341.0
HTL21_RS00025	45	99.559	680	3	0	2	681	734	55	0.0	1240.0
HTL21_RS00060	45	99.559	680	3	0	2	681	734	55	0.0	1240.0
HTL21_RS00085	21	95.365	1920	89	0	1	1920	25230	27149	0.0	3053.0
HTL21_RS00090	21	100.0	117	0	0	1	117	25098	25214	1.21e-57	217.0
HTL21_RS00095	21	99.46600000000001	936	2	1	1	933	23918	24853	0.0	1698.0
HTL21_RS00100	21	99.501	1002	5	0	1	1002	22920	23921	0.0	1823.0
HTL21_RS00110	45	99.559	680	3	0	2	681	734	55	0.0	1240.0
HTL21_RS00140	45	99.412	680	4	0	2	681	734	55	0.0	1234.0
HTL21_RS00205	45	99.559	680	3	0	2	681	734	55	0.0	1240.0
HTL02_RS00005	45	99.559	680	3	0	2	681	734	55	0.0	1240.0
HTL02_RS00035	45	99.412	680	4	0	2	681	734	55	0.0	1234.0
HTL02_RS00100	45	99.559	680	3	0	2	681	734	55	0.0	1240.0
HTL02_RS00135	45	99.559	680	3	0	2	681	734	55	0.0	1240.0
HTL02_RS00160	21	95.365	1920	89	0	1	1920	25230	27149	0.0	3053.0
HTL02_RS00165	21	100.0	117	0	0	1	117	25098	25214	1.21e-57	217.0
HTL02_RS00170	21	99.46600000000001	936	2	1	1	933	23918	24853	0.0	1698.0
HTL02_RS00175	21	99.501	1002	5	0	1	1002	22920	23921	0.0	1823.0
HTM13_RS00010	45	98.10799999999999	687	13	0	1	687	741	55	0.0	1197.0
HTM13_RS00030	19	96.271	295	10	1	1	295	41619	41912	3.049999999999999e-137	483.0
HTM13_RS00085	21	95.365	1920	89	0	1	1920	25230	27149	0.0	3053.0
HTM13_RS00090	21	97.436	117	2	1	1	116	25098	25214	4.349999999999999e-52	198.0
HTM13_RS00095	21	99.46600000000001	936	2	1	1	933	23918	24853	0.0	1698.0
HTM13_RS00100	21	99.501	1002	5	0	1	1002	22920	23921	0.0	1823.0
HTQ42_RS00085	19	98.23200000000001	1301	23	0	1	1301	2577	3877	0.0	2276.0
HTQ42_RS00095	19	98.537	547	8	0	1	547	1103	1649	0.0	966.0
HTQ42_RS00100	19	97.396	192	5	0	1	192	888	1079	9.419999999999998e-91	327.0
HTQ42_RS00145	33	97.67399999999999	301	7	0	9	309	133	433	8.719999999999998e-148	518.0
HTQ42_RS00195	19	97.514	1609	40	0	1	1609	44642	46250	0.0	2750.0
HTQ42_RS00235	16	96.275	3919	142	4	2	3918	44491	48407	0.0	6425.0
HTQ42_RS00240	16	97.163	141	4	0	1	141	48267	48407	3.2e-64	239.0
HTQ42_RS00245	16	96.639	357	12	0	1	357	48469	48825	1.6399999999999995e-170	593.0
HTV08_RS00030	45	99.412	680	4	0	2	681	734	55	0.0	1234.0
HTV08_RS00040	45	99.118	680	6	0	2	681	734	55	0.0	1223.0
HTW12_RS00005	45	99.559	680	3	0	2	681	734	55	0.0	1240.0
HTW12_RS00025	19	100.0	84	0	0	1	84	38917	38834	1.78e-39	156.0
HTW12_RS00030	19	97.619	84	2	0	1	84	38785	38702	3.85e-36	145.0
HTW12_RS00035	19	99.729	738	2	0	1	738	38577	37840	0.0	1352.0
HTW12_RS00040	45	99.559	680	3	0	2	681	734	55	0.0	1240.0
HTW12_RS00135	19	99.59299999999999	738	3	0	1	738	38577	37840	0.0	1347.0
HTW12_RS00140	19	98.81	84	1	0	1	84	38785	38702	8.27e-38	150.0
HTW12_RS00170	34	100.0	1440	0	0	1	1440	400	1839	0.0	2660.0
HTW12_RS00185	19	99.86399999999999	738	1	0	1	738	38577	37840	0.0	1358.0
HTW12_RS00190	19	98.81	84	1	0	1	84	38785	38702	8.27e-38	150.0
HTW12_RS00215	45	99.412	680	3	1	2	680	734	55	0.0	1232.0
HTW12_RS00305	45	99.118	680	6	0	2	681	734	55	0.0	1223.0
HTW12_RS00315	45	99.412	680	4	0	2	681	734	55	0.0	1234.0
HTW12_RS00385	29	95.91	489	20	0	1	489	2701	2213	0.0	793.0
HTW12_RS00390	29	100.0	786	0	0	1	786	3492	2707	0.0	1452.0
HTW12_RS00395	29	97.654	2259	53	0	1	2259	6273	4015	0.0	3879.0
HTW12_RS00410	16	99.35799999999999	2493	16	0	1	2493	56892	59384	0.0	4516.0
HTW12_RS00415	16	99.78200000000001	459	1	0	1	459	56329	56787	0.0	843.0
HTW12_RS00420	16	99.79299999999999	483	1	0	1	483	55752	56234	0.0	887.0
HTW12_RS00425	16	100.0	390	0	0	1	390	55331	55720	0.0	721.0
HTW12_RS00430	16	99.63799999999999	276	1	0	1	276	55056	55331	6.009999999999998e-144	505.0
HTW12_RS00435	16	99.324	1035	7	0	1	1035	54032	55066	0.0	1873.0
HTW12_RS00440	16	99.68299999999999	315	1	0	1	315	53725	54039	1.4499999999999993e-165	577.0
HTW12_RS00445	16	99.76	417	1	0	1	417	53309	53725	0.0	765.0
HTW12_RS00450	16	99.353	618	4	0	1	618	52708	53325	0.0	1120.0
HTW12_RS00455	16	99.45	1272	7	0	1	1272	51434	52705	0.0	2311.0
HTW12_RS00460	16	97.20299999999999	858	6	1	1	840	50551	51408	0.0	1435.0
HTW12_RS00465	16	98.40700000000001	879	14	0	1	879	49650	50528	0.0	1546.0
HTW12_RS00470	16	100.0	261	0	0	1	261	49379	49639	2.6599999999999996e-137	483.0
HTW12_RS00475	16	98.44200000000001	385	6	0	1	385	48847	49231	0.0	678.0
HTW12_RS00480	16	97.479	357	9	0	1	357	48469	48825	1.6299999999999997e-175	610.0
HTW12_RS00485	16	95.789	3918	163	2	2	3918	44491	48407	0.0	6320.0
HTW12_RS00540	19	95.205	292	13	1	1	291	41619	41910	1.4399999999999996e-130	460.0
HTW12_RS00545	19	100.0	111	0	0	1	111	41270	41380	2.46e-54	206.0
HTW12_RS00605	45	99.265	680	5	0	2	681	734	55	0.0	1229.0
HTX01_RS00010	45	99.559	680	3	0	2	681	734	55	0.0	1240.0
HTX01_RS00030	45	99.559	680	3	0	2	681	734	55	0.0	1240.0
HTX01_RS00070	45	99.412	680	4	0	2	681	734	55	0.0	1234.0
HTX01_RS00080	45	99.412	680	4	0	2	681	734	55	0.0	1234.0
HTX01_RS00095	45	99.118	680	6	0	2	681	734	55	0.0	1223.0
HTX01_RS00130	45	99.265	680	2	3	2	678	734	55	0.0	1225.0
HTX01_RS00135	21	100.0	714	0	0	1	714	23208	23921	0.0	1319.0
HTX01_RS00140	21	99.46600000000001	936	2	1	1	933	23918	24853	0.0	1698.0
HTX01_RS00145	21	100.0	117	0	0	1	117	25098	25214	1.21e-57	217.0
HTX01_RS00150	21	95.417	1920	88	0	1	1920	25230	27149	0.0	3059.0
HTX01_RS00175	45	99.412	680	2	2	2	679	734	55	0.0	1232.0
HTX46_RS00035	19	100.0	111	0	0	1	111	41270	41380	2.46e-54	206.0
HTX46_RS00040	19	97.26	292	7	1	1	291	41619	41910	1.4199999999999995e-140	494.0
HTX46_RS00095	16	95.814	3918	162	2	2	3918	44491	48407	0.0	6325.0
HTX46_RS00100	16	97.479	357	9	0	1	357	48469	48825	1.6299999999999997e-175	610.0
HTX46_RS00105	16	98.44200000000001	385	6	0	1	385	48847	49231	0.0	678.0
HTX46_RS00110	16	100.0	261	0	0	1	261	49379	49639	2.6599999999999996e-137	483.0
HTX46_RS00115	16	98.40700000000001	879	14	0	1	879	49650	50528	0.0	1546.0
HTX46_RS00120	16	97.20299999999999	858	6	1	1	840	50551	51408	0.0	1435.0
HTX46_RS00125	16	99.45	1272	7	0	1	1272	51434	52705	0.0	2311.0
HTX46_RS00130	16	99.353	618	4	0	1	618	52708	53325	0.0	1120.0
HTX46_RS00135	16	99.76	417	1	0	1	417	53309	53725	0.0	765.0
HTX46_RS00140	16	99.68299999999999	315	1	0	1	315	53725	54039	1.4499999999999993e-165	577.0
HTX46_RS00145	16	99.324	1035	7	0	1	1035	54032	55066	0.0	1873.0
HTX46_RS00150	16	99.275	276	2	0	1	276	55056	55331	2.7999999999999993e-142	499.0
HTX46_RS00155	16	100.0	390	0	0	1	390	55331	55720	0.0	721.0
HTX46_RS00160	16	99.79299999999999	483	1	0	1	483	55752	56234	0.0	887.0
HTX46_RS00165	16	99.564	459	2	0	1	459	56329	56787	0.0	837.0
HTX46_RS00170	16	99.59899999999999	2493	10	0	1	2493	56892	59384	0.0	4549.0
HTX46_RS00185	29	97.654	2259	53	0	1	2259	6273	4015	0.0	3879.0
HTX46_RS00190	29	100.0	786	0	0	1	786	3492	2707	0.0	1452.0
HTX46_RS00195	29	95.91	489	20	0	1	489	2701	2213	0.0	793.0
HTX46_RS00295	45	99.559	680	3	0	2	681	734	55	0.0	1240.0
A6B47_RS14610	20	97.22200000000001	684	19	0	1	684	4308	4991	0.0	1158.0
A6B47_RS14615	20	96.661	1198	40	0	1	1198	4988	6185	0.0	1991.0
A6B47_RS14630	1	96.42200000000001	1034	25	1	2	1023	136908	135875	0.0	1694.0
A6B47_RS14655	37	96.0	150	6	0	1	150	205	56	7.379999999999999e-66	244.0
A6B47_RS14975	19	97.329	1610	42	1	1	1610	44642	46250	0.0	2734.0
A6B47_RS15005	16	96.275	3919	142	4	2	3918	44491	48407	0.0	6425.0
A6B47_RS15010	16	98.88	357	1	1	1	354	48469	48825	0.0	634.0
A6B47_RS15020	16	100.0	261	0	0	1	261	49379	49639	2.6599999999999996e-137	483.0
A6B47_RS15025	16	98.18	879	16	0	1	879	49650	50528	0.0	1535.0
A6B47_RS15030	16	99.65	858	3	0	1	858	50551	51408	0.0	1568.0
A6B47_RS15035	16	99.45	1272	7	0	1	1272	51434	52705	0.0	2311.0
A6B47_RS15040	16	99.191	618	5	0	1	618	52708	53325	0.0	1114.0
A6B47_RS15045	16	98.321	417	7	0	1	417	53309	53725	0.0	732.0
A6B47_RS15050	16	99.68299999999999	315	1	0	1	315	53725	54039	1.4499999999999993e-165	577.0
A6B47_RS15055	16	99.227	1035	8	0	1	1035	54032	55066	0.0	1868.0
A6B47_RS15060	16	99.63799999999999	276	1	0	1	276	55056	55331	6.009999999999998e-144	505.0
A6B47_RS15065	16	100.0	390	0	0	1	390	55331	55720	0.0	721.0
A6B47_RS15070	16	99.79299999999999	483	1	0	1	483	55752	56234	0.0	887.0
A6B47_RS15075	16	99.78200000000001	459	1	0	1	459	56329	56787	0.0	843.0
A6B47_RS15080	16	99.51899999999999	2493	12	0	1	2493	56892	59384	0.0	4538.0
A6B47_RS15095	29	97.425	2252	55	3	1	2252	6273	4025	0.0	3834.0
A6B47_RS15110	29	98.978	489	5	0	1	489	2701	2213	0.0	876.0
A6B47_RS15115	29	98.50200000000001	267	4	0	1	267	1621	1355	5.909999999999999e-134	472.0
A6B47_RS15120	29	98.167	491	9	0	1	491	1322	832	0.0	857.0
A6B47_RS15125	29	100.0	417	0	0	1	417	485	69	0.0	771.0
A6B47_RS15135	42	99.598	249	1	0	1	249	564	316	5.519999999999999e-129	455.0
A6B47_RS15145	49	99.63799999999999	276	1	0	1	276	47	322	6.009999999999998e-144	505.0
A6B47_RS15155	19	96.774	186	6	0	1	186	718	903	9.159999999999999e-86	311.0
A6B47_RS15180	19	96.022	729	29	0	1	729	4611	5339	0.0	1186.0
A6B47_RS15185	19	99.51299999999999	411	2	0	1	411	5550	5960	0.0	749.0
A6B47_RS15190	19	99.41	339	2	0	1	339	6046	6384	3.319999999999999e-177	616.0
A6B47_RS15240	19	99.03399999999999	621	6	0	1	621	31910	32530	0.0	1114.0
A6B47_RS15250	19	97.333	225	6	0	1	225	32828	33052	2.36e-107	383.0
A6B47_RS15255	19	97.14299999999999	210	6	0	1	210	33121	33330	4.779999999999998e-99	355.0
A6B47_RS15260	19	96.7	303	10	0	1	303	33342	33644	6.649999999999999e-144	505.0
A6B47_RS15265	19	98.49799999999999	1332	17	2	1	1332	39344	40672	0.0	2346.0
A6B47_RS15270	19	98.291	351	6	0	1	351	40669	41019	3.4499999999999984e-177	616.0
A6B47_RS15280	19	100.0	111	0	0	1	111	41270	41380	2.46e-54	206.0
A6B47_RS15285	19	98.305	295	4	1	1	295	41619	41912	3.009999999999999e-147	516.0
DTO64_RS15955	19	98.81	84	1	0	1	84	38785	38702	8.27e-38	150.0
DTO64_RS15960	19	99.86399999999999	738	1	0	1	738	38577	37840	0.0	1358.0
DTO64_RS16045	45	99.412	680	4	0	2	681	734	55	0.0	1234.0
DTO64_RS16190	16	100.0	580	0	0	30	609	52746	53325	0.0	1072.0
DTO64_RS16195	16	99.76	417	1	0	1	417	53309	53725	0.0	765.0
DTO64_RS16200	16	99.04799999999999	315	3	0	1	315	53725	54039	3.1399999999999984e-162	566.0
DTO64_RS16205	16	98.647	1035	14	0	1	1035	54032	55066	0.0	1834.0
DTO64_RS16210	16	99.63799999999999	276	1	0	1	276	55056	55331	6.009999999999998e-144	505.0
DTO64_RS16215	16	100.0	390	0	0	1	390	55331	55720	0.0	721.0
DTO64_RS16220	16	99.79299999999999	483	1	0	1	483	55752	56234	0.0	887.0
DTO64_RS16225	16	99.564	459	2	0	1	459	56329	56787	0.0	837.0
DTO64_RS16230	16	99.51899999999999	2493	12	0	1	2493	56892	59384	0.0	4538.0
DTO64_RS16235	16	99.499	399	2	0	1	399	59341	59739	0.0	726.0
DTO64_RS16245	16	99.37100000000001	318	2	0	1	318	59422	59739	1.4599999999999993e-165	577.0
DTO64_RS16255	29	97.469	2252	54	3	1	2252	6273	4025	0.0	3840.0
DTO64_RS16265	29	98.978	489	5	0	1	489	2701	2213	0.0	876.0
DTO64_RS16275	29	99.251	267	2	0	1	267	1621	1355	2.7299999999999995e-137	483.0
DTO64_RS16280	29	97.963	491	10	0	1	491	1322	832	0.0	852.0
DTO64_RS16285	29	99.76	417	1	0	1	417	485	69	0.0	765.0
DTO64_RS16300	49	98.551	276	4	0	1	276	47	322	6.0599999999999986e-139	488.0
DTO64_RS16310	19	97.84899999999999	186	4	0	1	186	718	903	4.229999999999999e-89	322.0
DTO64_RS16335	19	96.15899999999999	729	28	0	1	729	4611	5339	0.0	1192.0
DTO64_RS16345	19	97.64	339	8	0	1	339	6046	6384	3.3699999999999986e-167	582.0
DTO64_RS16350	19	96.515	660	23	0	1	660	6599	7258	0.0	1092.0
DTO64_RS16415	45	99.412	680	4	0	2	681	734	55	0.0	1234.0
DTO64_RS16475	19	99.63	270	1	0	1	270	26022	26291	1.2699999999999997e-140	494.0
DTO64_RS16480	19	99.948	1932	1	0	1	1932	28455	26524	0.0	3563.0
DTO64_RS16485	19	100.0	1440	0	0	1	1440	28646	30085	0.0	2660.0
DTO64_RS16490	19	99.896	963	1	0	1	963	30087	31049	0.0	1773.0
DTO64_RS16495	19	100.0	363	0	0	1	363	31476	31114	0.0	671.0
DTO64_RS16500	19	100.0	264	0	0	1	264	31733	31470	5.7999999999999975e-139	488.0
DTO64_RS16515	19	96.444	225	8	0	1	225	32828	33052	5.119999999999999e-104	372.0
DTO64_RS16520	19	97.619	210	5	0	1	210	33121	33330	1.0299999999999997e-100	361.0
DTO64_RS16525	19	97.03	303	9	0	1	303	33342	33644	1.4299999999999999e-145	510.0
DTO64_RS16530	19	98.792	414	5	0	1	414	39344	39757	0.0	737.0
DTO64_RS16545	19	98.478	920	14	0	2	921	39753	40672	0.0	1622.0
DTO64_RS16550	19	98.575	351	5	0	1	351	40669	41019	7.409999999999996e-179	621.0
DTO64_RS16560	19	98.198	111	2	0	1	111	41270	41380	5.3299999999999995e-51	195.0
DTO64_RS16645	45	99.559	680	3	0	2	681	734	55	0.0	1240.0
DTO64_RS16675	16	98.319	357	3	1	1	354	48469	48825	2.0799999999999996e-179	623.0
DTO64_RS16680	16	100.0	385	0	0	1	385	48847	49231	0.0	712.0
DTO64_RS16685	16	99.617	261	1	0	1	261	49379	49639	1.2399999999999997e-135	477.0
DTO64_RS16690	16	97.95200000000001	879	18	0	1	879	49650	50528	0.0	1524.0
DTO64_RS16695	16	98.95100000000001	858	9	0	1	858	50551	51408	0.0	1535.0
DTO64_RS16700	16	99.52799999999999	1272	6	0	1	1272	51434	52705	0.0	2316.0
DTO64_RS16705	16	99.676	618	2	0	1	618	52708	53325	0.0	1131.0
DTO64_RS16710	16	99.76	417	1	0	1	417	53309	53725	0.0	765.0
DTO64_RS16715	16	99.04799999999999	315	3	0	1	315	53725	54039	3.1399999999999984e-162	566.0
DTO64_RS16720	16	98.647	1035	14	0	1	1035	54032	55066	0.0	1834.0
DTO64_RS16725	16	99.63799999999999	276	1	0	1	276	55056	55331	6.009999999999998e-144	505.0
DTO64_RS16730	16	100.0	390	0	0	1	390	55331	55720	0.0	721.0
DTO64_RS16735	16	99.346	459	3	0	1	459	56329	56787	0.0	832.0
DTO64_RS16740	16	99.398	2493	15	0	1	2493	56892	59384	0.0	4521.0
DTO64_RS16760	45	99.559	680	3	0	2	681	734	55	0.0	1240.0
DTO64_RS16770	45	99.559	680	3	0	2	681	734	55	0.0	1240.0
DTO64_RS16775	40	100.0	906	0	0	1	906	369	1274	0.0	1674.0
DTO64_RS16780	34	100.0	393	0	0	1	393	7	399	0.0	726.0
DTO64_RS16785	34	100.0	1440	0	0	1	1440	400	1839	0.0	2660.0
DTO64_RS16790	40	100.0	1173	0	0	1	1173	102	1274	0.0	2167.0
DTO64_RS16800	45	99.559	680	3	0	2	681	734	55	0.0	1240.0
GKQ57_RS13955	19	97.39	1609	42	0	1	1609	44642	46250	0.0	2739.0
GKQ57_RS13995	16	96.434	3926	131	1	2	3927	44491	48407	0.0	6466.0
GKQ57_RS14000	16	96.348	356	13	0	1	356	48469	48824	2.7499999999999995e-168	586.0
GKQ57_RS14125	19	98.361	549	9	0	1	549	1103	1651	0.0	965.0
GKQ57_RS14130	19	97.396	192	5	0	1	192	888	1079	9.419999999999998e-91	327.0
GKQ57_RS14175	19	95.08200000000001	183	9	0	1	183	7308	7490	4.209999999999999e-79	289.0
GKQ57_RS14190	19	100.0	636	0	0	1	636	10498	11133	0.0	1175.0
GKQ57_RS14195	19	100.0	468	0	0	1	468	11120	11587	0.0	865.0
GKQ57_RS14200	19	99.242	528	4	0	1	528	11590	12117	0.0	953.0
GKQ57_RS14205	19	99.45	2181	12	0	1	2181	12160	14340	0.0	3962.0
GKQ57_RS14210	19	100.0	543	0	0	1	543	14448	14990	0.0	1003.0
GKQ57_RS14215	19	99.82600000000001	574	1	0	1	574	15057	15630	0.0	1055.0
GKQ57_RS14305	19	96.444	225	8	0	1	225	32828	33052	5.119999999999999e-104	372.0
GKQ57_RS14310	19	97.619	210	5	0	1	210	33121	33330	1.0299999999999997e-100	361.0
GKQ57_RS14315	19	97.03	303	9	0	1	303	33342	33644	1.4299999999999999e-145	510.0
GKQ57_RS14320	19	99.624	1329	5	0	1	1329	39344	40672	0.0	2427.0
GKQ57_RS14325	19	98.291	351	6	0	1	351	40669	41019	3.4499999999999984e-177	616.0
GKQ57_RS14330	19	100.0	111	0	0	1	111	41270	41380	2.46e-54	206.0
GKQ57_RS14335	19	97.96600000000001	295	5	1	1	295	41619	41912	1.3999999999999999e-145	510.0
GKQ57_RS14365	29	98.185	2259	41	0	1	2259	6273	4015	0.0	3945.0
GKQ57_RS14370	29	100.0	786	0	0	1	786	3492	2707	0.0	1452.0
GKQ57_RS14375	29	98.773	489	6	0	1	489	2701	2213	0.0	870.0
GKQ57_RS14380	29	99.625	267	1	0	1	267	1621	1355	5.869999999999999e-139	488.0
GKQ57_RS14385	29	100.0	501	0	0	1	501	1322	822	0.0	926.0
GKQ57_RS14390	29	97.59	249	6	0	1	249	809	561	1.1999999999999996e-120	427.0
GKQ57_RS14395	29	98.08200000000001	417	8	0	1	417	485	69	0.0	726.0
GKQ57_RS14410	49	99.275	276	2	0	1	276	47	322	2.7999999999999993e-142	499.0
GKQ57_RS14415	19	96.23700000000001	186	7	0	1	186	718	903	4.26e-84	305.0
GKQ57_RS14435	19	96.15899999999999	729	28	0	1	729	4611	5339	0.0	1192.0
GKQ57_RS14445	19	99.705	339	1	0	1	339	6046	6384	7.139999999999998e-179	621.0
GKQ57_RS14450	19	98.851	174	2	0	1	174	6433	6606	8.499999999999998e-86	311.0
GKQ57_RS14475	43	99.479	960	5	0	1	960	969	10	0.0	1746.0
GKQ57_RS14530	2	99.412	1191	7	0	1	1191	62954	64144	0.0	2161.0
GKQ57_RS14580	30	99.681	939	3	0	1	939	3069	4007	0.0	1718.0
GKQ57_RS14585	30	99.904	1038	1	0	1	1038	4033	5070	0.0	1912.0
GKQ57_RS14590	2	99.14	1163	9	1	1	1162	46893	48055	0.0	2091.0
GKQ57_RS14605	19	96.889	225	7	0	1	225	32828	33052	1.0999999999999996e-105	377.0
GKQ57_RS14610	19	96.667	210	7	0	1	210	33121	33330	2.2199999999999996e-97	350.0
GKQ57_RS14615	19	98.35	303	5	0	1	303	33342	33644	3.0499999999999986e-152	532.0
GKQ57_RS14620	19	99.473	1329	7	0	1	1329	39344	40672	0.0	2416.0
GKQ57_RS14625	19	98.291	351	6	0	1	351	40669	41019	3.4499999999999984e-177	616.0
GKQ57_RS14630	19	100.0	111	0	0	1	111	41270	41380	2.46e-54	206.0
GKQ57_RS14635	19	99.31299999999999	291	1	1	1	291	41619	41908	4.889999999999999e-150	525.0
SAW_RS16695	19	97.465	1302	31	2	1	1301	2577	3877	0.0	2220.0
SAW_RS16705	19	99.492	591	3	0	1	591	1103	1693	0.0	1075.0
SAW_RS16710	19	97.396	192	5	0	1	192	888	1079	9.419999999999998e-91	327.0
SAW_RS16770	19	99.39399999999999	660	4	0	1	660	6599	7258	0.0	1197.0
SAW_RS16775	19	100.0	183	0	0	1	183	7308	7490	4.129999999999999e-94	339.0
SAW_RS16780	19	100.0	693	0	0	1	693	8393	7701	0.0	1280.0
SAW_RS16785	19	99.208	1767	14	0	1	1767	8546	10312	0.0	3186.0
SAW_RS16790	19	98.738	634	7	1	3	636	10501	11133	0.0	1125.0
SAW_RS16795	19	100.0	468	0	0	1	468	11120	11587	0.0	865.0
SAW_RS16800	19	100.0	528	0	0	1	528	11590	12117	0.0	976.0
SAW_RS16805	19	100.0	2181	0	0	1	2181	12160	14340	0.0	4028.0
SAW_RS16810	19	100.0	543	0	0	1	543	14448	14990	0.0	1003.0
SAW_RS16860	19	97.333	225	6	0	1	225	32828	33052	2.36e-107	383.0
SAW_RS16865	19	97.619	210	5	0	1	210	33121	33330	1.0299999999999997e-100	361.0
SAW_RS16870	19	96.7	303	10	0	1	303	33342	33644	6.649999999999999e-144	505.0
SAW_RS16875	19	98.495	1329	20	0	1	1329	39344	40672	0.0	2344.0
SAW_RS16880	19	98.575	351	5	0	1	351	40669	41019	7.409999999999996e-179	621.0
SAW_RS16890	19	98.198	111	2	0	1	111	41270	41380	5.3299999999999995e-51	195.0
SAW_RS16895	38	100.0	1179	0	0	1	1179	108	1286	0.0	2178.0
SAW_RS16990	16	97.199	357	10	0	1	357	48469	48825	7.589999999999997e-174	604.0
SAW_RS17055	45	99.559	680	3	0	2	681	734	55	0.0	1240.0
SAW_RS17090	40	100.0	375	0	0	1	375	900	1274	0.0	693.0
SAW_RS17095	34	100.0	393	0	0	1	393	7	399	0.0	726.0
SAW_RS17100	34	100.0	1440	0	0	1	1440	400	1839	0.0	2660.0
SAW_RS17105	40	100.0	375	0	0	1	375	900	1274	0.0	693.0
SAW_RS17190	45	99.559	680	3	0	2	681	734	55	0.0	1240.0
SAW_RS17225	45	99.559	680	3	0	2	681	734	55	0.0	1240.0
SAW_RS17260	45	99.559	680	3	0	2	681	734	55	0.0	1240.0
SAW_RS17290	19	100.0	738	0	0	1	738	38577	37840	0.0	1363.0
SAW_RS17295	19	98.81	84	1	0	1	84	38785	38702	8.27e-38	150.0
SAW_RS17300	19	100.0	84	0	0	1	84	38917	38834	1.78e-39	156.0
