pAMalpha1_p4	27	97.403	77	2	0	1	77	24009	23933	8.94e-32	132
pMG2200_48	20	87.674	1290	156	3	17	1305	35968	37255	0.0	1498
pMG2200_48	27	95.172	145	5	1	1202	1344	27135	26991	7.15e-60	228
pMG2200_49	20	91.026	780	64	3	1	774	35173	35952	0.0	1048
pMG2200_51	20	92.529	174	13	0	1	174	34780	34953	1.78e-67	250
pMG2200_58	20	83.598	567	76	10	1	563	32564	33117	5.88e-147	516
pMG2200_61	20	97.268	183	5	0	1	183	40683	40865	8.51e-86	311
pMG2200_63	20	85.482	1474	185	19	1	1470	41921	43369	0.0	1509
pMG2200_63	20	89.552	201	21	0	997	1197	43169	43369	4.38e-68	255
pMG2200_63	20	85.500	200	28	1	1585	1784	42923	43121	1.24e-53	207
pMG2200_63	20	86.207	174	24	0	1585	1758	43196	43369	4.50e-48	189
pMG2200_63	62	97.561	287	7	0	1471	1757	1	287	3.07e-139	492
pMG2200_63	46	100.000	30	0	0	1759	1788	1	30	4.77e-08	56.5
pMG2200_64	46	98.738	634	7	1	4	636	217	850	0.0	1125
pMG2200_65	46	100.000	432	0	0	1	432	873	1304	0.0	798
pMG2200_66	46	100.000	528	0	0	1	528	1307	1834	0.0	976
pMG2200_67	46	99.954	2181	1	0	1	2181	1877	4057	0.0	4023
pMG2200_68	41	100.000	473	0	0	71	543	9671	9199	0.0	874
pMG2200_69	41	100.000	576	0	0	1	576	9132	8557	0.0	1064
pMG2200_70	41	100.000	333	0	0	1	333	8414	8082	3.08e-177	616
pMG2200_71	41	100.000	1320	0	0	1	1320	6580	7899	0.0	2438
pMG2200_72	41	100.000	141	0	0	1	141	6347	6207	6.45e-71	261
pMG2200_73	41	100.000	756	0	0	1	756	6120	5365	0.0	1397
pMG2200_84	20	89.720	107	11	0	515	621	16086	16192	5.63e-33	137
pMG2200_86	20	91.319	288	25	0	1	288	16209	16496	1.35e-110	394
pMG2200_85	20	100.000	105	0	0	1	105	16490	16594	4.72e-51	195
pMG2200_89	20	100.000	111	0	0	1	111	16590	16700	2.33e-54	206
pMG2200_90	20	99.524	210	1	0	1	210	16775	16984	2.07e-107	383
pMG2200_91	20	97.360	303	8	0	1	303	16996	17298	2.91e-147	516
pMG2200_92	20	100.000	1329	0	0	1	1329	17726	19054	0.0	2455
pMG2200_93	20	98.006	351	7	0	1	351	19051	19401	1.52e-175	610
pMG2200_94	20	100.000	213	0	0	1	213	19358	19570	9.73e-111	394
pMG2200_95	20	99.296	284	2	0	1	284	20002	20285	1.02e-146	514
pMG2200_98	20	93.939	363	21	1	582	944	22655	23016	3.60e-156	547
pMG2200_108	27	96.123	3714	130	6	215	3927	1078	4778	0.0	6048
pMG2200_109	27	97.778	315	7	0	1	315	4873	5187	1.42e-155	544
pCF10_01	20	98.495	1329	20	0	1	1329	17726	19054	0.0	2344
pCF10_02	20	98.006	351	7	0	1	351	19051	19401	1.52e-175	610
pCF10_03	20	98.592	213	3	0	1	213	19358	19570	9.79e-106	377
pCF10_04	20	97.297	296	5	3	1	294	20002	20296	2.86e-142	499
pCF10_07	20	93.425	365	19	5	576	938	22655	23016	7.75e-153	536
pCF10_16	27	95.769	3923	127	25	2	3918	889	4778	0.0	6288
pCF10_17	27	97.199	357	7	1	1	357	4840	5193	9.29e-173	601
pCF10_18	27	99.650	858	3	0	1	858	5221	6078	0.0	1568
pCF10_19	27	99.111	900	8	0	1	900	6120	7019	0.0	1618
pCF10_20	27	99.540	435	2	0	1	435	7039	7473	0.0	793
pCF10_21	27	98.684	228	3	0	1	228	7520	7747	4.84e-114	405
pCF10_22	27	98.990	297	3	0	1	297	7760	8056	2.82e-152	532
pCF10_23	27	87.768	793	97	0	9	801	8079	8871	0.0	928
pCF10_24	27	96.970	330	10	0	1	330	8873	9202	7.27e-159	555
pCF10_25	27	99.196	2238	18	0	1	2238	9321	11558	0.0	4034
pCF10_26	27	98.471	2616	40	0	1	2616	11570	14185	0.0	4610
pCF10_27	27	95.056	627	10	1	1	627	14209	14814	0.0	966
pCF10_28	27	98.780	246	3	0	1	246	14801	15046	5.19e-124	438
pCF10_29	27	98.030	609	12	0	1	609	15030	15638	0.0	1059
pCF10_30	27	98.971	486	5	0	1	486	19039	19524	0.0	870
pCF10_31	27	98.415	1830	29	0	1	1830	19524	21353	0.0	3219
pCF10_32	27	99.074	2160	20	0	1	2160	21403	23562	0.0	3879
pCF10_33	27	97.426	272	7	0	1	272	23595	23866	9.58e-132	464
pCF10_34	27	93.277	357	24	0	1	357	24113	24469	1.60e-150	527
pCF10_35	27	98.873	1686	19	0	1	1686	24470	26155	0.0	3009
pCF10_36	27	98.575	351	5	0	1	351	26188	26538	7.01e-179	621
pCF10_37	27	98.701	77	1	0	1	77	26862	26938	1.39e-33	137
pCF10_38	20	92.065	1298	96	7	5	1299	35962	37255	0.0	1820
pCF10_38	27	92.958	142	8	1	1199	1338	27132	26991	3.33e-53	206
pCF10_39	20	79.794	777	147	6	1	769	35173	35947	4.58e-159	556
pCF10_41	20	91.667	192	16	0	1	192	34762	34953	1.97e-72	267
pCF10_48	20	82.669	577	97	3	1	574	32564	33140	9.62e-145	508
pCF10_53	20	100.000	107	0	0	515	621	16086	16192	2.54e-51	198
pCF10_54	20	99.327	297	2	0	1	297	16200	16496	6.07e-154	538
pCF10_55	20	98.222	225	4	0	1	225	16490	16714	1.03e-110	394
pCF10_56	20	95.238	210	10	0	1	210	16775	16984	2.12e-92	333
pCF10_57	20	96.571	175	5	1	1	174	16996	17170	3.77e-79	289
pAM373_p12	20	78.380	1309	256	24	2	1295	35953	37249	0.0	824
pAM373_p13	20	79.794	777	147	6	1	769	35173	35947	4.58e-159	556
pAM373_p15	20	81.346	327	51	10	1	321	34449	34771	2.09e-69	257
pAM373_p16	20	94.253	174	9	1	1	174	34325	34497	6.35e-72	265
pAM373_p17	20	94.231	156	9	0	49	204	34212	34367	4.60e-64	239
pAM373_p18	20	97.813	503	11	0	1	503	30139	30641	0.0	869
pAM373_p22	20	88.525	244	14	6	29	261	28932	29172	2.95e-77	283
pAM373_p23	20	93.387	998	62	4	1	996	26583	27578	0.0	1474
pAM373_p23	20	83.892	776	119	5	1419	2192	28048	28819	0.0	736
pAM373_p24	20	96.515	2353	74	6	1	2346	24245	26596	0.0	3884
HS082_RS00010	20	93.427	426	28	0	1	426	22662	23087	0.0	632
HS082_RS00040	20	99.570	1163	4	1	1	1163	16011	14850	0.0	2119
HS082_RS00045	27	96.248	3918	118	15	2	3918	889	4778	0.0	6394
HS082_RS00050	27	95.616	365	5	2	1	365	4840	5193	5.77e-165	575
HS082_RS00055	27	99.534	858	4	0	1	858	5221	6078	0.0	1563
HS082_RS00060	27	98.667	900	12	0	1	900	6120	7019	0.0	1596
HS082_RS00065	27	99.310	435	3	0	1	435	7039	7473	0.0	787
HS082_RS00070	27	98.684	228	3	0	1	228	7520	7747	4.84e-114	405
HS082_RS00075	27	97.643	297	7	0	1	297	7760	8056	1.32e-145	510
HS082_RS00080	27	98.876	801	9	0	1	801	8071	8871	0.0	1430
HS082_RS00085	27	96.667	330	11	0	1	330	8873	9202	3.38e-157	549
HS082_RS00090	27	99.027	2365	23	0	27	2391	9194	11558	0.0	4241
HS082_RS00095	27	99.079	2497	23	0	1	2497	11570	14066	0.0	4484
HS082_RS00105	27	94.577	627	13	1	1	627	14209	14814	0.0	950
HS082_RS00110	27	97.967	246	5	0	1	246	14801	15046	1.12e-120	427
HS082_RS00115	27	97.865	609	13	0	1	609	15030	15638	0.0	1053
HS082_RS00120	27	98.544	687	10	0	1	687	15752	16438	0.0	1214
HS082_RS00125	27	98.257	459	8	0	1	459	18308	18766	0.0	804
HS082_RS00130	27	92.473	186	11	2	1	183	18812	18997	2.42e-71	263
HS082_RS00135	27	99.588	486	2	0	1	486	19039	19524	0.0	887
HS082_RS00140	27	98.307	1831	29	2	1	1830	19524	21353	0.0	3208
HS082_RS00145	27	99.167	2160	18	0	1	2160	21403	23562	0.0	3890
HS082_RS00150	27	98.897	272	3	0	1	272	23595	23866	2.04e-138	486
HS082_RS00155	27	99.720	357	1	0	1	357	24113	24469	0.0	654
HS082_RS00160	27	88.808	1653	177	8	1	1649	24470	26118	0.0	2021
HS082_RS00170	27	98.701	77	1	0	1	77	26862	26938	1.42e-33	137
HS082_RS00175	20	97.595	1289	30	1	17	1305	35968	37255	0.0	2207
HS082_RS00180	20	91.165	781	61	5	1	774	35173	35952	0.0	1053
HS082_RS00190	20	91.667	192	16	0	1	192	34762	34953	1.97e-72	267
HS082_RS00225	20	83.774	567	75	10	1	563	32564	33117	1.26e-148	521
HS082_RS00240	20	97.268	183	5	0	1	183	40683	40865	8.51e-86	311
HS082_RS00250	20	85.550	1474	184	19	1	1470	41921	43369	0.0	1515
HS082_RS00250	20	89.552	201	21	0	997	1197	43169	43369	3.71e-68	255
HS082_RS00250	62	100.000	46	0	0	1471	1516	1	46	5.15e-17	86.1
HS082_RS00255	62	96.744	215	7	0	1	215	73	287	4.15e-100	359
HS082_RS00255	20	85.500	200	28	1	43	242	42923	43121	1.59e-54	207
HS082_RS00255	20	86.207	174	24	0	43	216	43196	43369	5.77e-49	189
HS082_RS00255	46	100.000	30	0	0	217	246	1	30	6.10e-09	56.5
HS082_RS00260	46	98.580	634	8	1	4	636	217	850	0.0	1120
HS082_RS00265	46	100.000	468	0	0	1	468	837	1304	0.0	865
HS082_RS00270	46	100.000	528	0	0	1	528	1307	1834	0.0	976
HS082_RS00275	46	99.862	2181	3	0	1	2181	1877	4057	0.0	4012
HS082_RS00280	41	100.000	473	0	0	71	543	9671	9199	0.0	874
HS082_RS00285	41	100.000	576	0	0	1	576	9132	8557	0.0	1064
HS082_RS00290	41	100.000	333	0	0	1	333	8414	8082	3.08e-177	616
HS082_RS00355	50	99.583	960	4	0	1	960	969	10	0.0	1751
HS082_RS00375	41	85.366	574	82	2	1	573	3662	3090	2.69e-170	593
HS082_RS00390	20	94.393	107	6	0	491	597	16086	16192	2.48e-41	165
HS082_RS00395	20	96.181	288	11	0	1	288	16209	16496	6.04e-134	472
HS082_RS00400	20	98.222	225	4	0	1	225	16490	16714	1.03e-110	394
HS082_RS00405	20	94.762	210	11	0	1	210	16775	16984	9.85e-91	327
HS082_RS00440	20	91.429	315	7	6	1	314	20002	20297	1.14e-116	414
pWZ1668_p08	20	99.522	837	4	0	1	837	15686	14850	0.0	1524
pWZ1668_p09	20	99.313	291	1	1	1	291	16011	15722	4.62e-150	525
pWZ1668_p16	41	98.795	83	1	0	152	234	5079	4997	9.27e-37	148
pWZ1668_p17	41	99.051	738	7	0	1	738	4740	4003	0.0	1325
pWZ1668_p18	41	99.479	192	1	0	1	192	4058	3867	1.90e-97	350
pTW9_p07	20	98.316	297	3	2	1	296	20002	20297	2.20e-148	520
pTW9_p10	20	90.345	435	38	4	576	1008	22655	23087	2.77e-162	568
pTW9_p11	20	98.145	539	10	0	1	539	23131	23669	0.0	941
pTW9_p20	27	96.273	2227	83	0	1665	3891	2552	4778	0.0	3653
pTW9_p20	27	89.281	793	58	13	2	794	889	1654	0.0	968
pTW9_p21	27	97.196	321	9	0	1	321	4873	5193	1.42e-155	544
pTW9_p37	20	96.685	2353	70	6	1	2346	24245	26596	0.0	3906
pTW9_p38	20	99.153	2244	19	0	1	2244	26598	28841	0.0	4039
pTW9_p39	20	98.728	786	10	0	1	786	29363	30148	0.0	1397
pTW9_p40	20	94.672	488	26	0	1	488	30154	30641	0.0	758
pTW9_p41	20	94.872	156	8	0	49	204	34212	34367	9.88e-66	244
pTW9_p42	20	83.024	377	57	7	1	372	34397	34771	1.10e-92	335
pTW9_p44	20	79.408	777	150	7	1	769	35173	35947	4.62e-154	540
pTW9_p45	20	78.615	1300	251	24	5	1289	35962	37249	0.0	835
pTW9_p47	20	91.772	158	13	0	254	411	34210	34367	3.53e-58	220
pTW9_p56	41	100.000	84	0	0	1	84	4948	4865	1.68e-39	156
pTW9_p57	41	99.593	738	3	0	1	738	4740	4003	0.0	1347
pTW9_p58	41	100.000	132	0	0	1	132	3998	3867	6.01e-66	244
pTW9_p64	41	100.000	83	0	0	158	240	5079	4997	2.05e-38	154
pTW9_p65	41	100.000	84	0	0	1	84	4948	4865	1.68e-39	156
pTW9_p66	41	99.458	738	4	0	1	738	4740	4003	0.0	1341
pTW9_p67	41	96.970	132	4	0	1	132	3998	3867	2.82e-59	222
HXI36_RS00015	3	77.881	972	191	18	1	960	8709	7750	9.40e-167	582
HXI36_RS00065	41	100.000	83	0	0	158	240	5079	4997	2.05e-38	154
HXI36_RS00070	41	100.000	84	0	0	1	84	4948	4865	1.68e-39	156
HXI36_RS00075	41	99.458	738	4	0	1	738	4740	4003	0.0	1341
HXI36_RS00290	20	99.570	1163	4	1	1	1163	16011	14850	0.0	2119
HXI36_RS00295	20	100.000	35	0	0	221	255	16086	16052	1.05e-11	65.8
HS679_RS00030	41	98.795	83	1	0	158	240	5079	4997	9.53e-37	148
HS679_RS00035	41	99.593	738	3	0	1	738	4740	4003	0.0	1347
D686_p36	20	99.522	837	4	0	1	837	15686	14850	0.0	1524
D686_p37	20	99.313	291	1	1	1	291	16011	15722	4.62e-150	525
D686_p33	41	98.795	83	1	0	152	234	5079	4997	9.27e-37	148
D686_p32	41	99.051	738	7	0	1	738	4740	4003	0.0	1325
D686_p1035	20	99.522	837	4	0	1	837	15686	14850	0.0	1524
D686_p1036	20	99.313	291	1	1	1	291	16011	15722	4.62e-150	525
D686_p1032	41	98.795	83	1	0	152	234	5079	4997	9.27e-37	148
D686_p1031	41	99.051	738	7	0	1	738	4740	4003	0.0	1325
A7J11_01120	41	99.593	738	3	0	1	738	4740	4003	0.0	1347
EFD32_RS15015	41	97.345	113	1	1	158	270	5079	4969	1.77e-49	191
EFD32_RS15020	41	100.000	84	0	0	1	84	4948	4865	1.68e-39	156
EFD32_RS15025	41	99.729	738	2	0	1	738	4740	4003	0.0	1352
EFD32_RS16455	41	96.970	132	4	0	1	132	3998	3867	2.82e-59	222
EFD32_RS16175	1	96.739	92	3	0	1	92	262581	262490	1.80e-38	154
EFD32_RS15090	1	98.370	184	3	0	2	185	262477	262294	1.29e-89	324
EFD32_RS15100	1	91.518	224	17	2	1	223	262061	261839	1.38e-84	307
EFD32_RS15355	10	77.124	306	67	3	37	340	85243	84939	3.32e-44	174
CGZ46_RS14310	20	96.639	357	12	0	1	357	1668	1312	1.56e-170	593
CGZ46_RS14315	20	97.378	267	7	0	1	267	1322	1056	5.63e-129	455
CGZ46_RS14320	20	95.875	897	37	0	1	897	897	1	0.0	1452
CGZ46_RS14325	41	92.683	615	45	0	1	615	734	120	0.0	887
CGZ46_RS14415	20	99.749	399	1	0	16	414	23650	24048	0.0	732
CGZ46_RS14435	20	84.661	502	74	3	1	501	36756	37255	1.94e-141	497
CGZ46_RS14435	27	94.483	145	6	1	398	540	27135	26991	1.31e-58	222
CGZ46_RS14445	27	88.680	1652	181	6	1	1649	24470	26118	0.0	2010
CGZ46_RS14450	27	99.720	357	1	0	1	357	24113	24469	0.0	654
CGZ46_RS14455	27	98.162	272	5	0	1	272	23595	23866	4.43e-135	475
CGZ46_RS14460	27	98.657	2160	29	0	1	2160	21403	23562	0.0	3829
CGZ46_RS14465	27	98.925	186	2	0	1	186	21168	21353	1.85e-92	333
CGZ46_RS14570	27	98.810	420	5	0	1	420	19521	19940	0.0	749
CGZ46_RS14575	27	98.456	259	4	0	1	259	19264	19522	1.53e-129	457
CGZ46_RS14590	20	94.965	1013	47	4	1	1011	22077	23087	0.0	1585
CGZ46_RS14590	20	97.297	37	0	1	521	557	22492	22527	5.74e-10	62.1
CGZ46_RS14595	20	99.409	846	5	0	1	846	21605	20760	0.0	1535
CGZ46_RS14600	20	98.925	372	4	0	1	372	20767	20396	0.0	665
CGZ46_RS14605	41	100.000	112	0	0	1	112	5080	4969	6.55e-55	207
CGZ46_RS14610	41	100.000	84	0	0	1	84	4948	4865	1.68e-39	156
CGZ46_RS14615	41	99.458	738	4	0	1	738	4740	4003	0.0	1341
CGZ46_RS14620	41	97.727	132	3	0	1	132	3998	3867	6.06e-61	228
CGZ46_RS14630	20	93.857	293	17	1	1	292	20002	20294	1.76e-124	440
CGZ46_RS14665	20	89.236	288	31	0	1	288	16209	16496	1.36e-100	361
CGZ46_RS14670	20	92.381	105	8	0	493	597	16088	16192	6.94e-37	150
CGZ46_RS14700	20	94.333	600	34	0	1	600	11877	11278	0.0	920
CGZ46_RS14785	20	90.070	1289	127	1	17	1305	35968	37255	0.0	1670
CGZ46_RS14785	27	95.172	145	5	1	1202	1344	27135	26991	7.15e-60	228
CGZ46_RS14790	20	92.446	781	57	2	1	780	35173	35952	0.0	1114
CGZ46_RS14800	20	92.529	174	13	0	1	174	34780	34953	1.78e-67	250
CGZ46_RS14835	20	84.229	577	74	10	1	573	32564	33127	7.49e-156	545
CGZ46_RS14895	20	94.393	107	6	0	491	597	16086	16192	2.48e-41	165
CGZ46_RS14900	20	95.070	284	14	0	1	284	16209	16492	1.01e-126	448
CGZ46_RS14915	20	98.194	1329	24	0	1	1329	17726	19054	0.0	2322
CGZ46_RS14920	20	98.860	351	4	0	1	351	19051	19401	1.51e-180	627
CGZ46_RS14980	27	96.632	2227	75	0	1665	3891	2552	4778	0.0	3698
CGZ46_RS14980	27	89.421	794	55	15	2	794	889	1654	0.0	974
CGZ46_RS14985	27	97.734	353	8	0	1	353	4840	5192	5.50e-175	608
FOA09_RS14000	41	98.485	132	2	0	1	132	3998	3867	1.30e-62	233
FOA09_RS14005	41	99.729	738	2	0	1	738	4740	4003	0.0	1352
FOA09_RS14010	41	98.810	84	1	0	1	84	4948	4865	7.83e-38	150
FOA09_RS14015	41	100.000	83	0	0	158	240	5079	4997	2.05e-38	154
FOA09_RS14175	20	78.533	1309	254	24	2	1295	35953	37249	0.0	835
FOA09_RS14180	20	79.279	777	151	7	1	769	35173	35947	2.15e-152	534
FOA09_RS14195	20	95.697	488	21	0	1	488	30154	30641	0.0	785
FOA09_RS14200	20	98.628	729	10	0	1	729	29420	30148	0.0	1291
FOA09_RS14205	20	100.000	171	0	0	1	171	29013	28843	1.69e-87	316
FOA09_RS14210	20	99.159	2259	19	0	1	2259	26583	28841	0.0	4067
FOA09_RS14215	20	96.685	2353	70	6	1	2346	24245	26596	0.0	3906
FOA09_RS14295	27	97.458	354	9	0	1	354	4840	5193	7.12e-174	604
FOA09_RS14300	27	96.228	2227	84	0	1665	3891	2552	4778	0.0	3648
FOA09_RS14300	27	89.281	793	58	13	2	794	889	1654	0.0	968
FOA09_RS14350	20	98.145	539	10	0	1	539	23131	23669	0.0	941
FOA09_RS14355	20	90.345	435	38	4	576	1008	22655	23087	2.77e-162	568
FOA09_RS14370	20	98.316	297	3	2	1	296	20002	20297	2.20e-148	520
FOA09_RS14375	20	99.099	111	1	0	1	111	19652	19762	1.08e-52	200
EYB36_RS00010	20	98.807	419	3	2	1	419	32124	32540	0.0	745
EYB36_RS00015	20	87.543	578	69	3	1	577	32564	33139	0.0	665
EYB36_RS00025	20	99.248	266	2	0	2	267	33256	33521	9.29e-137	481
EYB36_RS00030	20	100.000	276	0	0	1	276	33514	33789	1.23e-145	510
EYB36_RS00035	20	98.387	186	3	0	1	186	34592	34777	8.60e-91	327
EYB36_RS00040	20	92.529	174	13	0	1	174	34780	34953	1.78e-67	250
EYB36_RS00050	20	96.031	781	29	2	1	780	35173	35952	0.0	1269
EYB36_RS00055	20	98.870	1328	15	0	17	1344	35968	37295	0.0	2370
EYB36_RS00060	20	97.044	609	18	0	1	609	37986	38594	0.0	1026
EYB36_RS00065	20	100.000	411	0	0	1	411	38925	39335	0.0	760
EYB36_RS00070	20	100.000	339	0	0	1	339	39421	39759	1.45e-180	627
EYB36_RS00075	20	92.576	660	49	0	1	660	39974	40633	0.0	948
EYB36_RS00080	20	96.721	183	6	0	1	183	40683	40865	3.96e-84	305
EYB36_RS00085	20	98.413	693	11	0	1	693	41768	41076	0.0	1219
EYB36_RS00090	20	100.000	1449	0	0	1	1449	41921	43369	0.0	2676
EYB36_RS00090	20	89.610	231	24	0	1249	1479	42896	43126	9.17e-80	294
EYB36_RS00090	62	100.000	288	0	0	1450	1737	1	288	1.78e-151	532
EYB36_RS00090	46	100.000	30	0	0	1738	1767	1	30	4.71e-08	56.5
EYB36_RS00095	46	100.000	636	0	0	1	636	215	850	0.0	1175
EYB36_RS00100	46	100.000	468	0	0	1	468	837	1304	0.0	865
EYB36_RS00105	46	99.242	528	4	0	1	528	1307	1834	0.0	953
EYB36_RS00110	46	99.404	2181	13	0	1	2181	1877	4057	0.0	3956
EYB36_RS00115	41	99.789	473	1	0	71	543	9671	9199	0.0	869
EYB36_RS00120	41	93.554	574	37	0	1	574	9132	8559	0.0	856
EYB36_RS00125	41	94.314	1319	75	0	2	1320	6581	7899	0.0	2021
EYB36_RS00285	20	89.720	107	11	0	491	597	16086	16192	5.40e-33	137
EYB36_RS00290	20	90.278	288	28	0	1	288	16209	16496	1.35e-105	377
EYB36_RS00295	20	96.889	225	7	0	1	225	16490	16714	1.04e-105	377
EYB36_RS00300	20	96.970	198	6	0	1	198	16775	16972	2.02e-92	333
EYB36_RS00305	20	98.350	303	5	0	1	303	16996	17298	2.89e-152	532
EYB36_RS00320	41	100.000	132	0	0	1	132	3998	3867	6.01e-66	244
EYB36_RS00325	41	100.000	738	0	0	1	738	4740	4003	0.0	1363
EYB36_RS00330	41	98.810	84	1	0	1	84	4948	4865	7.83e-38	150
EYB36_RS00335	41	100.000	112	0	0	1	112	5080	4969	6.55e-55	207
EYB36_RS00340	20	99.473	1329	7	0	1	1329	17726	19054	0.0	2416
EYB36_RS00345	20	99.715	351	1	0	1	351	19051	19401	0.0	643
EYB36_RS00350	20	100.000	111	0	0	1	111	19652	19762	2.33e-54	206
EYB36_RS00355	20	99.322	295	1	1	1	294	20002	20296	2.82e-152	532
EYB36_RS00370	20	90.685	365	29	5	576	938	22655	23016	3.68e-136	481
EYB36_RS00400	20	99.663	1188	4	0	1	1188	25409	26596	0.0	2172
EYB36_RS00405	20	99.380	2259	14	0	1	2259	26583	28841	0.0	4095
EYB36_RS00410	20	99.415	171	1	0	1	171	29013	28843	7.88e-86	311
EYB36_RS00415	20	98.628	729	10	0	1	729	29420	30148	0.0	1291
EYB36_RS00420	20	98.566	488	7	0	1	488	30154	30641	0.0	863
EYB36_RS00425	20	98.876	267	3	0	1	267	31234	31500	1.20e-135	477
EYB36_RS00430	20	98.371	491	8	0	1	491	31533	32023	0.0	863
EYB36_RS00445	41	100.000	132	0	0	1	132	3998	3867	6.01e-66	244
EYB36_RS00450	41	100.000	738	0	0	1	738	4740	4003	0.0	1363
EYB36_RS00455	41	100.000	84	0	0	1	84	4948	4865	1.68e-39	156
EYB36_RS00460	41	99.138	116	0	1	1	115	5080	4965	6.76e-55	207
EYB36_RS00570	20	96.255	267	10	0	1	267	33255	33521	5.67e-124	438
EYB36_RS00575	20	93.478	276	18	0	1	276	33514	33789	1.28e-115	411
EYB36_RS00745	20	78.457	1309	255	24	2	1295	35953	37249	0.0	830
EYB36_RS00750	20	79.408	777	150	7	1	769	35173	35947	4.62e-154	540
EYB36_RS00765	20	94.672	488	26	0	1	488	30154	30641	0.0	758
EYB36_RS00770	20	98.404	564	9	0	196	759	29585	30148	0.0	992
EYB36_RS00775	20	99.156	2252	16	3	1	2252	26583	28831	0.0	4050
EYB36_RS00780	20	96.643	2353	71	6	1	2346	24245	26596	0.0	3901
EYB36_RS00870	27	97.458	354	9	0	1	354	4840	5193	7.12e-174	604
EYB36_RS00875	27	94.208	3919	196	16	2	3918	889	4778	0.0	5951
EYB36_RS00925	20	91.917	433	35	0	582	1014	22655	23087	5.90e-174	606
EYB36_RS00940	20	97.887	284	6	0	1	284	20002	20285	4.79e-140	492
BZG32_RS16245	27	97.458	354	9	0	1	354	4840	5193	7.12e-174	604
BZG32_RS16250	27	96.767	2227	72	0	1665	3891	2552	4778	0.0	3714
BZG32_RS16250	27	89.281	793	58	13	2	794	889	1654	0.0	968
BZG32_RS16310	20	98.701	539	7	0	1	539	23131	23669	0.0	957
BZG32_RS16315	20	96.051	1013	36	4	1	1011	22077	23087	0.0	1646
BZG32_RS16315	20	97.297	37	0	1	521	557	22492	22527	5.74e-10	62.1
BZG32_RS16325	20	99.882	846	1	0	1	846	21605	20760	0.0	1557
BZG32_RS16330	20	99.731	372	1	0	1	372	20767	20396	0.0	682
BZG32_RS16335	20	87.973	291	35	0	1	291	20002	20292	1.39e-95	344
BZG32_RS16345	20	98.198	111	2	0	1	111	19652	19762	5.05e-51	195
BZG32_RS16355	20	98.291	351	6	0	1	351	19051	19401	3.26e-177	616
BZG32_RS16360	20	98.194	1329	24	0	1	1329	17726	19054	0.0	2322
BZG32_RS16365	20	97.360	303	8	0	1	303	16996	17298	2.91e-147	516
BZG32_RS16370	20	98.795	249	3	0	1	249	16736	16984	1.13e-125	444
BZG32_RS16375	20	99.556	225	1	0	1	225	16490	16714	1.03e-115	411
BZG32_RS16380	20	97.569	288	7	0	1	288	16209	16496	1.29e-140	494
BZG32_RS16385	20	94.393	107	6	0	491	597	16086	16192	2.48e-41	165
BZG32_RS16490	4	100.000	498	0	0	1	498	276	773	0.0	920
BZG32_RS16495	4	99.808	522	1	0	1	522	1366	845	0.0	959
BZG32_RS17420	4	100.000	120	0	0	1	120	3100	2981	3.65e-59	222
BZG32_RS17420	4	96.875	64	1	1	103	165	1372	1309	3.83e-24	106
BZG32_RS16550	20	78.687	1295	249	24	1	1280	35967	37249	0.0	837
BZG32_RS16555	20	79.622	687	129	8	1	679	35173	35856	7.67e-137	483
BZG32_RS16575	20	94.262	488	28	0	1	488	30154	30641	0.0	747
BZG32_RS16600	20	94.289	998	53	4	1	996	26583	27578	0.0	1524
BZG32_RS16600	20	84.000	775	120	3	1419	2192	28048	28819	0.0	741
BZG32_RS16605	20	96.983	2353	63	6	1	2346	24245	26596	0.0	3945
BZG32_RS16710	20	97.153	2353	59	4	1	2346	24245	26596	0.0	3967
BZG32_RS16715	20	99.067	2252	18	3	1	2252	26583	28831	0.0	4039
BZG32_RS16720	20	98.404	564	9	0	196	759	29585	30148	0.0	992
BZG32_RS16725	20	98.770	488	6	0	1	488	30154	30641	0.0	869
BZG32_RS16735	20	99.251	267	2	0	1	267	31234	31500	2.58e-137	483
BZG32_RS16740	20	98.788	495	6	0	1	495	31533	32027	0.0	881
BZG32_RS16745	20	99.041	417	4	0	1	417	32124	32540	0.0	749
BZG32_RS16750	20	96.239	585	22	0	1	585	32564	33148	0.0	959
BZG32_RS16755	20	100.000	267	0	0	1	267	33255	33521	1.19e-140	494
BZG32_RS16760	20	98.551	276	4	0	1	276	33514	33789	5.75e-139	488
BZG32_RS16770	20	98.387	186	3	0	1	186	34592	34777	8.60e-91	327
BZG32_RS16775	20	97.279	147	4	0	1	147	34807	34953	1.47e-67	250
BZG32_RS16780	20	85.444	529	73	4	1	527	35173	35699	2.77e-156	547
BZG32_RS16795	20	96.708	729	24	0	1	729	37986	38714	0.0	1214
BZG32_RS16800	20	94.161	411	24	0	1	411	38925	39335	1.78e-180	627
BZG32_RS16805	20	97.640	339	8	0	1	339	39421	39759	3.19e-167	582
BZG32_RS16810	20	93.788	660	41	0	1	660	39974	40633	0.0	992
BZG32_RS16820	27	97.773	449	10	0	1013	1461	27131	27579	0.0	774
BZG32_RS16930	41	97.345	113	1	1	158	270	5079	4969	1.77e-49	191
BZG32_RS16935	41	100.000	84	0	0	1	84	4948	4865	1.68e-39	156
BZG32_RS16940	41	99.864	738	1	0	1	738	4740	4003	0.0	1358
BZG32_RS17430	41	96.970	132	4	0	1	132	3998	3867	2.82e-59	222
BZG32_RS17025	20	91.917	433	35	0	582	1014	22655	23087	5.90e-174	606
BZG32_RS17040	20	97.887	284	6	0	1	284	20002	20285	4.79e-140	492
BMT03_RS13495	41	90.375	613	59	0	3	615	753	141	0.0	806
CG806_RS00010	27	98.456	259	4	0	1	259	19264	19522	1.53e-129	457
CG806_RS00015	27	98.810	420	5	0	1	420	19521	19940	0.0	749
CG806_RS00140	20	100.000	435	0	0	1	435	28407	28841	0.0	804
CG806_RS00145	20	99.415	171	1	0	1	171	29013	28843	7.88e-86	311
CG806_RS00150	20	98.628	729	10	0	1	729	29420	30148	0.0	1291
CG806_RS00155	20	94.467	488	26	1	1	487	30154	30641	0.0	750
CG806_RS00175	20	79.408	777	150	7	1	769	35173	35947	4.62e-154	540
CG806_RS00180	20	78.533	1309	254	24	2	1295	35953	37249	0.0	835
CG806_RS00315	20	92.381	105	8	0	493	597	16088	16192	6.94e-37	150
CG806_RS00320	20	89.236	288	31	0	1	288	16209	16496	1.36e-100	361
CG806_RS00365	20	93.857	293	17	1	1	292	20002	20294	1.76e-124	440
CG806_RS00390	20	98.925	372	4	0	1	372	20767	20396	0.0	665
CG806_RS00395	20	99.409	846	5	0	1	846	21605	20760	0.0	1535
CG806_RS00405	20	94.965	1013	47	4	1	1011	22077	23087	0.0	1585
CG806_RS00405	20	97.297	37	0	1	521	557	22492	22527	5.74e-10	62.1
CG806_RS00415	20	97.750	1289	28	1	17	1305	35968	37255	0.0	2218
CG806_RS00420	20	92.446	781	57	2	1	780	35173	35952	0.0	1114
CG806_RS00430	20	92.529	174	13	0	1	174	34780	34953	1.78e-67	250
CG806_RS00485	27	97.118	451	13	0	1011	1461	27129	27579	0.0	761
CG806_RS00500	41	94.314	1319	75	0	2	1320	6581	7899	0.0	2021
CG806_RS00510	20	91.589	107	9	0	491	597	16086	16192	2.49e-36	148
CG806_RS00525	20	87.330	221	26	2	11	231	16756	16974	6.77e-68	252
CG806_RS00625	27	96.579	3917	104	16	2	3915	889	4778	0.0	6464
CG806_RS00630	27	98.880	357	1	1	1	357	4840	5193	0.0	634
CG806_RS00635	27	99.767	858	2	0	1	858	5221	6078	0.0	1574
CG806_RS00640	27	99.222	900	7	0	1	900	6120	7019	0.0	1624
CG806_RS00645	27	99.310	435	3	0	1	435	7039	7473	0.0	787
CG806_RS00650	27	100.000	228	0	0	1	228	7520	7747	4.81e-119	422
CG806_RS00655	27	98.653	297	4	0	1	297	7760	8056	1.31e-150	527
CG806_RS00660	27	87.642	793	98	0	9	801	8079	8871	0.0	922
CG806_RS00665	27	97.879	330	7	0	1	330	8873	9202	7.22e-164	571
CG806_RS00670	27	98.883	2238	25	0	1	2238	9321	11558	0.0	3995
CG806_RS00675	27	98.318	2616	44	0	1	2616	11570	14185	0.0	4588
CG806_RS00680	27	94.896	627	11	1	1	627	14209	14814	0.0	961
CG806_RS00685	27	97.647	255	6	0	1	255	14792	15046	5.39e-124	438
CG806_RS00690	27	97.865	609	13	0	1	609	15030	15638	0.0	1053
CG806_RS00695	27	98.399	687	11	0	1	687	15752	16438	0.0	1208
CG806_RS00700	27	98.039	459	9	0	1	459	18308	18766	0.0	798
CG806_RS00705	27	91.935	186	12	2	1	183	18812	18997	1.12e-69	257
CG806_RS00710	27	99.591	489	2	0	1	489	19036	19524	0.0	893
CG806_RS00715	27	98.907	1830	20	0	1	1830	19524	21353	0.0	3269
CG806_RS00720	27	98.519	2160	32	0	1	2160	21403	23562	0.0	3812
CG806_RS00725	27	97.794	272	6	0	1	272	23595	23866	2.06e-133	470
CG806_RS00730	27	99.440	357	2	0	1	357	24113	24469	0.0	649
CG806_RS00735	27	89.171	1653	171	8	1	1649	24470	26118	0.0	2054
CG806_RS00780	41	100.000	83	0	0	158	240	5079	4997	2.05e-38	154
CG806_RS00785	41	100.000	84	0	0	1	84	4948	4865	1.68e-39	156
CG806_RS00790	41	99.593	738	3	0	1	738	4740	4003	0.0	1347
CG806_RS00795	41	98.485	132	2	0	1	132	3998	3867	1.30e-62	233
CG806_RS00830	20	100.000	111	0	0	1	111	19652	19762	2.33e-54	206
CG806_RS00835	20	98.316	297	3	2	1	296	20002	20297	2.20e-148	520
CG806_RS00850	20	90.345	435	38	4	576	1008	22655	23087	2.77e-162	568
CG806_RS00855	20	97.959	539	10	1	1	538	23131	23669	0.0	933
CG806_RS00925	3	77.778	972	192	18	1	960	8709	7750	4.37e-165	577
F1M88_RS14095	41	98.507	67	1	0	207	273	3933	3867	8.59e-28	119
F1M88_RS14110	41	96.000	75	3	0	1	75	4000	3926	2.00e-28	122
C7I31_RS13820	41	100.000	37	0	0	1293	1329	5364	5328	4.53e-12	69.4
C7I31_RS13830	41	98.810	84	1	0	1	84	4948	4865	7.83e-38	150
C7I31_RS13835	41	99.729	738	2	0	1	738	4740	4003	0.0	1352
C7I31_RS14045	41	98.810	84	1	0	1	84	4948	4865	7.83e-38	150
C7I31_RS14050	41	99.729	738	2	0	1	738	4740	4003	0.0	1352
C7I31_RS14115	20	99.787	939	2	0	1	939	12403	13341	0.0	1724
C7I31_RS14120	20	99.904	1038	1	0	1	1038	13367	14404	0.0	1912
C7I31_RS14125	49	85.965	513	72	0	1	513	774	1286	5.00e-157	549
C7I31_RS14130	20	99.624	1064	3	1	1	1064	16011	14949	0.0	1941
C7I31_RS14130	20	97.619	42	1	0	1062	1103	14792	14751	2.90e-13	73.1
C7I31_RS14150	20	92.523	107	8	0	515	621	16086	16192	5.59e-38	154
C7I31_RS14225	20	97.590	415	8	2	1	414	36842	37255	0.0	710
C7I31_RS14240	27	88.506	1653	182	8	1	1649	24470	26118	0.0	1993
C7I31_RS14245	27	94.398	357	20	0	1	357	24113	24469	3.41e-157	549
C7I31_RS14250	27	98.529	272	4	0	1	272	23595	23866	9.51e-137	481
C7I31_RS14255	27	100.000	492	0	0	1	492	23071	23562	0.0	909
C7I31_RS14260	20	99.484	1163	5	1	1	1163	16011	14850	0.0	2113
C7I31_RS14280	20	99.484	1163	5	1	1	1163	16011	14850	0.0	2113
C7I31_RS14310	20	97.653	213	5	0	1	213	3855	3643	2.12e-102	366
C7I31_RS14310	31	100.000	171	0	0	43	213	3928	4098	2.17e-87	316
C7I32_RS15335	27	97.759	357	5	1	1	357	4840	5193	4.29e-176	612
C7I32_RS15340	27	95.300	3851	150	16	70	3918	957	4778	0.0	6080
C7I32_RS15385	20	98.556	554	8	0	1	554	23116	23669	0.0	979
C7I32_RS15390	20	89.195	435	43	4	576	1008	22655	23087	6.03e-154	540
C7I32_RS15405	20	97.306	297	6	2	1	296	20002	20297	2.21e-143	503
C7I32_RS15540	20	78.651	1260	248	19	5	1252	35962	37212	0.0	817
C7I32_RS15545	20	79.537	777	149	7	1	769	35173	35947	9.92e-156	545
C7I32_RS15565	20	94.672	488	26	0	1	488	30154	30641	0.0	758
C7I32_RS15570	20	98.728	786	10	0	1	786	29363	30148	0.0	1397
C7I32_RS15580	20	99.690	2259	7	0	1	2259	26583	28841	0.0	4133
C7I32_RS15585	20	97.280	2353	56	6	1	2346	24245	26596	0.0	3984
C7I32_RS15600	20	98.995	199	1	1	64	261	24029	24227	5.73e-99	355
C7I32_RS15605	20	99.235	2352	18	0	1	2352	24245	26596	0.0	4244
C7I32_RS15610	20	98.934	2252	21	3	1	2252	26583	28831	0.0	4023
C7I32_RS15615	20	98.404	564	9	0	223	786	29585	30148	0.0	992
C7I32_RS15620	20	98.770	488	6	0	1	488	30154	30641	0.0	869
C7I32_RS15625	20	100.000	267	0	0	1	267	31234	31500	1.19e-140	494
C7I32_RS15630	20	100.000	495	0	0	1	495	31533	32027	0.0	915
C7I32_RS15635	20	100.000	417	0	0	1	417	32124	32540	0.0	771
C7I32_RS15640	20	100.000	585	0	0	1	585	32564	33148	0.0	1081
C7I32_RS15645	20	100.000	267	0	0	1	267	33255	33521	1.19e-140	494
C7I32_RS15650	20	100.000	276	0	0	1	276	33514	33789	1.23e-145	510
C7I32_RS15660	20	98.387	186	3	0	1	186	34592	34777	8.60e-91	327
C7I32_RS15665	20	99.479	192	1	0	1	192	34762	34953	1.90e-97	350
C7I32_RS15670	20	100.000	780	0	0	1	780	35173	35952	0.0	1441
C7I32_RS15675	20	100.000	1344	0	0	1	1344	35952	37295	0.0	2483
C7I32_RS15685	20	100.000	729	0	0	1	729	37986	38714	0.0	1347
C7I32_RS15690	20	94.891	411	21	0	1	411	38925	39335	0.0	643
C7I32_RS15695	20	97.050	339	10	0	1	339	39421	39759	6.90e-164	571
C7I32_RS15740	20	98.644	295	3	1	1	294	20002	20296	6.11e-149	521
C7I32_RS15755	20	89.315	365	34	5	576	938	22655	23016	8.03e-128	453
C7I32_RS15800	27	95.457	3918	149	15	2	3918	889	4778	0.0	6222
C7I32_RS15805	27	96.893	354	11	0	1	354	4840	5193	1.54e-170	593
DOU32_RS14335	27	97.794	272	6	0	1	272	23595	23866	2.06e-133	470
DOU32_RS14340	27	98.118	1647	31	0	1	1647	21916	23562	0.0	2870
DOU32_RS14395	27	99.126	1488	13	0	1	1488	10071	11558	0.0	2676
DOU32_RS14400	27	98.509	2616	39	0	1	2616	11570	14185	0.0	4615
DOU32_RS14405	27	94.577	627	13	1	1	627	14209	14814	0.0	950
DOU32_RS14410	27	97.154	246	7	0	1	246	14801	15046	2.43e-117	416
DOU32_RS14415	27	97.537	609	15	0	1	609	15030	15638	0.0	1042
DOU32_RS14420	27	98.399	687	11	0	1	687	15752	16438	0.0	1208
DOU32_RS14425	27	98.257	459	8	0	1	459	18308	18766	0.0	804
DOU32_RS14430	27	92.473	186	11	2	1	183	18812	18997	2.42e-71	263
DOU32_RS14435	27	98.354	486	8	0	1	486	19039	19524	0.0	854
DOU32_RS14440	27	99.344	1830	12	0	1	1830	19524	21353	0.0	3314
DOU32_RS14445	27	98.472	2160	33	0	1	2160	21403	23562	0.0	3807
DOU32_RS14450	27	98.897	272	3	0	1	272	23595	23866	2.04e-138	486
DOU32_RS14460	27	81.337	1152	194	19	587	1728	25015	26155	0.0	917
DOU32_RS14465	27	89.459	351	37	0	1	351	26188	26538	1.63e-125	444
DOU32_RS14475	20	79.969	1303	241	18	5	1296	35962	37255	0.0	942
DOU32_RS14475	27	93.662	142	7	1	1196	1335	27132	26991	7.15e-55	211
DOU32_RS14480	20	79.923	777	146	6	1	769	35173	35947	9.85e-161	562
DOU32_RS14490	20	91.667	192	16	0	1	192	34762	34953	1.97e-72	267
DOU32_RS14600	20	94.766	363	18	1	582	944	22655	23016	3.59e-161	564
DOU32_RS14615	20	98.944	284	3	0	1	284	20002	20285	4.76e-145	508
DOU32_RS14620	20	100.000	111	0	0	1	111	19652	19762	2.33e-54	206
DOU32_RS14630	20	99.715	351	1	0	1	351	19051	19401	0.0	643
DOU32_RS14635	20	99.323	1329	9	0	1	1329	17726	19054	0.0	2405
DOU32_RS14640	20	98.020	303	6	0	1	303	16996	17298	1.34e-150	527
DOU32_RS14645	20	96.970	198	6	0	1	198	16775	16972	2.02e-92	333
DOU32_RS14650	20	96.889	225	7	0	1	225	16490	16714	1.04e-105	377
DOU32_RS14655	20	90.127	314	31	0	2	315	16183	16496	5.29e-115	409
DOU32_RS14660	20	89.720	107	11	0	515	621	16086	16192	5.63e-33	137
DOU32_RS14680	41	88.964	589	65	0	1	589	734	146	0.0	728
DOU32_RS14695	41	93.206	574	39	0	1	574	9132	8559	0.0	845
DOU32_RS14700	41	100.000	473	0	0	71	543	9671	9199	0.0	874
DOU32_RS14705	46	99.290	1689	12	0	1	1689	2369	4057	0.0	3053
DOU32_RS14730	27	89.111	1653	172	8	1	1649	24470	26118	0.0	2049
DOU32_RS14735	27	99.160	357	3	0	1	357	24113	24469	0.0	643
DOU31_RS14355	20	94.766	363	18	1	582	944	22655	23016	3.59e-161	564
DOU31_RS14500	27	98.118	1647	31	0	1	1647	21916	23562	0.0	2870
DOU31_RS14505	27	98.897	272	3	0	1	272	23595	23866	2.04e-138	486
DOU31_RS14510	27	94.398	357	20	0	1	357	24113	24469	3.41e-157	549
DOU31_RS14515	27	88.627	1653	180	8	1	1649	24470	26118	0.0	2004
DOU31_RS14540	46	99.231	1690	12	1	1	1690	2369	4057	0.0	3048
DOU31_RS14545	41	100.000	473	0	0	71	543	9671	9199	0.0	874
DOU31_RS14550	41	93.206	574	39	0	1	574	9132	8559	0.0	845
DOU31_RS14565	41	88.964	589	65	0	1	589	734	146	0.0	728
DOU31_RS14585	20	89.720	107	11	0	515	621	16086	16192	5.63e-33	137
DOU31_RS14590	20	90.127	314	31	0	2	315	16183	16496	5.29e-115	409
DOU31_RS14595	20	96.889	225	7	0	1	225	16490	16714	1.04e-105	377
DOU31_RS14600	20	96.970	198	6	0	1	198	16775	16972	2.02e-92	333
DOU31_RS14605	20	98.020	303	6	0	1	303	16996	17298	1.34e-150	527
DOU31_RS14610	20	99.323	1329	9	0	1	1329	17726	19054	0.0	2405
DOU31_RS14615	20	99.430	351	2	0	1	351	19051	19401	0.0	638
DOU31_RS14625	20	100.000	111	0	0	1	111	19652	19762	2.33e-54	206
DOU31_RS14630	20	98.944	284	3	0	1	284	20002	20285	4.76e-145	508
DOU31_RS14655	41	99.675	615	2	0	1	615	734	120	0.0	1125
DOU31_RS14750	20	99.749	399	1	0	16	414	23650	24048	0.0	732
DOU31_RS14770	20	84.661	502	74	3	1	501	36756	37255	1.94e-141	497
DOU31_RS14770	27	94.483	145	6	1	398	540	27135	26991	1.31e-58	222
DOU31_RS14785	27	88.923	1652	176	7	1	1648	24470	26118	0.0	2030
DOU31_RS14790	27	96.078	357	14	0	1	357	24113	24469	3.37e-167	582
DOU31_RS14795	27	98.162	272	5	0	1	272	23595	23866	4.43e-135	475
DOU31_RS14800	27	98.519	2160	32	0	1	2160	21403	23562	0.0	3812
DOU31_RS14805	27	98.143	1831	32	2	1	1830	19524	21353	0.0	3192
DOU31_RS14810	27	99.588	486	2	0	1	486	19039	19524	0.0	887
DOU31_RS14815	27	92.473	186	11	2	1	183	18812	18997	2.42e-71	263
DOU31_RS14820	27	97.821	459	10	0	1	459	18308	18766	0.0	793
DOU31_RS14825	27	98.399	687	11	0	1	687	15752	16438	0.0	1208
DOU31_RS14830	27	97.865	609	13	0	1	609	15030	15638	0.0	1053
DOU31_RS14835	27	97.154	246	7	0	1	246	14801	15046	2.43e-117	416
DOU31_RS14840	27	94.737	627	12	1	1	627	14209	14814	0.0	955
DOU31_RS14860	27	99.640	2497	7	2	1	2495	11570	14066	0.0	4560
DOU31_RS14865	27	99.027	2365	22	1	27	2390	9194	11558	0.0	4239
DOU31_RS14870	27	99.091	330	3	0	1	330	8873	9202	1.54e-170	593
DOU31_RS14875	27	100.000	801	0	0	1	801	8071	8871	0.0	1480
DOU31_RS14880	27	100.000	297	0	0	1	297	7760	8056	2.80e-157	549
DOU31_RS14885	27	100.000	228	0	0	1	228	7520	7747	4.81e-119	422
DOU31_RS14890	27	100.000	435	0	0	1	435	7039	7473	0.0	804
DOU31_RS14895	27	99.889	900	1	0	1	900	6120	7019	0.0	1657
DOU31_RS14900	27	99.767	858	2	0	1	858	5221	6078	0.0	1574
DOU31_RS14905	27	99.160	357	0	1	1	357	4840	5193	0.0	640
DOU31_RS14910	27	99.012	2227	22	0	1656	3882	2552	4778	0.0	3991
DOU31_RS14910	27	90.494	789	47	17	2	785	889	1654	0.0	1016
DOU31_RS14930	1	86.905	168	22	0	1	168	261544	261377	6.61e-49	189
DOU31_RS14980	20	96.167	287	11	0	1	287	20002	20288	2.27e-133	470
DOU31_RS15020	20	87.065	201	25	1	1	201	16775	16974	3.52e-60	226
DOU31_RS15035	20	91.589	107	9	0	515	621	16086	16192	2.60e-36	148
DOU31_RS15095	49	86.675	758	99	2	154	910	530	1286	0.0	839
DOU31_RS15095	31	97.163	141	1	3	18	157	4105	4243	2.87e-62	235
DOU31_RS15095	20	96.269	134	4	1	24	157	3630	3498	2.89e-57	219
DOU31_RS15095	20	100.000	28	0	0	1	28	3897	3870	3.10e-07	52.8
DOU31_RS15100	20	99.807	1038	2	0	1	1038	13367	14404	0.0	1906
DOU31_RS15105	20	100.000	939	0	0	1	939	12403	13341	0.0	1735
DOU31_RS15110	20	94.500	600	33	0	1	600	11877	11278	0.0	926
DR75_RS00005	20	95.079	508	5	1	1	508	30154	30641	0.0	782
DR75_RS00015	20	98.728	786	10	0	1	786	29363	30148	0.0	1397
DR75_RS00025	20	99.646	2259	8	0	1	2259	26583	28841	0.0	4128
DR75_RS00030	20	99.150	2352	20	0	1	2352	24245	26596	0.0	4233
DR75_RS15270	20	100.000	984	0	0	1	984	23131	24114	0.0	1818
DR75_RS15275	20	99.901	1011	0	1	1	1010	22077	23087	0.0	1860
DR75_RS00065	20	100.000	846	0	0	1	846	21605	20760	0.0	1563
DR75_RS00070	20	100.000	372	0	0	1	372	20767	20396	0.0	688
DR75_RS00075	20	100.000	291	0	0	1	291	20002	20292	5.94e-154	538
DR75_RS15315	20	100.000	111	0	0	1	111	19652	19762	2.33e-54	206
DR75_RS00160	3	99.896	960	1	0	1	960	8709	7750	0.0	1768
DR75_RS00165	50	99.583	960	4	0	1	960	969	10	0.0	1751
DR75_RS00190	20	99.705	339	1	0	1	339	39421	39759	6.75e-179	621
DR75_RS00195	20	93.187	411	28	0	1	411	38925	39335	8.34e-174	604
DR75_RS00200	20	96.982	729	22	0	1	729	37986	38714	0.0	1225
DR75_RS00210	20	85.444	529	73	4	1	527	35173	35699	2.77e-156	547
DR75_RS00215	20	98.639	147	2	0	1	147	34807	34953	6.77e-71	261
DR75_RS00220	20	97.849	186	4	0	1	186	34592	34777	4.00e-89	322
DR75_RS00225	20	99.275	276	2	0	1	276	33514	33789	2.66e-142	499
DR75_RS00230	20	100.000	267	0	0	1	267	33255	33521	1.19e-140	494
DR75_RS00235	20	99.316	585	4	0	1	585	32564	33148	0.0	1059
DR75_RS00240	20	97.362	417	11	0	1	417	32124	32540	0.0	710
DR75_RS00250	20	98.371	491	8	0	1	491	31533	32023	0.0	863
DR75_RS00255	20	98.876	267	3	0	1	267	31234	31500	1.20e-135	477
DR75_RS00270	41	90.816	490	44	1	1	490	1356	868	0.0	654
DR75_RS00325	20	89.720	107	11	0	515	621	16086	16192	5.63e-33	137
DR75_RS00330	20	93.312	314	21	0	2	315	16183	16496	1.11e-131	464
DR75_RS00335	20	98.667	225	3	0	1	225	16490	16714	2.22e-112	399
DR75_RS00340	20	96.667	210	7	0	1	210	16775	16984	2.10e-97	350
DR75_RS00345	20	96.040	303	12	0	1	303	16996	17298	1.36e-140	494
DR75_RS00350	20	98.345	1329	22	0	1	1329	17726	19054	0.0	2333
DR75_RS00355	20	98.291	351	6	0	1	351	19051	19401	3.26e-177	616
DR75_RS00415	27	96.583	2224	75	1	3	2226	2556	4778	0.0	3685
DR75_RS00420	27	99.160	357	0	1	1	357	4840	5193	0.0	640
DR75_RS00425	27	99.883	858	1	0	1	858	5221	6078	0.0	1580
DR75_RS00430	27	99.333	900	5	1	1	899	6120	7019	0.0	1628
DR75_RS00435	27	99.310	435	3	0	1	435	7039	7473	0.0	787
DR75_RS00440	27	98.246	228	4	0	1	228	7520	7747	2.25e-112	399
DR75_RS00445	27	96.970	297	9	0	1	297	7760	8056	2.86e-142	499
DR75_RS00450	27	87.642	793	98	0	9	801	8079	8871	0.0	922
DR75_RS00455	27	98.485	330	5	0	1	330	8873	9202	3.34e-167	582
DR75_RS00460	27	98.816	2365	28	0	27	2391	9194	11558	0.0	4213
DR75_RS00465	27	98.554	2420	35	0	1	2420	11765	14184	0.0	4276
DR75_RS00470	27	95.056	627	10	7	1	627	14209	14814	0.0	966
DR75_RS00475	27	96.748	246	8	0	1	246	14801	15046	1.13e-115	411
DR75_RS00480	27	97.537	609	15	0	1	609	15030	15638	0.0	1042
DR75_RS00485	27	98.399	687	11	0	1	687	15752	16438	0.0	1208
DR75_RS00490	27	98.257	459	8	0	1	459	18308	18766	0.0	804
DR75_RS00495	27	92.473	186	11	2	1	183	18812	18997	2.42e-71	263
DR75_RS00500	27	98.971	486	5	0	1	486	19039	19524	0.0	870
DR75_RS00505	27	98.362	1831	28	2	1	1830	19524	21353	0.0	3214
DR75_RS00510	27	98.981	2160	22	0	1	2160	21403	23562	0.0	3868
DR75_RS00515	27	99.634	273	1	0	1	273	23595	23867	2.63e-142	499
DR75_RS00520	27	100.000	357	0	0	1	357	24113	24469	0.0	660
DR75_RS00525	27	99.941	1686	1	0	1	1686	24470	26155	0.0	3109
DR75_RS00530	27	100.000	351	0	0	1	351	26188	26538	0.0	649
DR75_RS00540	20	96.899	1290	37	3	17	1305	35968	37255	0.0	2158
DR75_RS00545	20	91.421	781	59	5	1	774	35173	35952	0.0	1064
DR75_RS00555	20	91.667	192	16	0	1	192	34762	34953	1.97e-72	267
EF_RS15785	20	95.317	363	16	1	582	944	22655	23016	1.66e-164	575
EF_RS15820	27	95.820	3923	125	25	2	3918	889	4778	0.0	6300
EF_RS15825	27	97.199	357	7	1	1	357	4840	5193	9.29e-173	601
EF_RS15830	27	99.767	858	2	0	1	858	5221	6078	0.0	1574
EF_RS15835	27	99.111	900	8	0	1	900	6120	7019	0.0	1618
EF_RS15840	27	99.540	435	2	0	1	435	7039	7473	0.0	793
EF_RS15845	27	98.684	228	3	0	1	228	7520	7747	4.84e-114	405
EF_RS15850	27	98.990	297	3	0	1	297	7760	8056	2.82e-152	532
EF_RS15855	27	88.020	793	95	0	9	801	8079	8871	0.0	939
EF_RS15860	27	97.576	330	8	0	1	330	8873	9202	3.36e-162	566
EF_RS15865	27	98.816	2365	28	0	27	2391	9194	11558	0.0	4213
EF_RS15870	27	98.357	2617	41	2	1	2616	11570	14185	0.0	4593
EF_RS15875	27	95.056	627	10	1	1	627	14209	14814	0.0	966
EF_RS15880	27	98.374	246	4	0	1	246	14801	15046	2.41e-122	433
EF_RS15885	27	97.537	609	15	0	1	609	15030	15638	0.0	1042
EF_RS15890	27	98.347	484	8	0	1	484	19039	19522	0.0	850
EF_RS15895	27	99.235	1830	14	0	1	1830	19524	21353	0.0	3302
EF_RS15900	27	98.796	2160	26	0	1	2160	21403	23562	0.0	3845
EF_RS15905	27	97.794	272	6	0	1	272	23595	23866	2.06e-133	470
EF_RS15910	27	99.720	357	1	0	1	357	24113	24469	0.0	654
EF_RS15915	27	99.348	1686	11	0	1	1686	24470	26155	0.0	3053
EF_RS15920	27	98.575	351	5	0	1	351	26188	26538	7.01e-179	621
EF_RS15925	20	92.065	1298	96	7	5	1299	35962	37255	0.0	1820
EF_RS15925	27	92.958	142	8	1	1199	1338	27132	26991	3.33e-53	206
EF_RS15930	20	79.794	777	147	6	1	769	35173	35947	4.58e-159	556
EF_RS15940	20	91.667	192	16	0	1	192	34762	34953	1.97e-72	267
EF_RS15970	20	82.842	577	96	3	1	574	32564	33140	2.07e-146	514
EF_RS15980	27	96.896	451	14	0	1011	1461	27129	27579	0.0	756
EF_RS16030	41	99.405	336	2	0	1	336	8414	8079	1.45e-175	610
EF_RS16060	20	97.887	284	6	0	1	284	20002	20285	4.79e-140	492
EF_RS16115	20	93.458	107	7	0	515	621	16086	16192	1.20e-39	159
EF_RS16120	20	94.839	310	16	0	2	311	16183	16492	8.46e-138	484
EF_RS16165	20	96.051	1013	36	4	1	1011	22077	23087	0.0	1646
EF_RS16165	20	97.297	37	0	1	521	557	22492	22527	5.74e-10	62.1
EF_RS16170	20	98.736	554	7	0	1	554	23116	23669	0.0	985
EF_RS16195	41	100.000	738	0	0	1	738	4740	4003	0.0	1363
EF_RS16250	20	78.687	1295	249	24	1	1280	35967	37249	0.0	837
EF_RS16255	20	79.622	687	129	8	1	679	35173	35856	7.67e-137	483
EF_RS16270	20	94.262	488	28	0	1	488	30154	30641	0.0	747
EF_RS16280	20	94.289	998	53	4	1	996	26583	27578	0.0	1524
EF_RS16280	20	84.000	775	120	3	1419	2192	28048	28819	0.0	741
EF_RS16285	20	96.983	2353	63	6	1	2346	24245	26596	0.0	3945
EF_RS16360	27	97.458	354	9	0	1	354	4840	5193	7.12e-174	604
EF_RS16365	27	96.767	2227	72	0	1665	3891	2552	4778	0.0	3714
EF_RS16365	27	89.281	793	58	13	2	794	889	1654	0.0	968
EF_RS16465	20	94.393	107	6	0	515	621	16086	16192	2.58e-41	165
EF_RS16470	20	97.569	288	7	0	1	288	16209	16496	1.29e-140	494
EF_RS16475	20	99.556	225	1	0	1	225	16490	16714	1.03e-115	411
EF_RS16480	20	99.048	210	2	0	1	210	16775	16984	9.64e-106	377
EF_RS16485	20	97.360	303	8	0	1	303	16996	17298	2.91e-147	516
EF_RS16490	20	98.194	1329	24	0	1	1329	17726	19054	0.0	2322
EF_RS16495	20	98.291	351	6	0	1	351	19051	19401	3.26e-177	616
EF_RS16500	20	98.198	111	2	0	1	111	19652	19762	5.05e-51	195
EF_RS16510	20	99.731	372	1	0	1	372	20767	20396	0.0	682
EF_RS16515	20	99.882	846	1	0	1	846	21605	20760	0.0	1557
EL279_RS14680	20	100.000	111	0	0	1	111	19652	19762	2.33e-54	206
EL279_RS14685	20	95.470	287	13	0	1	287	20002	20288	4.92e-130	459
EL279_RS14740	27	95.304	3918	155	15	2	3918	889	4778	0.0	6189
EL279_RS14745	27	98.039	357	4	1	1	357	4840	5193	9.23e-178	617
EL279_RS14830	20	96.685	2353	70	6	1	2346	24245	26596	0.0	3906
EL279_RS14835	20	99.159	2259	19	0	1	2259	26583	28841	0.0	4067
EL279_RS14845	20	98.728	786	10	0	1	786	29363	30148	0.0	1397
EL279_RS14850	20	95.697	488	21	0	1	488	30154	30641	0.0	785
EL279_RS14870	20	79.408	777	150	7	1	769	35173	35947	4.62e-154	540
EL279_RS14875	20	78.615	1300	251	24	5	1289	35962	37249	0.0	835
EL279_RS14945	41	100.000	84	0	0	1	84	5080	4997	1.68e-39	156
EL279_RS14950	41	100.000	84	0	0	1	84	4948	4865	1.68e-39	156
EL279_RS14955	41	99.458	738	4	0	1	738	4740	4003	0.0	1341
EL279_RS14965	41	100.000	84	0	0	1	84	5080	4997	1.68e-39	156
EL279_RS14975	4	100.000	498	0	0	1	498	276	773	0.0	920
EL279_RS14980	4	100.000	1953	0	0	1	1953	2797	845	0.0	3607
EL279_RS14985	4	99.578	237	1	0	1	237	3040	2804	2.32e-122	433
EL279_RS15045	41	94.305	597	34	0	1	597	734	138	0.0	915
EL279_RS15055	49	99.830	1179	2	0	1	1179	108	1286	0.0	2167
EL279_RS15075	41	100.000	84	0	0	1	84	5080	4997	1.68e-39	156
EL279_RS15080	41	100.000	84	0	0	1	84	4948	4865	1.68e-39	156
EL279_RS15085	41	99.593	738	3	0	1	738	4740	4003	0.0	1347
EL279_RS15185	49	99.830	1179	2	0	1	1179	108	1286	0.0	2167
EL279_RS15235	20	94.000	600	36	0	1	600	11877	11278	0.0	909
EL279_RS15300	27	92.779	3919	212	23	22	3918	909	4778	0.0	5603
EL279_RS15505	20	99.681	939	3	0	1	939	12403	13341	0.0	1718
EL279_RS15510	20	99.807	1038	2	0	1	1038	13367	14404	0.0	1906
EL279_RS15575	20	98.131	107	2	0	515	621	16086	16192	5.51e-48	187
EL279_RS15580	20	85.764	288	41	0	1	288	16209	16496	6.48e-84	305
EL279_RS15585	20	88.442	199	23	0	1	199	16490	16688	1.36e-64	241
EL279_RS15695	41	99.593	738	3	0	1	738	4740	4003	0.0	1347
EL279_RS15700	41	98.810	84	1	0	1	84	4948	4865	7.83e-38	150
EL279_RS15990	41	99.864	738	1	0	1	738	4740	4003	0.0	1358
EL240_RS14685	20	100.000	111	0	0	1	111	19652	19762	2.33e-54	206
EL240_RS14690	20	95.470	287	13	0	1	287	20002	20288	4.92e-130	459
EL240_RS14745	27	95.304	3918	155	15	2	3918	889	4778	0.0	6189
EL240_RS14750	27	98.039	357	4	1	1	357	4840	5193	9.23e-178	617
EL240_RS14835	20	96.685	2353	70	6	1	2346	24245	26596	0.0	3906
EL240_RS14840	20	99.159	2259	19	0	1	2259	26583	28841	0.0	4067
EL240_RS14850	20	98.728	786	10	0	1	786	29363	30148	0.0	1397
EL240_RS14855	20	95.697	488	21	0	1	488	30154	30641	0.0	785
EL240_RS14875	20	79.408	777	150	7	1	769	35173	35947	4.62e-154	540
EL240_RS14880	20	78.615	1300	251	24	5	1289	35962	37249	0.0	835
EL240_RS14950	41	100.000	84	0	0	1	84	5080	4997	1.68e-39	156
EL240_RS14955	41	100.000	84	0	0	1	84	4948	4865	1.68e-39	156
EL240_RS14960	41	99.458	738	4	0	1	738	4740	4003	0.0	1341
EL240_RS14970	41	100.000	84	0	0	1	84	5080	4997	1.68e-39	156
EL240_RS14980	4	100.000	498	0	0	1	498	276	773	0.0	920
EL240_RS14985	4	100.000	1953	0	0	1	1953	2797	845	0.0	3607
EL240_RS14990	4	99.578	237	1	0	1	237	3040	2804	2.32e-122	433
EL240_RS15050	41	94.305	597	34	0	1	597	734	138	0.0	915
EL240_RS15060	49	99.830	1179	2	0	1	1179	108	1286	0.0	2167
EL240_RS15080	41	100.000	84	0	0	1	84	5080	4997	1.68e-39	156
EL240_RS15085	41	100.000	84	0	0	1	84	4948	4865	1.68e-39	156
EL240_RS15090	41	99.593	738	3	0	1	738	4740	4003	0.0	1347
EL240_RS15190	49	99.830	1179	2	0	1	1179	108	1286	0.0	2167
EL240_RS15240	20	94.000	600	36	0	1	600	11877	11278	0.0	909
EL240_RS15305	27	92.779	3919	212	23	22	3918	909	4778	0.0	5603
EL240_RS15510	20	99.681	939	3	0	1	939	12403	13341	0.0	1718
EL240_RS15515	20	99.807	1038	2	0	1	1038	13367	14404	0.0	1906
EL240_RS15580	20	98.131	107	2	0	515	621	16086	16192	5.51e-48	187
EL240_RS15585	20	85.764	288	41	0	1	288	16209	16496	6.48e-84	305
EL240_RS15590	20	88.442	199	23	0	1	199	16490	16688	1.36e-64	241
EL240_RS15700	41	99.593	738	3	0	1	738	4740	4003	0.0	1347
EL240_RS15705	41	98.810	84	1	0	1	84	4948	4865	7.83e-38	150
EL240_RS15995	41	99.864	738	1	0	1	738	4740	4003	0.0	1358
FOV01_RS13345	27	90.923	3834	279	41	40	3855	927	4709	0.0	5088
FOV01_RS13460	27	98.319	357	3	1	1	357	4840	5193	1.98e-179	623
FOV01_RS13465	27	97.222	3708	99	4	13	3719	1074	4778	0.0	6274
FOV01_RS13485	20	98.540	274	4	0	1	274	23396	23669	2.56e-137	484
FOV01_RS13490	20	99.625	267	1	0	1	267	23116	23382	5.55e-139	488
FOV01_RS13495	20	91.455	433	37	0	576	1008	22655	23087	1.27e-170	595
FOV01_RS13510	20	97.643	297	5	2	1	296	20002	20297	4.76e-145	508
FOV01_RS13550	20	97.541	488	12	0	1	488	30154	30641	0.0	835
FOV01_RS13555	20	99.491	786	4	0	1	786	29363	30148	0.0	1430
FOV01_RS13565	20	97.034	2259	67	0	1	2259	26583	28841	0.0	3801
FOV01_RS13570	20	96.813	2353	67	6	1	2346	24245	26596	0.0	3923
FOV01_RS13605	3	77.984	972	190	18	1	960	8709	7750	2.02e-168	588
FOV01_RS13635	20	100.000	35	0	0	221	255	16086	16052	1.05e-11	65.8
FOV01_RS13640	20	99.570	1163	4	1	1	1163	16011	14850	0.0	2119
FOV01_RS13745	20	89.807	363	36	1	576	938	22655	23016	3.71e-131	464
FOV01_RS13760	20	97.643	297	5	2	1	296	20002	20297	4.76e-145	508
FOV01_RS13765	20	100.000	111	0	0	1	111	19652	19762	2.33e-54	206
FOV01_RS13775	20	98.291	351	6	0	1	351	19051	19401	3.26e-177	616
FOV01_RS13780	20	98.646	1329	18	0	1	1329	17726	19054	0.0	2355
FOV01_RS13785	20	91.304	161	14	0	65	225	17138	17298	1.86e-58	220
HTG14_RS00015	3	77.984	972	190	18	1	960	8709	7750	2.02e-168	588
HTG14_RS00070	41	99.322	738	5	0	1	738	4740	4003	0.0	1336
HTG14_RS00075	41	100.000	84	0	0	1	84	4948	4865	1.68e-39	156
HTG14_RS00080	41	100.000	84	0	0	1	84	5080	4997	1.68e-39	156
HTG14_RS00095	20	99.656	1163	3	1	1	1163	16011	14850	0.0	2124
HTG14_RS00145	41	99.322	738	5	0	1	738	4740	4003	0.0	1336
HTG14_RS00150	41	100.000	84	0	0	1	84	4948	4865	1.68e-39	156
HTG14_RS00155	41	100.000	84	0	0	1	84	5080	4997	1.68e-39	156
HTG14_RS00180	20	99.656	1163	3	1	1	1163	16011	14850	0.0	2124
HTG14_RS00185	20	100.000	35	0	0	221	255	16086	16052	1.05e-11	65.8
HTG24_RS00030	20	89.863	365	32	5	576	938	22655	23016	3.71e-131	464
HTG24_RS00045	20	97.643	297	5	2	1	296	20002	20297	4.76e-145	508
HTG24_RS00050	20	100.000	111	0	0	1	111	19652	19762	2.33e-54	206
HTG24_RS00055	20	98.291	351	6	0	1	351	19051	19401	3.26e-177	616
HTG24_RS00060	20	98.570	1329	19	0	1	1329	17726	19054	0.0	2350
HTG24_RS00295	27	90.209	3820	303	39	40	3840	927	4694	0.0	4916
HTG24_RS00305	3	99.896	960	1	0	1	960	8709	7750	0.0	1768
HTG24_RS00310	3	93.220	59	4	0	2474	2532	7728	7786	2.40e-17	87.9
HTG28_RS00015	3	77.984	972	190	18	1	960	8709	7750	2.02e-168	588
HTG28_RS00070	41	99.322	738	5	0	1	738	4740	4003	0.0	1336
HTG28_RS00075	41	100.000	84	0	0	1	84	4948	4865	1.68e-39	156
HTG28_RS00080	41	100.000	84	0	0	1	84	5080	4997	1.68e-39	156
HTG28_RS00095	20	99.656	1163	3	1	1	1163	16011	14850	0.0	2124
HTG28_RS00145	41	99.322	738	5	0	1	738	4740	4003	0.0	1336
HTG28_RS00150	41	100.000	84	0	0	1	84	4948	4865	1.68e-39	156
HTG28_RS00155	41	98.810	84	1	0	1	84	5080	4997	7.83e-38	150
HTG28_RS00180	20	99.656	1163	3	1	1	1163	16011	14850	0.0	2124
HTG28_RS00185	20	100.000	35	0	0	221	255	16086	16052	1.05e-11	65.8
HTG27_RS00015	3	77.984	972	190	18	1	960	8709	7750	2.02e-168	588
HTG27_RS00070	41	99.322	738	5	0	1	738	4740	4003	0.0	1336
HTG27_RS00075	41	100.000	84	0	0	1	84	4948	4865	1.68e-39	156
HTG27_RS00080	41	100.000	84	0	0	1	84	5080	4997	1.68e-39	156
HTG27_RS00095	20	99.656	1163	3	1	1	1163	16011	14850	0.0	2124
HTG27_RS00145	41	99.322	738	5	0	1	738	4740	4003	0.0	1336
HTG27_RS00150	41	100.000	84	0	0	1	84	4948	4865	1.68e-39	156
HTG27_RS00155	41	98.810	84	1	0	1	84	5080	4997	7.83e-38	150
HTG27_RS00180	20	99.656	1163	3	1	1	1163	16011	14850	0.0	2124
HTG27_RS00185	20	100.000	35	0	0	221	255	16086	16052	1.05e-11	65.8
HTG21_RS00015	3	77.984	972	190	18	1	960	8709	7750	2.02e-168	588
HTG21_RS00070	41	99.322	738	5	0	1	738	4740	4003	0.0	1336
HTG21_RS00075	41	100.000	84	0	0	1	84	4948	4865	1.68e-39	156
HTG21_RS00080	41	100.000	84	0	0	1	84	5080	4997	1.68e-39	156
HTG21_RS00095	20	99.656	1163	3	1	1	1163	16011	14850	0.0	2124
HTG21_RS00145	41	99.322	738	5	0	1	738	4740	4003	0.0	1336
HTG21_RS00150	41	100.000	84	0	0	1	84	4948	4865	1.68e-39	156
HTG21_RS00175	20	99.656	1163	3	1	1	1163	16011	14850	0.0	2124
HTG21_RS00180	20	100.000	35	0	0	221	255	16086	16052	1.05e-11	65.8
HTG44_RS00015	3	77.984	972	190	18	1	960	8709	7750	2.02e-168	588
HTG44_RS00070	41	99.322	738	5	0	1	738	4740	4003	0.0	1336
HTG44_RS00075	41	100.000	84	0	0	1	84	4948	4865	1.68e-39	156
HTG44_RS00080	41	100.000	84	0	0	1	84	5080	4997	1.68e-39	156
HTG44_RS00095	20	99.656	1163	3	1	1	1163	16011	14850	0.0	2124
HTG44_RS00145	41	99.322	738	5	0	1	738	4740	4003	0.0	1336
HTG44_RS00150	41	97.647	85	1	1	1	85	4948	4865	3.70e-36	145
HTG44_RS00155	41	100.000	84	0	0	1	84	5080	4997	1.68e-39	156
HTG44_RS00180	20	99.656	1163	3	1	1	1163	16011	14850	0.0	2124
HTG44_RS00185	20	100.000	35	0	0	221	255	16086	16052	1.05e-11	65.8
HTK17_RS00015	4	100.000	486	0	0	1	486	276	761	0.0	898
HTK17_RS00025	41	99.445	721	4	0	1	721	4740	4020	0.0	1310
HTK17_RS00030	41	100.000	84	0	0	1	84	4948	4865	1.68e-39	156
HTK17_RS00035	41	100.000	84	0	0	1	84	5080	4997	1.68e-39	156
HTK17_RS00170	20	93.857	293	17	1	1	292	20002	20294	1.76e-124	440
HTK17_RS00210	20	89.172	314	34	0	2	315	16183	16496	5.33e-110	392
HTK17_RS00215	20	92.381	105	8	0	517	621	16088	16192	7.23e-37	150
HTK17_RS00295	20	97.590	415	8	2	1	414	36842	37255	0.0	710
HTK17_RS00300	27	98.701	77	1	0	1	77	26862	26938	1.39e-33	137
HTK17_RS00310	27	88.808	1653	177	8	1	1649	24470	26118	0.0	2021
HTK17_RS00315	27	94.398	357	20	0	1	357	24113	24469	3.41e-157	549
HTK17_RS00320	27	98.529	272	4	0	1	272	23595	23866	9.51e-137	481
HTK17_RS00325	27	99.722	2160	6	0	1	2160	21403	23562	0.0	3956
HTK17_RS00330	27	98.361	1830	29	1	1	1829	19524	21353	0.0	3212
HTK17_RS00445	27	99.041	417	4	0	1	417	19524	19940	0.0	749
HTK17_RS00450	27	98.456	259	4	0	1	259	19264	19522	1.53e-129	457
HTK17_RS00465	20	94.965	1013	47	4	1	1011	22077	23087	0.0	1585
HTK17_RS00465	20	97.297	37	0	1	521	557	22492	22527	5.74e-10	62.1
HTK17_RS00470	20	99.409	846	5	0	1	846	21605	20760	0.0	1535
HTK17_RS00475	20	98.925	372	4	0	1	372	20767	20396	0.0	665
HTK17_RS00480	41	100.000	84	0	0	1	84	5080	4997	1.68e-39	156
HTK17_RS00485	41	100.000	84	0	0	1	84	4948	4865	1.68e-39	156
HTK17_RS00490	41	99.458	738	4	0	1	738	4740	4003	0.0	1341
HTL57_RS00305	41	98.653	594	8	0	1	594	3662	3069	0.0	1053
HTL57_RS00310	41	98.459	1428	22	0	1	1428	3091	1664	0.0	2516
HTL57_RS00315	41	94.154	804	47	0	1	804	1671	868	0.0	1225
HTL57_RS00400	10	77.019	322	72	2	1	321	85279	84959	5.59e-47	183
HTL57_RS00660	1	88.938	226	18	1	1	226	261544	261326	6.53e-74	272
HTM13_RS00030	20	96.296	297	9	2	1	296	20002	20297	2.23e-138	486
HTM13_RS00045	20	91.686	433	36	0	582	1014	22655	23087	2.74e-172	601
HTM13_RS00060	27	98.456	259	4	0	1	259	19264	19522	1.53e-129	457
HTM13_RS00065	27	99.041	417	4	0	1	417	19524	19940	0.0	749
HTQ42_RS00005	27	98.374	246	4	0	1	246	14801	15046	2.41e-122	433
HTQ42_RS00010	27	97.373	609	16	0	1	609	15030	15638	0.0	1037
HTQ42_RS00020	27	98.108	687	13	0	1	687	15752	16438	0.0	1197
HTQ42_RS00025	27	98.693	459	6	0	1	459	18308	18766	0.0	815
HTQ42_RS00030	27	97.990	199	3	1	1	198	18812	19010	9.16e-96	344
HTQ42_RS00035	27	98.907	1830	20	0	1	1830	19524	21353	0.0	3269
HTQ42_RS00040	27	95.041	242	9	3	1	240	20850	21090	1.12e-105	377
HTQ42_RS00045	27	96.774	217	6	1	1	216	21403	21619	1.00e-100	361
HTQ42_RS00050	27	99.048	210	1	1	1	209	21616	21825	3.58e-105	375
HTQ42_RS00055	27	98.472	2160	33	0	1	2160	21403	23562	0.0	3807
HTQ42_RS00060	27	98.529	272	4	0	1	272	23595	23866	9.51e-137	481
HTQ42_RS00065	27	94.678	357	19	0	1	357	24113	24469	7.34e-159	555
HTQ42_RS00070	27	98.873	1686	19	0	1	1686	24470	26155	0.0	3009
HTQ42_RS00075	27	98.860	351	4	0	1	351	26188	26538	1.51e-180	627
HTQ42_RS00080	27	98.701	77	1	0	1	77	26862	26938	1.39e-33	137
HTQ42_RS00085	20	97.595	1289	30	1	17	1305	35968	37255	0.0	2207
HTQ42_RS00090	20	94.103	780	46	0	1	780	35173	35952	0.0	1186
HTQ42_RS00100	20	91.667	192	16	0	1	192	34762	34953	1.97e-72	267
HTQ42_RS00140	20	83.016	577	95	3	1	574	32564	33140	4.45e-148	520
HTQ42_RS00145	27	97.690	303	7	0	7	309	27277	27579	6.38e-149	521
HTQ42_RS00235	27	94.643	3920	177	17	2	3918	889	4778	0.0	6045
HTQ42_RS00240	27	97.163	141	4	0	1	141	4638	4778	3.02e-64	239
HTQ42_RS00245	27	98.319	357	3	1	1	357	4840	5193	1.98e-179	623
HTQ42_RS00250	27	99.534	858	4	0	1	858	5221	6078	0.0	1563
HTQ42_RS00255	27	98.778	900	11	0	1	900	6120	7019	0.0	1602
HTQ42_RS00260	27	100.000	435	0	0	1	435	7039	7473	0.0	804
HTQ42_RS00265	27	100.000	228	0	0	1	228	7520	7747	4.81e-119	422
HTQ42_RS00270	27	99.663	297	1	0	1	297	7760	8056	1.30e-155	544
HTQ42_RS00275	27	87.894	793	96	0	9	801	8079	8871	0.0	933
HTQ42_RS00280	27	98.182	330	6	0	1	330	8873	9202	1.55e-165	577
HTQ42_RS00285	27	98.901	2365	26	0	27	2391	9194	11558	0.0	4224
HTQ42_RS00290	27	98.815	2616	31	0	1	2616	11570	14185	0.0	4660
HTQ42_RS00295	27	95.534	627	7	1	1	627	14209	14814	0.0	983
HTW12_RS00025	41	100.000	84	0	0	1	84	5080	4997	1.68e-39	156
HTW12_RS00030	41	98.810	84	1	0	1	84	4948	4865	7.83e-38	150
HTW12_RS00035	41	99.729	738	2	0	1	738	4740	4003	0.0	1352
HTW12_RS00135	41	99.593	738	3	0	1	738	4740	4003	0.0	1347
HTW12_RS00140	41	100.000	84	0	0	1	84	4948	4865	1.68e-39	156
HTW12_RS00145	41	96.471	85	1	1	158	242	5079	4997	5.79e-34	139
HTW12_RS00185	41	99.864	738	1	0	1	738	4740	4003	0.0	1358
HTW12_RS00190	41	100.000	84	0	0	1	84	4948	4865	1.68e-39	156
HTW12_RS00195	41	100.000	83	0	0	158	240	5079	4997	2.05e-38	154
HTW12_RS00365	20	78.615	1300	251	24	5	1289	35962	37249	0.0	835
HTW12_RS00370	20	79.408	777	150	7	1	769	35173	35947	4.62e-154	540
HTW12_RS00385	20	95.697	488	21	0	1	488	30154	30641	0.0	785
HTW12_RS00390	20	98.728	786	10	0	1	786	29363	30148	0.0	1397
HTW12_RS00395	20	99.159	2259	19	0	1	2259	26583	28841	0.0	4067
HTW12_RS00400	20	96.685	2353	70	6	1	2346	24245	26596	0.0	3906
HTW12_RS00480	27	98.039	357	4	1	1	357	4840	5193	9.23e-178	617
HTW12_RS00485	27	95.304	3918	155	15	2	3918	889	4778	0.0	6189
HTW12_RS00540	20	95.819	287	12	0	1	287	20002	20288	1.06e-131	464
HTW12_RS00545	20	100.000	111	0	0	1	111	19652	19762	2.33e-54	206
HTW12_RS00635	4	100.000	237	0	0	1	237	3040	2804	4.98e-124	438
HTW12_RS00640	4	100.000	1953	0	0	1	1953	2797	845	0.0	3607
HTW12_RS00645	4	99.799	498	1	0	1	498	276	773	0.0	915
HTX46_RS00035	20	100.000	111	0	0	1	111	19652	19762	2.33e-54	206
HTX46_RS00040	20	97.909	287	6	0	1	287	20002	20288	1.04e-141	497
HTX46_RS00095	27	95.329	3918	154	15	2	3918	889	4778	0.0	6194
HTX46_RS00100	27	98.039	357	4	1	1	357	4840	5193	9.23e-178	617
HTX46_RS00180	20	96.429	2352	78	3	1	2346	24245	26596	0.0	3873
HTX46_RS00185	20	99.159	2259	19	0	1	2259	26583	28841	0.0	4067
HTX46_RS00190	20	98.728	786	10	0	1	786	29363	30148	0.0	1397
HTX46_RS00195	20	95.697	488	21	0	1	488	30154	30641	0.0	785
HTX46_RS00210	20	79.408	777	150	7	1	769	35173	35947	4.62e-154	540
HTX46_RS00215	20	78.615	1300	251	24	5	1289	35962	37249	0.0	835
HTX46_RS00230	20	91.772	158	13	0	110	267	34210	34367	2.24e-58	220
A6B47_RS14475	20	91.220	410	36	0	145	554	32708	33117	9.47e-160	558
A6B47_RS14495	20	93.788	660	30	1	1	649	39974	40633	0.0	981
A6B47_RS14540	41	93.798	387	24	0	1	387	6580	6966	3.67e-167	582
A6B47_RS14630	2	95.164	1034	38	1	2	1023	18525	17492	0.0	1622
A6B47_RS14655	48	96.629	89	3	0	1	89	89	1	5.63e-37	148
A6B47_RS14655	15	96.721	61	2	0	90	150	1	61	4.45e-23	102
A6B47_RS14655	13	96.667	60	2	0	91	150	2	61	1.60e-22	100
A6B47_RS14660	27	81.089	349	37	13	2	349	889	1209	1.15e-67	252
A6B47_RS14665	20	90.813	283	26	0	6	288	16214	16496	3.77e-106	379
A6B47_RS14670	20	91.667	192	16	0	1	192	16490	16681	2.01e-72	267
A6B47_RS14685	48	97.087	206	6	0	1	206	206	1	1.02e-96	348
A6B47_RS14690	48	95.763	118	5	0	1	118	701	584	7.17e-50	191
A6B47_RS14695	48	93.600	125	8	0	5	129	1122	998	1.47e-48	187
A6B47_RS14695	48	100.000	59	0	0	122	180	843	785	3.27e-25	110
A6B47_RS14730	4	82.251	462	82	0	1	462	121925	121464	4.97e-112	399
A6B47_RS14970	20	93.939	363	21	1	582	944	22655	23016	3.60e-156	547
A6B47_RS15005	27	94.643	3920	177	17	2	3918	889	4778	0.0	6045
A6B47_RS15010	27	96.328	354	13	0	1	354	4840	5193	3.34e-167	582
A6B47_RS15090	20	96.514	2352	76	3	1	2346	24245	26596	0.0	3884
A6B47_RS15095	20	98.934	2252	21	3	1	2252	26583	28831	0.0	4023
A6B47_RS15105	20	98.759	564	7	0	223	786	29585	30148	0.0	1003
A6B47_RS15110	20	98.770	488	6	0	1	488	30154	30641	0.0	869
A6B47_RS15115	20	99.625	267	1	0	1	267	31234	31500	5.55e-139	488
A6B47_RS15120	20	98.990	495	5	0	1	495	31533	32027	0.0	887
A6B47_RS15125	20	99.281	417	3	0	1	417	32124	32540	0.0	754
A6B47_RS15130	20	88.021	576	69	0	1	576	32564	33139	0.0	682
A6B47_RS15140	20	99.248	266	2	0	2	267	33256	33521	9.29e-137	481
A6B47_RS15145	20	99.638	276	1	0	1	276	33514	33789	5.71e-144	505
A6B47_RS15155	20	98.387	186	3	0	1	186	34592	34777	8.60e-91	327
A6B47_RS15160	20	96.875	192	6	0	1	192	34762	34953	4.15e-89	322
A6B47_RS15165	20	87.689	528	63	2	1	527	35173	35699	2.69e-176	614
A6B47_RS15180	20	96.571	729	25	0	1	729	37986	38714	0.0	1208
A6B47_RS15185	20	99.513	411	2	0	1	411	38925	39335	0.0	749
A6B47_RS15190	20	99.410	339	2	0	1	339	39421	39759	3.14e-177	616
A6B47_RS15525	20	90.230	174	17	0	1	174	39808	39981	8.33e-61	228
A6B47_RS15215	41	96.165	339	13	0	1	339	8414	8076	6.95e-159	555
A6B47_RS15240	20	90.654	107	10	0	515	621	16086	16192	1.21e-34	143
A6B47_RS15245	20	93.631	314	20	0	2	315	16183	16496	2.39e-133	470
A6B47_RS15250	20	98.667	225	3	0	1	225	16490	16714	2.22e-112	399
A6B47_RS15255	20	97.143	210	6	0	1	210	16775	16984	4.52e-99	355
A6B47_RS15260	20	96.370	303	11	0	1	303	16996	17298	2.93e-142	499
A6B47_RS15265	20	98.273	1332	20	2	1	1332	17726	19054	0.0	2329
A6B47_RS15270	20	98.006	351	7	0	1	351	19051	19401	1.52e-175	610
A6B47_RS15280	20	100.000	111	0	0	1	111	19652	19762	2.33e-54	206
A6B47_RS15285	20	99.648	284	1	0	1	284	20002	20285	2.20e-148	520
DTO64_RS15950	41	96.471	85	1	1	158	242	5079	4997	5.79e-34	139
DTO64_RS15955	41	100.000	84	0	0	1	84	4948	4865	1.68e-39	156
DTO64_RS15960	41	99.864	738	1	0	1	738	4740	4003	0.0	1358
DTO64_RS16060	20	91.917	433	35	0	582	1014	22655	23087	5.90e-174	606
DTO64_RS17005	20	97.590	249	6	0	30	278	20037	20285	1.34e-120	427
DTO64_RS16240	20	96.827	1891	52	4	1	1884	24245	26134	0.0	3153
DTO64_RS16250	20	97.110	2353	59	5	1	2345	24245	26596	0.0	3960
DTO64_RS16255	20	99.067	2252	18	3	1	2252	26583	28831	0.0	4039
DTO64_RS16260	20	98.404	564	9	0	223	786	29585	30148	0.0	992
DTO64_RS16265	20	98.770	488	6	0	1	488	30154	30641	0.0	869
DTO64_RS16275	20	99.251	267	2	0	1	267	31234	31500	2.58e-137	483
DTO64_RS16280	20	98.788	495	6	0	1	495	31533	32027	0.0	881
DTO64_RS16285	20	99.041	417	4	0	1	417	32124	32540	0.0	749
DTO64_RS16290	20	96.239	585	22	0	1	585	32564	33148	0.0	959
DTO64_RS16295	20	100.000	267	0	0	1	267	33255	33521	1.19e-140	494
DTO64_RS16300	20	98.551	276	4	0	1	276	33514	33789	5.75e-139	488
DTO64_RS16310	20	98.387	186	3	0	1	186	34592	34777	8.60e-91	327
DTO64_RS16315	20	97.279	147	4	0	1	147	34807	34953	1.47e-67	250
DTO64_RS16320	20	85.444	529	73	4	1	527	35173	35699	2.77e-156	547
DTO64_RS16335	20	96.708	729	24	0	1	729	37986	38714	0.0	1214
DTO64_RS16340	20	94.161	411	24	0	1	411	38925	39335	1.78e-180	627
DTO64_RS16345	20	97.640	339	8	0	1	339	39421	39759	3.19e-167	582
DTO64_RS16350	20	93.788	660	41	0	1	660	39974	40633	0.0	992
DTO64_RS16360	27	97.773	449	10	0	1013	1461	27131	27579	0.0	774
DTO64_RS16505	20	94.393	107	6	0	515	621	16086	16192	2.58e-41	165
DTO64_RS16510	20	97.569	288	7	0	1	288	16209	16496	1.29e-140	494
DTO64_RS16515	20	99.556	225	1	0	1	225	16490	16714	1.03e-115	411
DTO64_RS16520	20	99.048	210	2	0	1	210	16775	16984	9.64e-106	377
DTO64_RS16525	20	97.360	303	8	0	1	303	16996	17298	2.91e-147	516
DTO64_RS16530	20	98.309	414	7	0	1	414	17726	18139	0.0	726
DTO64_RS16545	20	98.152	920	17	0	2	921	18135	19054	0.0	1605
DTO64_RS16550	20	98.291	351	6	0	1	351	19051	19401	3.26e-177	616
DTO64_RS16560	20	98.198	111	2	0	1	111	19652	19762	5.05e-51	195
DTO64_RS17025	20	87.973	291	35	0	1	291	20002	20292	1.39e-95	344
DTO64_RS16575	20	99.731	372	1	0	1	372	20767	20396	0.0	682
DTO64_RS16580	20	99.882	846	1	0	1	846	21605	20760	0.0	1557
DTO64_RS16590	20	96.051	1013	36	4	1	1011	22077	23087	0.0	1646
DTO64_RS16590	20	97.297	37	0	1	521	557	22492	22527	5.74e-10	62.1
DTO64_RS16595	20	98.736	554	7	0	1	554	23116	23669	0.0	985
DTO64_RS16670	27	96.767	2227	72	0	1665	3891	2552	4778	0.0	3714
DTO64_RS16670	27	89.281	793	58	13	2	794	889	1654	0.0	968
DTO64_RS16675	27	97.458	354	9	0	1	354	4840	5193	7.12e-174	604
DTO64_RS16750	20	96.983	2353	62	7	1	2345	24245	26596	0.0	3943
DTO64_RS16755	20	94.289	998	53	4	1	996	26583	27578	0.0	1524
GKQ57_RS13950	20	93.939	363	21	1	582	944	22655	23016	3.60e-156	547
GKQ57_RS13995	27	96.123	3714	130	6	215	3927	1078	4778	0.0	6048
GKQ57_RS14000	27	97.151	351	7	1	1	351	4840	5187	2.01e-169	590
GKQ57_RS14115	20	87.674	1290	156	3	17	1305	35968	37255	0.0	1498
GKQ57_RS14115	27	95.172	145	5	1	1202	1344	27135	26991	7.15e-60	228
GKQ57_RS14120	20	91.026	780	64	3	1	774	35173	35952	0.0	1048
GKQ57_RS14130	20	91.667	192	16	0	1	192	34762	34953	1.97e-72	267
GKQ57_RS14160	20	83.598	567	76	10	1	563	32564	33117	5.88e-147	516
GKQ57_RS14175	20	97.268	183	5	0	1	183	40683	40865	8.51e-86	311
GKQ57_RS14185	20	85.482	1474	185	19	1	1470	41921	43369	0.0	1509
GKQ57_RS14185	20	89.552	201	21	0	997	1197	43169	43369	4.38e-68	255
GKQ57_RS14185	20	85.500	200	28	1	1585	1784	42923	43121	1.24e-53	207
GKQ57_RS14185	20	86.207	174	24	0	1585	1758	43196	43369	4.50e-48	189
GKQ57_RS14185	62	97.561	287	7	0	1471	1757	1	287	3.07e-139	492
GKQ57_RS14185	46	100.000	30	0	0	1759	1788	1	30	4.77e-08	56.5
GKQ57_RS14190	46	98.738	634	7	1	4	636	217	850	0.0	1125
GKQ57_RS14195	46	100.000	468	0	0	1	468	837	1304	0.0	865
GKQ57_RS14200	46	100.000	528	0	0	1	528	1307	1834	0.0	976
GKQ57_RS14205	46	99.954	2181	1	0	1	2181	1877	4057	0.0	4023
GKQ57_RS14210	41	100.000	473	0	0	71	543	9671	9199	0.0	874
GKQ57_RS14215	41	100.000	576	0	0	1	576	9132	8557	0.0	1064
GKQ57_RS14220	41	100.000	333	0	0	1	333	8414	8082	3.08e-177	616
GKQ57_RS14225	41	100.000	1320	0	0	1	1320	6580	7899	0.0	2438
GKQ57_RS14230	41	100.000	756	0	0	1	756	6120	5365	0.0	1397
GKQ57_RS14270	41	94.154	804	47	0	1	804	1671	868	0.0	1225
GKQ57_RS14275	41	98.319	1428	24	0	1	1428	3091	1664	0.0	2505
GKQ57_RS14280	41	98.653	594	8	0	1	594	3662	3069	0.0	1053
GKQ57_RS14295	20	94.393	107	6	0	515	621	16086	16192	2.58e-41	165
GKQ57_RS14300	20	97.569	288	7	0	1	288	16209	16496	1.29e-140	494
GKQ57_RS14305	20	99.556	225	1	0	1	225	16490	16714	1.03e-115	411
GKQ57_RS14310	20	99.048	210	2	0	1	210	16775	16984	9.64e-106	377
GKQ57_RS14315	20	97.360	303	8	0	1	303	16996	17298	2.91e-147	516
GKQ57_RS14320	20	99.248	1329	10	0	1	1329	17726	19054	0.0	2399
GKQ57_RS14325	20	98.006	351	7	0	1	351	19051	19401	1.52e-175	610
GKQ57_RS14330	20	100.000	111	0	0	1	111	19652	19762	2.33e-54	206
GKQ57_RS14335	20	99.296	284	2	0	1	284	20002	20285	1.02e-146	514
GKQ57_RS14350	20	100.000	1011	0	0	1	1011	22077	23087	0.0	1868
GKQ57_RS14355	20	99.900	999	0	1	1	998	23116	24114	0.0	1838
GKQ57_RS14360	20	99.150	2352	20	0	1	2352	24245	26596	0.0	4233
GKQ57_RS14365	20	99.513	2259	11	0	1	2259	26583	28841	0.0	4111
GKQ57_RS14370	20	98.728	786	10	0	1	786	29363	30148	0.0	1397
GKQ57_RS14375	20	98.975	488	5	0	1	488	30154	30641	0.0	874
GKQ57_RS14380	20	98.876	267	3	0	1	267	31234	31500	1.20e-135	477
GKQ57_RS14385	20	98.371	491	8	0	1	491	31533	32023	0.0	863
GKQ57_RS14395	20	97.362	417	11	0	1	417	32124	32540	0.0	710
GKQ57_RS14400	20	99.316	585	4	0	1	585	32564	33148	0.0	1059
GKQ57_RS14405	20	100.000	267	0	0	1	267	33255	33521	1.19e-140	494
GKQ57_RS14410	20	99.275	276	2	0	1	276	33514	33789	2.66e-142	499
GKQ57_RS14415	20	97.849	186	4	0	1	186	34592	34777	4.00e-89	322
GKQ57_RS14420	20	98.438	192	3	0	1	192	34762	34953	4.12e-94	339
GKQ57_RS14425	20	85.444	529	73	4	1	527	35173	35699	2.77e-156	547
GKQ57_RS14435	20	96.982	729	22	0	1	729	37986	38714	0.0	1225
GKQ57_RS14440	20	93.187	411	28	0	1	411	38925	39335	8.34e-174	604
GKQ57_RS14445	20	99.705	339	1	0	1	339	39421	39759	6.75e-179	621
GKQ57_RS14450	20	98.851	174	2	0	1	174	39808	39981	8.04e-86	311
GKQ57_RS14475	50	99.479	960	5	0	1	960	969	10	0.0	1746
GKQ57_RS14480	41	94.154	804	47	0	1	804	1671	868	0.0	1225
GKQ57_RS14485	41	98.319	1428	24	0	1	1428	3091	1664	0.0	2505
GKQ57_RS14490	41	98.653	594	8	0	1	594	3662	3069	0.0	1053
GKQ57_RS14505	41	100.000	615	0	0	1	615	734	120	0.0	1136
GKQ57_RS14510	20	100.000	897	0	0	1	897	897	1	0.0	1657
GKQ57_RS14515	20	100.000	267	0	0	1	267	1322	1056	1.19e-140	494
GKQ57_RS14520	20	100.000	357	0	0	1	357	1668	1312	0.0	660
GKQ57_RS14525	20	100.000	783	0	0	1	783	2504	1722	0.0	1447
GKQ57_RS14530	20	99.580	1191	5	0	1	1191	3855	2665	0.0	2172
GKQ57_RS14530	31	93.293	1148	75	2	43	1189	3928	5074	0.0	1692
GKQ57_RS14535	20	100.000	645	0	0	1	645	4773	4129	0.0	1192
GKQ57_RS14540	20	100.000	948	0	0	1	948	5726	4779	0.0	1751
GKQ57_RS14545	20	99.927	1368	1	0	1	1368	7282	5915	0.0	2521
GKQ57_RS14550	20	100.000	279	0	0	1	279	7576	7298	2.67e-147	516
GKQ57_RS14555	20	100.000	459	0	0	1	459	8056	7598	0.0	848
GKQ57_RS14560	20	99.867	750	1	0	1	750	8847	8098	0.0	1380
GKQ57_RS14565	20	100.000	663	0	0	1	663	9078	9740	0.0	1225
GKQ57_RS14570	20	100.000	1335	0	0	1	1335	11066	9732	0.0	2466
GKQ57_RS14575	20	99.833	600	1	0	1	600	11877	11278	0.0	1103
GKQ57_RS14580	20	100.000	939	0	0	1	939	12403	13341	0.0	1735
GKQ57_RS14585	20	100.000	1038	0	0	1	1038	13367	14404	0.0	1917
GKQ57_RS14590	20	100.000	1162	0	0	1	1162	16011	14850	0.0	2146
GKQ57_RS14595	20	100.000	108	0	0	1	108	16085	16192	1.05e-52	200
GKQ57_RS14600	20	100.000	315	0	0	1	315	16182	16496	2.95e-167	582
GKQ57_RS14605	20	100.000	225	0	0	1	225	16490	16714	2.20e-117	416
GKQ57_RS14610	20	100.000	210	0	0	1	210	16775	16984	4.45e-109	388
GKQ57_RS14615	20	100.000	303	0	0	1	303	16996	17298	1.32e-160	560
GKQ57_RS14620	20	100.000	1329	0	0	1	1329	17726	19054	0.0	2455
GKQ57_RS14625	20	98.006	351	7	0	1	351	19051	19401	1.52e-175	610
GKQ57_RS14630	20	100.000	111	0	0	1	111	19652	19762	2.33e-54	206
GKQ57_RS14635	20	100.000	291	0	0	1	291	20002	20292	5.94e-154	538
GKQ57_RS14640	20	100.000	372	0	0	1	372	20767	20396	0.0	688
GKQ57_RS14645	20	100.000	846	0	0	1	846	21605	20760	0.0	1563
SAW_RS16595	27	96.970	330	10	0	1	330	8873	9202	7.27e-159	555
SAW_RS16600	27	98.985	2365	24	0	27	2391	9194	11558	0.0	4235
SAW_RS16605	27	99.720	2497	7	0	1	2497	11570	14066	0.0	4573
SAW_RS16625	27	94.577	627	13	1	1	627	14209	14814	0.0	950
SAW_RS16630	27	96.341	246	9	0	1	246	14801	15046	5.26e-114	405
SAW_RS16635	27	97.537	609	15	0	1	609	15030	15638	0.0	1042
SAW_RS16640	27	98.253	687	12	0	1	687	15752	16438	0.0	1203
SAW_RS16645	27	98.039	459	9	0	1	459	18308	18766	0.0	798
SAW_RS16655	27	98.765	486	6	0	1	486	19039	19524	0.0	865
SAW_RS16660	27	98.798	1830	22	0	1	1830	19524	21353	0.0	3258
SAW_RS16665	27	98.611	2160	30	0	1	2160	21403	23562	0.0	3823
SAW_RS16670	27	98.502	267	4	0	1	267	23595	23861	5.66e-134	472
SAW_RS16675	27	93.277	357	24	0	1	357	24113	24469	1.60e-150	527
SAW_RS16680	27	98.908	1649	18	0	1	1649	24470	26118	0.0	2946
SAW_RS16695	20	96.977	1290	36	3	17	1305	35968	37255	0.0	2163
SAW_RS16700	20	91.421	781	59	5	1	774	35173	35952	0.0	1064
SAW_RS16710	20	91.667	192	16	0	1	192	34762	34953	1.97e-72	267
SAW_RS16755	20	83.511	564	85	6	1	556	32564	33127	4.41e-148	520
SAW_RS16770	20	92.273	660	51	0	1	660	39974	40633	0.0	937
SAW_RS16775	20	96.721	183	6	0	1	183	40683	40865	3.96e-84	305
SAW_RS16780	20	98.413	693	11	0	1	693	41768	41076	0.0	1219
SAW_RS16785	20	99.793	1449	3	0	1	1449	41921	43369	0.0	2660
SAW_RS16785	20	90.043	231	23	0	1249	1479	42896	43126	1.97e-81	300
SAW_RS16785	62	100.000	288	0	0	1450	1737	1	288	1.78e-151	532
SAW_RS16785	46	100.000	30	0	0	1738	1767	1	30	4.71e-08	56.5
SAW_RS16790	46	100.000	636	0	0	1	636	215	850	0.0	1175
SAW_RS16795	46	100.000	468	0	0	1	468	837	1304	0.0	865
SAW_RS16800	46	99.242	528	4	0	1	528	1307	1834	0.0	953
SAW_RS16805	46	99.404	2181	13	0	1	2181	1877	4057	0.0	3956
SAW_RS16810	41	100.000	473	0	0	71	543	9671	9199	0.0	874
SAW_RS16815	41	93.206	574	39	0	1	574	9132	8559	0.0	845
SAW_RS16830	41	88.814	590	65	1	1	590	734	146	0.0	723
SAW_RS16850	20	94.393	107	6	0	515	621	16086	16192	2.58e-41	165
SAW_RS16855	20	97.569	288	7	0	1	288	16209	16496	1.29e-140	494
SAW_RS16860	20	98.667	225	3	0	1	225	16490	16714	2.22e-112	399
SAW_RS16865	20	97.619	210	5	0	1	210	16775	16984	9.71e-101	361
SAW_RS16870	20	96.370	303	11	0	1	303	16996	17298	2.93e-142	499
SAW_RS16875	20	98.420	1329	21	0	1	1329	17726	19054	0.0	2338
SAW_RS16880	20	98.291	351	6	0	1	351	19051	19401	3.26e-177	616
SAW_RS16890	20	98.198	111	2	0	1	111	19652	19762	5.05e-51	195
SAW_RS16895	49	100.000	1179	0	0	1	1179	108	1286	0.0	2178
SAW_RS17455	20	87.973	291	35	0	1	291	20002	20292	1.39e-95	344
SAW_RS16910	20	99.731	372	1	0	1	372	20767	20396	0.0	682
SAW_RS16915	20	99.882	846	1	0	1	846	21605	20760	0.0	1557
SAW_RS16925	20	96.051	1013	36	4	1	1011	22077	23087	0.0	1646
SAW_RS16925	20	97.297	37	0	1	521	557	22492	22527	5.74e-10	62.1
SAW_RS16930	20	98.736	554	7	0	1	554	23116	23669	0.0	985
SAW_RS16985	27	95.334	2229	100	4	1665	3891	2552	4778	0.0	3537
SAW_RS16985	27	89.281	793	58	13	2	794	889	1654	0.0	968
SAW_RS16990	27	97.199	357	7	1	1	357	4840	5193	9.29e-173	601
SAW_RS16995	27	99.417	858	5	0	1	858	5221	6078	0.0	1557
SAW_RS17000	27	99.111	900	8	0	1	900	6120	7019	0.0	1618
SAW_RS17005	27	99.310	435	3	0	1	435	7039	7473	0.0	787
SAW_RS17010	27	98.684	228	3	0	1	228	7520	7747	4.84e-114	405
SAW_RS17015	27	98.990	297	3	0	1	297	7760	8056	2.82e-152	532
SAW_RS17020	27	87.768	793	97	0	9	801	8079	8871	0.0	928
SAW_RS17460	41	100.000	156	0	0	1	156	4058	3903	3.77e-79	289
SAW_RS17290	41	100.000	738	0	0	1	738	4740	4003	0.0	1363
SAW_RS17295	41	100.000	84	0	0	1	84	4948	4865	1.68e-39	156
SAW_RS17300	41	100.000	84	0	0	1	84	5080	4997	1.68e-39	156
