pAMalpha1_p4	24	99.556	225	1	0	1	225	1270	1494	1.0299999999999998e-115	411.0
pAMalpha1_p5	24	100.0	297	0	0	1	297	850	1146	2.8199999999999988e-157	549.0
pAMalpha1_p6	24	100.0	723	0	0	1	723	1	723	0.0	1336.0
pAMalpha1_p7	24	100.0	312	0	0	1	312	3915	4226	1.3599999999999994e-165	577.0
pAMalpha1_p8	24	100.0	201	0	0	1	201	3692	3892	4.289999999999999e-104	372.0
pAMalpha1_p9	24	99.881	1680	2	0	1	1680	1924	3603	0.0	3092.0
pMG2200_85	17	100.0	105	0	0	1	105	11024	11128	4.74e-51	195.0
pMG2200_89	17	96.396	111	4	0	1	111	11124	11234	1.0999999999999999e-47	183.0
pMG2200_91	17	99.01	303	2	1	1	303	11530	11831	4.819999999999999e-155	542.0
pMG2200_92	17	98.947	1329	14	0	1	1329	12258	13586	0.0	2377.0
pMG2200_93	17	96.866	351	11	0	1	351	13583	13933	7.139999999999998e-169	588.0
pMG2200_94	17	98.12200000000001	213	4	0	1	213	13890	14102	4.579999999999999e-104	372.0
pMG2200_103	16	98.59899999999999	357	5	0	1	357	9988	9632	0.0	632.0
pMG2200_109	16	96.56200000000001	320	11	0	1	320	814	495	1.1099999999999997e-151	531.0
pCF10_01	17	98.796	1329	16	0	1	1329	12258	13586	0.0	2366.0
pCF10_02	17	98.575	351	5	0	1	351	13583	13933	7.039999999999999e-179	621.0
pCF10_03	17	99.531	213	1	0	1	213	13890	14102	4.549999999999998e-109	388.0
pCF10_14	16	98.94200000000001	189	2	0	1	189	9050	8862	4.069999999999999e-94	339.0
pCF10_17	16	96.919	357	8	1	1	357	847	494	4.349999999999998e-171	595.0
pCF10_51	33	98.535	273	4	0	1	273	869	1141	2.6599999999999996e-137	483.0
pCF10_53	17	99.678	621	2	0	1	621	10106	10726	0.0	1136.0
pCF10_54	17	100.0	297	0	0	1	297	10734	11030	2.8199999999999988e-157	549.0
pCF10_55	17	100.0	225	0	0	1	225	11024	11248	2.2199999999999996e-117	416.0
pCF10_56	17	100.0	210	0	0	1	210	11309	11518	4.479999999999998e-109	388.0
pCF10_57	17	100.0	174	0	0	1	174	11530	11703	3.729999999999999e-89	322.0
pAM373_p07	28	97.508	642	16	0	1	642	2008	1367	0.0	1098.0
pAM373_p28	31	98.596	570	8	0	1	570	672	1241	0.0	1009.0
pAM373_p29	31	100.0	486	0	0	1	486	157	642	0.0	898.0
pAM373_p30	29	99.23100000000001	390	3	0	1	390	2312	2701	0.0	704.0
pAM373_p31	29	98.551	276	4	0	1	276	2037	2312	5.7799999999999984e-139	488.0
pAM373_p32	29	98.227	846	15	0	1	846	1202	2047	0.0	1480.0
pAM373_p33	29	99.365	315	2	0	1	315	706	1020	6.409999999999997e-164	571.0
pAM373_p34	29	97.89200000000001	332	7	0	2	333	375	706	5.259999999999998e-165	575.0
pAM373_p38	36	97.725	879	8	1	1	879	299	1165	0.0	1502.0
pAM373_p39	36	100.0	261	0	0	1	261	28	288	2.5299999999999996e-137	483.0
pAM373_p40	22	99.531	426	2	0	1	426	447	22	0.0	776.0
pAM373_p42	22	97.087	103	2	1	1	102	2969	2867	2.14e-44	172.0
pAM373_p44	22	99.291	282	2	0	1	282	3509	3790	1.2599999999999998e-145	510.0
pAM373_p45	22	95.11399999999999	307	15	0	1	307	4122	3816	8.499999999999998e-138	484.0
HS082_RS00040	26	99.742	1163	3	0	1	1163	2887	4049	0.0	2132.0
HS082_RS00050	16	95.34200000000001	365	6	2	1	365	847	494	2.699999999999999e-163	569.0
HS082_RS00325	26	99.119	681	6	0	1	681	1837	2517	0.0	1225.0
HS082_RS00395	17	96.181	288	11	0	1	288	10743	11030	6.069999999999999e-134	472.0
HS082_RS00400	17	98.22200000000001	225	4	0	1	225	11024	11248	1.0399999999999996e-110	394.0
pWZ1668_p08	26	99.522	837	4	0	1	837	3213	4049	0.0	1524.0
pWZ1668_p09	26	99.31299999999999	291	2	0	1	291	2887	3177	1.2899999999999996e-150	527.0
pTW9_p11	16	98.54299999999999	1167	17	0	1	1167	14592	13426	0.0	2061.0
pTW9_p12	16	98.995	1592	16	0	2	1593	13359	11768	0.0	2852.0
pTW9_p13	16	100.0	960	0	0	1	960	10808	11767	0.0	1773.0
pTW9_p14	16	100.0	69	0	0	1	69	10624	10556	2.8399999999999997e-31	128.0
pTW9_p15	16	100.0	357	0	0	1	357	9988	9632	0.0	660.0
pTW9_p16	16	98.039	306	6	0	1	306	9050	8745	2.9299999999999993e-152	532.0
pTW9_p17	16	97.08200000000001	2673	78	0	1	2673	8734	6062	0.0	4505.0
pTW9_p18	16	100.0	186	0	0	1	186	5990	5805	8.589999999999998e-96	344.0
pTW9_p21	16	98.131	321	6	0	1	321	814	494	1.4199999999999995e-160	560.0
pTW9_p23	36	98.851	261	3	0	1	261	28	288	2.549999999999999e-132	466.0
pTW9_p24	36	97.383	879	11	1	1	879	299	1165	0.0	1485.0
pTW9_p28	29	99.096	332	3	0	2	333	375	706	1.1199999999999996e-171	597.0
pTW9_p29	29	99.365	315	2	0	1	315	706	1020	6.409999999999997e-164	571.0
pTW9_p30	29	98.35700000000001	1035	17	0	1	1035	1013	2047	0.0	1818.0
pTW9_p31	29	99.617	261	1	0	1	261	2052	2312	1.1799999999999997e-135	477.0
pTW9_p32	29	100.0	390	0	0	1	390	2312	2701	0.0	721.0
pTW9_p33	34	100.0	483	0	0	1	483	32	514	0.0	893.0
pTW9_p34	34	100.0	459	0	0	1	459	604	1062	0.0	848.0
pTW9_p38	21	96.29	2237	80	3	1	2234	4778	2542	0.0	3668.0
pTW9_p48	26	99.41799999999999	687	4	0	1	687	1831	2517	0.0	1247.0
pTW9_p97	26	96.726	336	11	0	1	336	1831	2166	1.4999999999999997e-160	560.0
pTW9_p98	26	99.41799999999999	687	4	0	1	687	1831	2517	0.0	1247.0
HS307_RS00015	26	99.115	339	3	0	1	339	2179	2517	1.4699999999999995e-175	610.0
HS307_RS00075	26	99.266	681	5	0	1	681	1837	2517	0.0	1230.0
HS307_RS00095	26	99.266	681	5	0	1	681	1837	2517	0.0	1230.0
HS307_RS00165	26	99.266	681	5	0	1	681	1837	2517	0.0	1230.0
HXI36_RS00025	26	99.413	681	4	0	1	681	1837	2517	0.0	1236.0
HXI36_RS00210	26	99.413	681	4	0	1	681	1837	2517	0.0	1236.0
HXI36_RS00270	26	99.413	681	4	0	1	681	1837	2517	0.0	1236.0
HXI36_RS00290	26	99.742	1163	3	0	1	1163	2887	4049	0.0	2132.0
D686_p36	26	99.522	837	4	0	1	837	3213	4049	0.0	1524.0
D686_p37	26	99.31299999999999	291	2	0	1	291	2887	3177	1.2899999999999996e-150	527.0
D686_p1035	26	99.522	837	4	0	1	837	3213	4049	0.0	1524.0
D686_p1036	26	99.31299999999999	291	2	0	1	291	2887	3177	1.2899999999999996e-150	527.0
CGZ46_RS14430	26	98.98100000000001	687	7	0	1	687	1831	2517	0.0	1230.0
CGZ46_RS14590	16	95.374	1016	37	7	1	1011	15646	14636	0.0	1607.0
CGZ46_RS14595	32	99.40899999999999	846	5	0	1	846	87	932	0.0	1535.0
CGZ46_RS14600	32	99.194	372	3	0	1	372	925	1296	0.0	671.0
CGZ46_RS14655	23	96.875	192	6	0	1	192	4912	5103	4.1699999999999994e-89	322.0
CGZ46_RS14660	23	99.48700000000001	195	1	0	1	195	4706	4900	4.1799999999999985e-99	355.0
CGZ46_RS14900	17	95.07	284	14	0	1	284	10743	11026	1.0099999999999997e-126	448.0
CGZ46_RS14915	17	98.044	1329	26	0	1	1329	12258	13586	0.0	2311.0
CGZ46_RS14920	17	98.86	351	4	0	1	351	13583	13933	1.5099999999999998e-180	627.0
CGZ46_RS14965	16	95.75200000000001	306	13	0	1	306	9050	8745	1.3799999999999996e-140	494.0
CGZ46_RS14970	16	96.596	2673	91	0	1	2673	8734	6062	0.0	4433.0
CGZ46_RS14985	16	97.734	353	8	0	1	353	847	495	5.529999999999998e-175	608.0
FOA09_RS13905	26	99.41799999999999	687	4	0	1	687	1831	2517	0.0	1247.0
FOA09_RS14030	26	99.272	687	5	0	1	687	1831	2517	0.0	1242.0
FOA09_RS14130	26	99.41799999999999	687	4	0	1	687	1831	2517	0.0	1247.0
FOA09_RS14210	21	96.314	2252	80	3	1	2249	4793	2542	0.0	3696.0
FOA09_RS14230	34	100.0	459	0	0	1	459	604	1062	0.0	848.0
FOA09_RS14235	34	100.0	483	0	0	1	483	32	514	0.0	893.0
FOA09_RS14240	29	100.0	393	0	0	1	393	2309	2701	0.0	726.0
FOA09_RS14245	29	99.63799999999999	276	1	0	1	276	2037	2312	5.739999999999999e-144	505.0
FOA09_RS14250	29	98.35700000000001	1035	17	0	1	1035	1013	2047	0.0	1818.0
FOA09_RS14255	29	99.365	315	2	0	1	315	706	1020	6.409999999999997e-164	571.0
FOA09_RS14260	29	98.374	369	6	0	1	369	338	706	0.0	649.0
FOA09_RS14280	36	97.383	879	11	1	1	879	299	1165	0.0	1485.0
FOA09_RS14285	36	98.851	261	3	0	1	261	28	288	2.549999999999999e-132	466.0
FOA09_RS14295	16	98.305	354	6	0	1	354	847	494	7.099999999999999e-179	621.0
FOA09_RS14310	16	100.0	93	0	0	1	93	5786	5694	1.9099999999999996e-44	172.0
FOA09_RS14315	16	100.0	186	0	0	1	186	5990	5805	8.589999999999998e-96	344.0
FOA09_RS14320	16	97.119	2673	77	0	1	2673	8734	6062	0.0	4510.0
FOA09_RS14325	16	98.039	306	6	0	1	306	9050	8745	2.9299999999999993e-152	532.0
FOA09_RS14330	16	100.0	357	0	0	1	357	9988	9632	0.0	660.0
FOA09_RS14335	16	100.0	69	0	0	1	69	10624	10556	2.8399999999999997e-31	128.0
FOA09_RS14340	16	100.0	960	0	0	1	960	10808	11767	0.0	1773.0
FOA09_RS14345	16	98.836	1632	19	0	1	1632	13399	11768	0.0	2909.0
FOA09_RS14350	16	98.54299999999999	1167	17	0	1	1167	14592	13426	0.0	2061.0
FOA09_RS14375	17	98.198	111	2	0	1	111	14184	14294	5.0699999999999994e-51	195.0
FOA09_RS14390	26	99.41799999999999	687	4	0	1	687	1831	2517	0.0	1247.0
FOA09_RS14410	26	99.41799999999999	687	4	0	1	687	1831	2517	0.0	1247.0
EYB36_RS00005	56	100.0	249	0	0	1	249	402	154	1.1299999999999996e-130	460.0
EYB36_RS00020	42	99.598	249	1	0	1	249	512	760	5.239999999999999e-129	455.0
EYB36_RS00030	39	98.551	276	4	0	1	276	47	322	5.7799999999999984e-139	488.0
EYB36_RS00035	39	97.838	185	4	0	1	185	1125	1309	1.4499999999999998e-88	320.0
EYB36_RS00205	26	99.41799999999999	687	4	0	1	687	1831	2517	0.0	1247.0
EYB36_RS00280	26	99.41799999999999	687	4	0	1	687	1831	2517	0.0	1247.0
EYB36_RS00295	17	97.77799999999999	225	5	0	1	225	11024	11248	4.83e-109	388.0
EYB36_RS00300	17	96.97	198	6	0	1	198	11309	11506	2.0299999999999994e-92	333.0
EYB36_RS00305	17	96.7	303	9	1	1	303	11530	11831	2.269999999999999e-143	503.0
EYB36_RS00340	17	99.323	1329	9	0	1	1329	12258	13586	0.0	2405.0
EYB36_RS00345	17	98.006	351	7	0	1	351	13583	13933	1.5199999999999995e-175	610.0
EYB36_RS00350	17	99.09899999999999	111	1	0	1	111	14184	14294	1.0900000000000001e-52	200.0
EYB36_RS00405	21	96.89200000000001	2252	67	3	1	2249	4793	2542	0.0	3768.0
EYB36_RS00425	21	99.251	267	2	0	1	267	604	338	2.589999999999999e-137	483.0
EYB36_RS00530	26	99.41799999999999	687	4	0	1	687	1831	2517	0.0	1247.0
EYB36_RS00770	21	97.757	758	15	2	1	757	1986	1230	0.0	1304.0
EYB36_RS00775	21	97.477	2259	57	0	1	2259	4793	2535	0.0	3856.0
EYB36_RS00795	34	100.0	459	0	0	1	459	604	1062	0.0	848.0
EYB36_RS00800	34	100.0	483	0	0	1	483	32	514	0.0	893.0
EYB36_RS00805	29	100.0	393	0	0	1	393	2309	2701	0.0	726.0
EYB36_RS00810	29	99.63799999999999	276	1	0	1	276	2037	2312	5.739999999999999e-144	505.0
EYB36_RS00815	29	98.551	1035	15	0	1	1035	1013	2047	0.0	1829.0
EYB36_RS00820	29	99.365	315	2	0	1	315	706	1020	6.409999999999997e-164	571.0
EYB36_RS00825	29	99.458	369	2	0	1	369	338	706	0.0	671.0
EYB36_RS00855	36	97.383	879	11	1	1	879	299	1165	0.0	1485.0
EYB36_RS00860	36	98.851	261	3	0	1	261	28	288	2.549999999999999e-132	466.0
EYB36_RS00870	16	98.305	354	6	0	1	354	847	494	7.099999999999999e-179	621.0
EYB36_RS00875	16	98.87700000000001	3918	44	0	1	3918	4826	909	0.0	6992.0
EYB36_RS00880	16	100.0	324	0	0	1	324	5465	5142	3.029999999999999e-172	599.0
EYB36_RS00885	16	98.925	93	1	0	1	93	5786	5694	8.89e-43	167.0
EYB36_RS00890	16	100.0	186	0	0	1	186	5990	5805	8.589999999999998e-96	344.0
EYB36_RS00895	16	97.94200000000001	2673	55	0	1	2673	8734	6062	0.0	4632.0
EYB36_RS00900	16	97.037	270	8	0	1	270	9014	8745	5.729999999999998e-129	455.0
BZG32_RS16190	29	100.0	393	0	0	1	393	2309	2701	0.0	726.0
BZG32_RS16195	29	99.63799999999999	276	1	0	1	276	2037	2312	5.739999999999999e-144	505.0
BZG32_RS16200	29	99.71	1035	3	0	1	1035	1013	2047	0.0	1895.0
BZG32_RS16205	29	99.365	315	2	0	1	315	706	1020	6.409999999999997e-164	571.0
BZG32_RS16210	29	98.916	369	4	0	1	369	338	706	0.0	660.0
BZG32_RS16230	36	97.27	879	12	1	1	879	299	1165	0.0	1480.0
BZG32_RS16235	36	98.851	261	3	0	1	261	28	288	2.549999999999999e-132	466.0
BZG32_RS16245	16	98.305	354	6	0	1	354	847	494	7.099999999999999e-179	621.0
BZG32_RS16260	16	100.0	93	0	0	1	93	5786	5694	1.9099999999999996e-44	172.0
BZG32_RS16265	16	99.462	186	1	0	1	186	5990	5805	3.9899999999999996e-94	339.0
BZG32_RS16270	16	98.102	1581	30	0	1	1581	7642	6062	0.0	2754.0
BZG32_RS16275	26	99.41799999999999	687	4	0	1	687	1831	2517	0.0	1247.0
BZG32_RS16280	16	98.962	578	6	0	1	578	8734	8157	0.0	1035.0
BZG32_RS16285	16	99.67299999999999	306	1	0	1	306	9050	8745	1.3399999999999997e-160	560.0
BZG32_RS16290	16	99.72	357	1	0	1	357	9988	9632	0.0	654.0
BZG32_RS16295	16	100.0	69	0	0	1	69	10624	10556	2.8399999999999997e-31	128.0
BZG32_RS16300	16	100.0	960	0	0	1	960	10808	11767	0.0	1773.0
BZG32_RS16305	16	99.632	1632	6	0	1	1632	13399	11768	0.0	2981.0
BZG32_RS16310	16	99.486	1167	6	0	1	1167	14592	13426	0.0	2122.0
BZG32_RS16315	16	96.34700000000001	1013	33	4	1	1011	15646	14636	0.0	1663.0
BZG32_RS16325	32	100.0	846	0	0	1	846	87	932	0.0	1563.0
BZG32_RS16330	32	100.0	372	0	0	1	372	925	1296	0.0	688.0
BZG32_RS16335	32	99.656	291	1	0	1	291	1690	1400	2.779999999999999e-152	532.0
BZG32_RS16340	32	99.78399999999999	462	1	0	1	462	2322	1861	0.0	848.0
BZG32_RS16345	17	99.09899999999999	111	1	0	1	111	14184	14294	1.0900000000000001e-52	200.0
BZG32_RS16355	17	97.721	351	8	0	1	351	13583	13933	7.089999999999999e-174	604.0
BZG32_RS16360	17	98.495	1329	20	0	1	1329	12258	13586	0.0	2344.0
BZG32_RS16365	17	99.01	303	2	1	1	303	11530	11831	4.819999999999999e-155	542.0
BZG32_RS16370	17	95.984	249	10	0	1	249	11270	11518	5.359999999999999e-114	405.0
BZG32_RS16375	17	97.77799999999999	225	5	0	1	225	11024	11248	4.83e-109	388.0
BZG32_RS16380	17	97.569	288	7	0	1	288	10743	11030	1.2999999999999997e-140	494.0
BZG32_RS16430	26	99.41799999999999	687	4	0	1	687	1831	2517	0.0	1247.0
BZG32_RS16470	26	99.41799999999999	687	4	0	1	687	1831	2517	0.0	1247.0
BZG32_RS16485	26	99.41799999999999	687	4	0	1	687	1831	2517	0.0	1247.0
BZG32_RS16515	26	99.41799999999999	687	4	0	1	687	1831	2517	0.0	1247.0
BZG32_RS16620	34	99.564	459	2	0	1	459	604	1062	0.0	837.0
BZG32_RS16665	29	99.458	369	2	0	1	369	338	706	0.0	671.0
BZG32_RS16670	29	99.365	315	2	0	1	315	706	1020	6.409999999999997e-164	571.0
BZG32_RS16675	29	98.35700000000001	1035	17	0	1	1035	1013	2047	0.0	1818.0
BZG32_RS16680	29	99.63799999999999	276	1	0	1	276	2037	2312	5.739999999999999e-144	505.0
BZG32_RS16685	29	100.0	393	0	0	1	393	2309	2701	0.0	726.0
BZG32_RS16690	34	100.0	483	0	0	1	483	32	514	0.0	893.0
BZG32_RS16695	34	99.78200000000001	459	1	0	1	459	604	1062	0.0	843.0
BZG32_RS16715	21	97.477	2259	57	0	1	2259	4793	2535	0.0	3856.0
BZG32_RS16720	21	97.757	758	15	2	1	757	1986	1230	0.0	1304.0
BZG32_RS16735	21	100.0	267	0	0	1	267	604	338	1.1999999999999997e-140	494.0
BZG32_RS16760	39	100.0	276	0	0	1	276	47	322	1.2299999999999997e-145	510.0
BZG32_RS16770	39	100.0	185	0	0	1	185	1125	1309	3.089999999999999e-95	342.0
BZG32_RS16775	49	100.0	147	0	0	1	147	31	177	3.139999999999999e-74	272.0
BZG32_RS16825	33	97.93799999999999	388	8	0	3	390	754	1141	0.0	673.0
BZG32_RS16875	26	99.266	681	5	0	1	681	1837	2517	0.0	1230.0
BZG32_RS16915	23	100.0	606	0	0	1	606	3420	4025	0.0	1120.0
BZG32_RS16920	23	99.93299999999999	2988	2	0	1	2988	3295	308	0.0	5507.0
BZG32_RS17010	26	99.272	687	5	0	1	687	1831	2517	0.0	1242.0
BMT03_RS13330	26	98.10799999999999	687	7	1	1	681	1831	2517	0.0	1192.0
BMT03_RS13375	26	99.195	497	4	0	1	497	1831	2327	0.0	896.0
BMT03_RS13400	26	100.0	95	0	0	1	95	2423	2517	1.52e-45	176.0
BMT03_RS13405	26	98.77	244	3	0	1	244	2179	2422	6.679999999999998e-123	435.0
CG806_RS00140	21	96.495	428	12	3	1	425	2969	2542	0.0	704.0
CG806_RS00330	23	99.48700000000001	195	1	0	1	195	4706	4900	4.1799999999999985e-99	355.0
CG806_RS00335	23	96.875	192	6	0	1	192	4912	5103	4.1699999999999994e-89	322.0
CG806_RS00390	32	99.194	372	3	0	1	372	925	1296	0.0	671.0
CG806_RS00395	32	99.40899999999999	846	5	0	1	846	87	932	0.0	1535.0
CG806_RS00405	16	95.374	1016	37	7	1	1011	15646	14636	0.0	1607.0
CG806_RS00490	33	97.6	375	9	0	1	375	767	1141	0.0	643.0
CG806_RS00495	33	98.259	402	7	0	1	402	1562	1161	0.0	704.0
CG806_RS00505	17	97.64	1017	24	0	1	1017	8763	9779	0.0	1746.0
CG806_RS00625	16	95.07799999999999	3921	184	6	1	3915	4826	909	0.0	6163.0
CG806_RS00630	16	95.79799999999999	357	12	1	1	357	847	494	2.0399999999999996e-164	573.0
CG806_RS00830	17	99.09899999999999	111	1	0	1	111	14184	14294	1.0900000000000001e-52	200.0
CG806_RS00855	16	98.458	1167	17	1	1	1166	14592	13426	0.0	2054.0
CG806_RS00860	16	96.887	257	8	0	2	258	13359	13103	9.529999999999997e-122	431.0
CG806_RS00865	26	98.98100000000001	687	7	0	1	687	1831	2517	0.0	1230.0
CG806_RS00935	24	100.0	1761	0	0	1	1761	1843	3603	0.0	3253.0
CG806_RS00940	24	100.0	201	0	0	1	201	3692	3892	4.289999999999999e-104	372.0
CG806_RS14705	24	100.0	87	0	0	1	87	4497	4411	3.8e-41	161.0
CG806_RS00955	24	100.0	723	0	0	1	723	1	723	0.0	1336.0
CG806_RS00960	24	99.663	297	1	0	1	297	850	1146	1.3099999999999997e-155	544.0
F1M88_RS14080	26	99.56299999999999	687	3	0	1	687	1831	2517	0.0	1253.0
C7I31_RS14080	26	99.119	681	6	0	1	681	1837	2517	0.0	1225.0
C7I31_RS14125	1	98.83	513	6	0	1	513	331506	332018	0.0	915.0
C7I31_RS14130	26	99.81200000000001	1064	2	0	1	1064	2887	3950	0.0	1954.0
C7I31_RS14140	23	100.0	222	0	0	1	222	4332	4553	1.0199999999999996e-115	411.0
C7I31_RS14260	26	99.656	1163	4	0	1	1163	2887	4049	0.0	2126.0
C7I31_RS14275	23	100.0	192	0	0	1	192	4912	5103	4.109999999999999e-99	355.0
C7I31_RS14280	26	99.656	1163	4	0	1	1163	2887	4049	0.0	2126.0
C7I31_RS14305	26	98.53200000000001	681	6	1	1	677	1837	2517	0.0	1199.0
C7I31_RS14310	1	100.0	213	0	0	1	213	330840	331052	9.769999999999998e-111	394.0
C7I32_RS15255	31	98.16	489	9	0	1	489	753	1241	0.0	854.0
C7I32_RS15260	31	98.971	486	5	0	1	486	157	642	0.0	870.0
C7I32_RS15265	29	99.744	390	1	0	1	390	2312	2701	0.0	715.0
C7I32_RS15270	29	99.275	276	2	0	1	276	2037	2312	2.6699999999999992e-142	499.0
C7I32_RS15275	29	99.807	1035	2	0	1	1035	1013	2047	0.0	1901.0
C7I32_RS15280	29	99.04799999999999	315	3	0	1	315	706	1020	2.979999999999999e-162	566.0
C7I32_RS15285	29	98.321	417	7	0	1	417	290	706	0.0	732.0
C7I32_RS15320	36	97.042	879	14	1	1	879	299	1165	0.0	1469.0
C7I32_RS15325	36	99.234	261	2	0	1	261	28	288	5.479999999999999e-134	472.0
C7I32_RS15335	16	97.479	357	6	1	1	357	847	494	2.0099999999999996e-174	606.0
C7I32_RS15355	16	96.07799999999999	306	12	0	1	306	9050	8745	2.9699999999999995e-142	499.0
C7I32_RS15370	16	100.0	69	0	0	1	69	10624	10556	2.8399999999999997e-31	128.0
C7I32_RS15375	16	99.397	995	6	0	1	995	10772	11766	0.0	1805.0
C7I32_RS15380	16	98.345	1631	27	0	1	1631	13399	11769	0.0	2863.0
C7I32_RS15385	16	98.816	1182	14	0	1	1182	14607	13426	0.0	2106.0
C7I32_RS15580	21	96.84700000000001	2252	68	3	1	2249	4793	2542	0.0	3762.0
C7I32_RS15610	21	97.698	2259	52	0	1	2259	4793	2535	0.0	3884.0
C7I32_RS15615	21	97.834	785	15	2	1	784	2013	1230	0.0	1354.0
C7I32_RS15625	21	99.251	267	2	0	1	267	604	338	2.589999999999999e-137	483.0
C7I32_RS15650	39	98.551	276	4	0	1	276	47	322	5.7799999999999984e-139	488.0
C7I32_RS15660	39	100.0	185	0	0	1	185	1125	1309	3.089999999999999e-95	342.0
C7I32_RS15785	16	95.425	306	14	0	1	306	9050	8745	6.4299999999999986e-139	488.0
C7I32_RS15795	16	99.691	324	1	0	1	324	5465	5142	1.4099999999999996e-170	593.0
C7I32_RS15800	16	95.69	3921	163	5	1	3918	4826	909	0.0	6300.0
C7I32_RS15805	16	100.0	354	0	0	1	354	847	494	0.0	654.0
C7I32_RS15810	16	99.432	352	2	0	1	352	472	121	0.0	640.0
C7I32_RS15815	36	99.234	261	2	0	1	261	28	288	5.479999999999999e-134	472.0
C7I32_RS15820	36	97.042	879	14	3	1	879	299	1165	0.0	1469.0
C7I32_RS15855	29	98.561	417	6	0	1	417	290	706	0.0	737.0
C7I32_RS15860	29	99.68299999999999	315	1	0	1	315	706	1020	1.3799999999999997e-165	577.0
C7I32_RS15865	29	99.42	1035	6	0	1	1035	1013	2047	0.0	1879.0
C7I32_RS15870	29	99.275	276	2	0	1	276	2037	2312	2.6699999999999992e-142	499.0
C7I32_RS15875	29	98.71799999999999	390	5	0	1	390	2312	2701	0.0	693.0
C7I32_RS15880	31	96.50200000000001	486	17	0	1	486	157	642	0.0	804.0
C7I32_RS15885	31	98.473	524	8	0	2	525	718	1241	0.0	924.0
C7I32_RS15895	31	99.48700000000001	195	1	0	1	195	1547	1741	4.1799999999999985e-99	355.0
DOU32_RS14345	26	99.119	681	6	0	1	681	1837	2517	0.0	1225.0
DOU32_RS14390	26	99.413	681	4	0	1	681	1837	2517	0.0	1236.0
DOU32_RS14520	28	98.598	642	9	0	1	642	2008	1367	0.0	1136.0
DOU32_RS14525	28	95.67299999999999	208	7	2	1	207	1315	1109	2.0899999999999996e-92	333.0
DOU32_RS14530	28	98.99700000000001	798	8	0	1	798	1019	222	0.0	1430.0
DOU32_RS14540	26	99.119	681	6	0	1	681	1837	2517	0.0	1225.0
DOU32_RS14620	17	99.09899999999999	111	1	0	1	111	14184	14294	1.0900000000000001e-52	200.0
DOU32_RS14630	17	98.006	351	7	0	1	351	13583	13933	1.5199999999999995e-175	610.0
DOU32_RS14635	17	99.17200000000001	1329	11	0	1	1329	12258	13586	0.0	2394.0
DOU32_RS14640	17	96.37	303	10	1	1	303	11530	11831	1.0599999999999998e-141	497.0
DOU32_RS14645	17	96.97	198	6	0	1	198	11309	11506	2.0299999999999994e-92	333.0
DOU32_RS14650	17	97.77799999999999	225	5	0	1	225	11024	11248	4.83e-109	388.0
DOU31_RS14415	26	99.119	681	6	0	1	681	1837	2517	0.0	1225.0
DOU31_RS14450	26	99.413	681	4	0	1	681	1837	2517	0.0	1236.0
DOU31_RS14495	26	98.97200000000001	681	7	0	1	681	1837	2517	0.0	1219.0
DOU31_RS14595	17	97.77799999999999	225	5	0	1	225	11024	11248	4.83e-109	388.0
DOU31_RS14600	17	96.97	198	6	0	1	198	11309	11506	2.0299999999999994e-92	333.0
DOU31_RS14605	17	96.37	303	10	1	1	303	11530	11831	1.0599999999999998e-141	497.0
DOU31_RS14610	17	99.17200000000001	1329	11	0	1	1329	12258	13586	0.0	2394.0
DOU31_RS14615	17	97.721	351	8	0	1	351	13583	13933	7.089999999999999e-174	604.0
DOU31_RS14625	17	99.09899999999999	111	1	0	1	111	14184	14294	1.0900000000000001e-52	200.0
DOU31_RS14765	26	98.97200000000001	681	7	0	1	681	1837	2517	0.0	1219.0
DOU31_RS14905	16	96.07799999999999	357	11	1	1	357	847	494	4.379999999999999e-166	579.0
DOU31_RS14935	16	96.97	2673	81	0	1	2673	8734	6062	0.0	4488.0
DOU31_RS14940	16	95.926	270	11	0	1	270	9014	8745	5.769999999999998e-124	438.0
DR75_RS00025	21	96.84700000000001	2252	68	3	1	2249	4793	2542	0.0	3762.0
DR75_RS15275	16	99.11	1011	8	1	1	1010	15646	14636	0.0	1816.0
DR75_RS00065	32	99.882	846	1	0	1	846	87	932	0.0	1557.0
DR75_RS00070	32	99.73100000000001	372	1	0	1	372	925	1296	0.0	682.0
DR75_RS15315	17	99.09899999999999	111	1	0	1	111	14184	14294	1.0900000000000001e-52	200.0
DR75_RS00215	49	97.279	147	4	0	1	147	31	177	1.4699999999999997e-67	250.0
DR75_RS00220	39	97.29700000000001	185	5	0	1	185	1125	1309	6.729999999999998e-87	315.0
DR75_RS00225	39	97.82600000000001	276	6	0	1	276	47	322	1.2499999999999996e-135	477.0
DR75_RS00245	56	97.59	249	6	0	1	249	402	154	1.1399999999999997e-120	427.0
DR75_RS00255	21	99.625	267	1	0	1	267	604	338	5.579999999999998e-139	488.0
DR75_RS00335	17	97.77799999999999	225	5	0	1	225	11024	11248	4.83e-109	388.0
DR75_RS00340	17	95.238	210	10	0	1	210	11309	11518	2.1299999999999997e-92	333.0
DR75_RS00345	17	96.37	303	10	1	1	303	11530	11831	1.0599999999999998e-141	497.0
DR75_RS00350	17	98.194	1329	24	0	1	1329	12258	13586	0.0	2322.0
DR75_RS00355	17	96.581	351	12	0	1	351	13583	13933	3.319999999999999e-167	582.0
DR75_RS00415	16	95.95100000000001	2223	90	0	4	2226	3131	909	0.0	3607.0
DR75_RS00420	16	96.07799999999999	357	11	1	1	357	847	494	4.379999999999999e-166	579.0
EF_RS15810	16	98.039	306	6	0	1	306	9050	8745	2.9299999999999993e-152	532.0
EF_RS15825	16	96.919	357	8	1	1	357	847	494	4.349999999999998e-171	595.0
EF_RS16080	26	99.266	681	5	0	1	681	1837	2517	0.0	1230.0
EF_RS16105	26	99.413	681	4	0	1	681	1837	2517	0.0	1236.0
EF_RS16165	16	96.34700000000001	1013	33	4	1	1011	15646	14636	0.0	1663.0
EF_RS16170	16	99.492	1182	6	0	1	1182	14607	13426	0.0	2150.0
EF_RS16175	16	99.632	1632	6	0	1	1632	13399	11768	0.0	2981.0
EF_RS16180	16	100.0	996	0	0	1	996	10772	11767	0.0	1840.0
EF_RS16185	16	100.0	69	0	0	1	69	10624	10556	2.8399999999999997e-31	128.0
EF_RS16190	26	99.413	681	4	0	1	681	1837	2517	0.0	1236.0
EF_RS16205	26	99.413	681	4	0	1	681	1837	2517	0.0	1236.0
EF_RS16220	26	99.413	681	4	0	1	681	1837	2517	0.0	1236.0
EF_RS16300	34	99.564	459	2	0	1	459	604	1062	0.0	837.0
EF_RS16305	29	100.0	390	0	0	1	390	2312	2701	0.0	721.0
EF_RS16310	29	99.63799999999999	276	1	0	1	276	2037	2312	5.739999999999999e-144	505.0
EF_RS16315	29	99.71	1035	3	0	1	1035	1013	2047	0.0	1895.0
EF_RS16320	29	99.365	315	2	0	1	315	706	1020	6.409999999999997e-164	571.0
EF_RS16325	29	98.561	417	6	0	1	417	290	706	0.0	737.0
EF_RS16345	36	97.27	879	12	1	1	879	299	1165	0.0	1480.0
EF_RS16350	36	98.851	261	3	0	1	261	28	288	2.549999999999999e-132	466.0
EF_RS16360	16	98.305	354	6	0	1	354	847	494	7.099999999999999e-179	621.0
EF_RS16375	16	98.09200000000001	2673	51	0	1	2673	8734	6062	0.0	4654.0
EF_RS16380	16	99.67299999999999	306	1	0	1	306	9050	8745	1.3399999999999997e-160	560.0
EF_RS16385	16	99.72	357	1	0	1	357	9988	9632	0.0	654.0
EF_RS16390	26	99.413	681	4	0	1	681	1837	2517	0.0	1236.0
EF_RS16425	26	99.413	681	4	0	1	681	1837	2517	0.0	1236.0
EF_RS16470	17	97.569	288	7	0	1	288	10743	11030	1.2999999999999997e-140	494.0
EF_RS16475	17	97.77799999999999	225	5	0	1	225	11024	11248	4.83e-109	388.0
EF_RS16480	17	96.19	210	8	0	1	210	11309	11518	9.829999999999997e-96	344.0
EF_RS16485	17	99.01	303	2	1	1	303	11530	11831	4.819999999999999e-155	542.0
EF_RS16490	17	98.495	1329	20	0	1	1329	12258	13586	0.0	2344.0
EF_RS16495	17	97.721	351	8	0	1	351	13583	13933	7.089999999999999e-174	604.0
EF_RS16500	17	99.09899999999999	111	1	0	1	111	14184	14294	1.0900000000000001e-52	200.0
EF_RS16505	32	99.78399999999999	462	1	0	1	462	2322	1861	0.0	848.0
EF_RS16510	32	100.0	372	0	0	1	372	925	1296	0.0	688.0
EF_RS16515	32	100.0	846	0	0	1	846	87	932	0.0	1563.0
EL279_RS14680	17	99.09899999999999	111	1	0	1	111	14184	14294	1.0900000000000001e-52	200.0
EL279_RS14725	16	96.07799999999999	306	12	0	1	306	9050	8745	2.9699999999999995e-142	499.0
EL279_RS14745	16	97.199	357	7	1	1	357	847	494	9.339999999999998e-173	601.0
EL279_RS14755	36	99.234	261	2	0	1	261	28	288	5.479999999999999e-134	472.0
EL279_RS14760	36	97.725	879	8	1	1	879	299	1165	0.0	1502.0
EL279_RS14780	29	100.0	417	0	0	1	417	290	706	0.0	771.0
EL279_RS14790	29	99.333	300	2	0	1	300	721	1020	1.3299999999999996e-155	544.0
EL279_RS14795	29	98.454	1035	16	0	1	1035	1013	2047	0.0	1823.0
EL279_RS14800	29	99.63799999999999	276	1	0	1	276	2037	2312	5.739999999999999e-144	505.0
EL279_RS14805	29	100.0	390	0	0	1	390	2312	2701	0.0	721.0
EL279_RS14810	34	100.0	483	0	0	1	483	32	514	0.0	893.0
EL279_RS14815	34	100.0	459	0	0	1	459	604	1062	0.0	848.0
EL279_RS14835	21	96.314	2252	80	3	1	2249	4793	2542	0.0	3696.0
EL279_RS14895	26	99.413	681	4	0	1	681	1837	2517	0.0	1236.0
EL279_RS14970	26	99.559	681	3	0	1	681	1837	2517	0.0	1242.0
EL279_RS15040	26	99.413	681	4	0	1	681	1837	2517	0.0	1236.0
EL279_RS15900	26	97.944	681	14	0	1	681	1837	2517	0.0	1181.0
EL279_RS15915	26	99.266	681	5	0	1	681	1837	2517	0.0	1230.0
EL279_RS15960	26	98.238	681	12	0	1	681	1837	2517	0.0	1192.0
EL279_RS15985	26	99.119	681	6	0	1	681	1837	2517	0.0	1225.0
EL240_RS14685	17	99.09899999999999	111	1	0	1	111	14184	14294	1.0900000000000001e-52	200.0
EL240_RS14730	16	96.07799999999999	306	12	0	1	306	9050	8745	2.9699999999999995e-142	499.0
EL240_RS14750	16	97.199	357	7	1	1	357	847	494	9.339999999999998e-173	601.0
EL240_RS14760	36	99.234	261	2	0	1	261	28	288	5.479999999999999e-134	472.0
EL240_RS14765	36	97.725	879	8	1	1	879	299	1165	0.0	1502.0
EL240_RS14785	29	100.0	417	0	0	1	417	290	706	0.0	771.0
EL240_RS14795	29	99.333	300	2	0	1	300	721	1020	1.3299999999999996e-155	544.0
EL240_RS14800	29	98.454	1035	16	0	1	1035	1013	2047	0.0	1823.0
EL240_RS14805	29	99.63799999999999	276	1	0	1	276	2037	2312	5.739999999999999e-144	505.0
EL240_RS14810	29	100.0	390	0	0	1	390	2312	2701	0.0	721.0
EL240_RS14815	34	100.0	483	0	0	1	483	32	514	0.0	893.0
EL240_RS14820	34	100.0	459	0	0	1	459	604	1062	0.0	848.0
EL240_RS14840	21	96.314	2252	80	3	1	2249	4793	2542	0.0	3696.0
EL240_RS14900	26	99.413	681	4	0	1	681	1837	2517	0.0	1236.0
EL240_RS14975	26	99.559	681	3	0	1	681	1837	2517	0.0	1242.0
EL240_RS15045	26	99.413	681	4	0	1	681	1837	2517	0.0	1236.0
EL240_RS15905	26	97.944	681	14	0	1	681	1837	2517	0.0	1181.0
EL240_RS15920	26	99.266	681	5	0	1	681	1837	2517	0.0	1230.0
EL240_RS15965	26	98.238	681	12	0	1	681	1837	2517	0.0	1192.0
EL240_RS15990	26	99.119	681	6	0	1	681	1837	2517	0.0	1225.0
FOV01_RS13340	22	98.148	378	7	0	1	378	450	73	0.0	660.0
FOV01_RS13365	16	95.75200000000001	306	13	0	1	306	9050	8745	1.3799999999999996e-140	494.0
FOV01_RS13380	22	96.09100000000001	307	12	0	1	307	4122	3816	8.439999999999997e-143	501.0
FOV01_RS13390	31	98.421	570	9	0	1	570	672	1241	0.0	1003.0
FOV01_RS13395	31	98.971	486	5	0	1	486	157	642	0.0	870.0
FOV01_RS13400	29	99.48700000000001	390	2	0	1	390	2312	2701	0.0	710.0
FOV01_RS13405	29	98.913	276	3	0	1	276	2037	2312	1.2399999999999996e-140	494.0
FOV01_RS13410	29	99.42	1035	6	0	1	1035	1013	2047	0.0	1879.0
FOV01_RS13415	29	99.365	315	2	0	1	315	706	1020	6.409999999999997e-164	571.0
FOV01_RS13420	29	97.954	391	8	0	1	391	290	680	0.0	678.0
FOV01_RS13430	43	97.87200000000001	141	3	0	6	146	176	36	6.799999999999999e-66	244.0
FOV01_RS13445	36	97.042	879	14	1	1	879	299	1165	0.0	1469.0
FOV01_RS13450	36	99.617	261	1	0	1	261	28	288	1.1799999999999997e-135	477.0
FOV01_RS13460	16	96.359	357	10	1	1	357	847	494	9.409999999999995e-168	584.0
FOV01_RS13470	16	100.0	69	0	0	1	69	10624	10556	2.8399999999999997e-31	128.0
FOV01_RS13480	16	98.345	1631	27	0	1	1631	13399	11769	0.0	2863.0
FOV01_RS13485	16	99.446	902	5	0	1	902	14327	13426	0.0	1639.0
FOV01_RS13490	16	99.625	267	1	0	1	267	14607	14341	5.579999999999998e-139	488.0
FOV01_RS13565	21	98.89	2252	22	3	1	2249	4793	2542	0.0	4017.0
FOV01_RS13595	26	99.413	681	4	0	1	681	1837	2517	0.0	1236.0
FOV01_RS13640	26	99.742	1163	3	0	1	1163	2887	4049	0.0	2132.0
FOV01_RS13665	26	99.413	681	4	0	1	681	1837	2517	0.0	1236.0
FOV01_RS13670	26	98.925	186	2	0	1	186	1837	2022	1.8599999999999996e-92	333.0
FOV01_RS13675	26	98.095	105	2	0	1	105	1837	1941	1.0299999999999999e-47	183.0
FOV01_RS13720	26	99.413	681	4	0	1	681	1837	2517	0.0	1236.0
FOV01_RS13990	22	98.485	66	1	0	1	66	4985	4920	5.769999999999999e-28	117.0
FOV01_RS13735	25	98.961	1155	12	0	1	1155	1822	668	0.0	2067.0
FOV01_RS13765	17	99.09899999999999	111	1	0	1	111	14184	14294	1.0900000000000001e-52	200.0
FOV01_RS13775	17	96.581	351	12	0	1	351	13583	13933	3.319999999999999e-167	582.0
FOV01_RS13780	17	98.495	1329	20	0	1	1329	12258	13586	0.0	2344.0
HTG14_RS00030	26	96.921	682	20	1	1	682	1837	2517	0.0	1142.0
HTG14_RS00095	26	99.82799999999999	1163	2	0	1	1163	2887	4049	0.0	2137.0
HTG14_RS00160	26	98.825	681	8	0	1	681	1837	2517	0.0	1214.0
HTG14_RS00180	26	99.82799999999999	1163	2	0	1	1163	2887	4049	0.0	2137.0
HTG24_RS00005	22	96.573	321	8	1	1	321	4533	4216	3.9899999999999985e-151	529.0
HTG24_RS00010	22	98.485	66	1	0	1	66	4985	4920	5.769999999999999e-28	117.0
HTG24_RS00020	25	98.961	1155	12	0	1	1155	1822	668	0.0	2067.0
HTG24_RS00050	17	99.09899999999999	111	1	0	1	111	14184	14294	1.0900000000000001e-52	200.0
HTG24_RS00055	17	96.581	351	12	0	1	351	13583	13933	3.319999999999999e-167	582.0
HTG24_RS00060	17	98.42	1329	21	0	1	1329	12258	13586	0.0	2338.0
HTG24_RS00320	22	99.225	258	2	0	1	258	3533	3790	2.5199999999999992e-132	466.0
HTG24_RS00325	22	96.417	307	11	0	1	307	4122	3816	1.8099999999999995e-144	507.0
HTG28_RS00030	26	96.921	682	20	1	1	682	1837	2517	0.0	1142.0
HTG28_RS00095	26	99.82799999999999	1163	2	0	1	1163	2887	4049	0.0	2137.0
HTG28_RS00160	26	98.825	681	8	0	1	681	1837	2517	0.0	1214.0
HTG28_RS00180	26	99.82799999999999	1163	2	0	1	1163	2887	4049	0.0	2137.0
HTG27_RS00030	26	96.921	682	20	1	1	682	1837	2517	0.0	1142.0
HTG27_RS00095	26	99.82799999999999	1163	2	0	1	1163	2887	4049	0.0	2137.0
HTG27_RS00160	26	98.825	681	8	0	1	681	1837	2517	0.0	1214.0
HTG27_RS00180	26	99.82799999999999	1163	2	0	1	1163	2887	4049	0.0	2137.0
HTG21_RS00030	26	96.921	682	20	1	1	682	1837	2517	0.0	1142.0
HTG21_RS00095	26	99.82799999999999	1163	2	0	1	1163	2887	4049	0.0	2137.0
HTG21_RS00155	26	98.825	681	8	0	1	681	1837	2517	0.0	1214.0
HTG21_RS00175	26	99.82799999999999	1163	2	0	1	1163	2887	4049	0.0	2137.0
HTG44_RS00030	26	97.06700000000001	682	19	1	1	682	1837	2517	0.0	1147.0
HTG44_RS00095	26	99.82799999999999	1163	2	0	1	1163	2887	4049	0.0	2137.0
HTG44_RS00160	26	98.678	681	9	0	1	681	1837	2517	0.0	1208.0
HTG44_RS00180	26	99.82799999999999	1163	2	0	1	1163	2887	4049	0.0	2137.0
HTK17_RS00020	26	98.09100000000001	681	13	0	1	681	1837	2517	0.0	1186.0
HTK17_RS00055	26	98.09100000000001	681	13	0	1	681	1837	2517	0.0	1186.0
HTK17_RS00080	26	99.266	681	5	0	1	681	1837	2517	0.0	1230.0
HTK17_RS00095	26	99.266	681	5	0	1	681	1837	2517	0.0	1230.0
HTK17_RS00145	26	98.825	681	8	0	1	681	1837	2517	0.0	1214.0
HTK17_RS00160	26	98.97200000000001	681	7	0	1	681	1837	2517	0.0	1219.0
HTK17_RS00195	23	96.875	192	6	0	1	192	4912	5103	4.1699999999999994e-89	322.0
HTK17_RS00200	23	99.48700000000001	195	1	0	1	195	4706	4900	4.1799999999999985e-99	355.0
HTK17_RS00390	26	99.413	681	4	0	1	681	1837	2517	0.0	1236.0
HTK17_RS00465	16	95.374	1016	37	7	1	1011	15646	14636	0.0	1607.0
HTK17_RS00470	32	99.40899999999999	846	5	0	1	846	87	932	0.0	1535.0
HTK17_RS00475	32	99.194	372	3	0	1	372	925	1296	0.0	671.0
HTL21_RS00025	26	99.413	681	4	0	1	681	1837	2517	0.0	1236.0
HTL21_RS00060	26	99.413	681	4	0	1	681	1837	2517	0.0	1236.0
HTL21_RS00110	26	99.413	681	4	0	1	681	1837	2517	0.0	1236.0
HTL21_RS00140	26	99.266	681	5	0	1	681	1837	2517	0.0	1230.0
HTL21_RS00205	26	99.413	681	4	0	1	681	1837	2517	0.0	1236.0
HTL02_RS00005	26	99.413	681	4	0	1	681	1837	2517	0.0	1236.0
HTL02_RS00035	26	99.266	681	5	0	1	681	1837	2517	0.0	1230.0
HTL02_RS00100	26	99.413	681	4	0	1	681	1837	2517	0.0	1236.0
HTL02_RS00135	26	99.413	681	4	0	1	681	1837	2517	0.0	1236.0
HTM13_RS00010	26	98.399	687	11	0	1	687	1831	2517	0.0	1208.0
HTQ42_RS00145	33	99.34	303	2	0	7	309	85	387	2.9399999999999995e-157	549.0
HTQ42_RS00150	33	97.333	375	10	0	1	375	767	1141	0.0	638.0
HTQ42_RS00155	33	98.645	369	5	0	1	369	1529	1161	0.0	654.0
HTQ42_RS00220	16	96.667	270	9	0	1	270	9050	8781	2.6599999999999994e-127	449.0
HTQ42_RS00240	16	95.745	141	6	0	1	141	1049	909	6.579999999999998e-61	228.0
HTQ42_RS00245	16	96.359	357	10	1	1	357	847	494	9.409999999999995e-168	584.0
HTV08_RS00030	26	99.266	681	5	0	1	681	1837	2517	0.0	1230.0
HTV08_RS00040	26	99.266	681	5	0	1	681	1837	2517	0.0	1230.0
HTW12_RS00005	26	99.413	681	4	0	1	681	1837	2517	0.0	1236.0
HTW12_RS00040	26	99.413	681	4	0	1	681	1837	2517	0.0	1236.0
HTW12_RS00215	26	99.266	681	4	1	1	680	1837	2517	0.0	1229.0
HTW12_RS00305	26	99.266	681	5	0	1	681	1837	2517	0.0	1230.0
HTW12_RS00315	26	99.266	681	5	0	1	681	1837	2517	0.0	1230.0
HTW12_RS00395	21	96.314	2252	80	3	1	2249	4793	2542	0.0	3696.0
HTW12_RS00415	34	100.0	459	0	0	1	459	604	1062	0.0	848.0
HTW12_RS00420	34	100.0	483	0	0	1	483	32	514	0.0	893.0
HTW12_RS00425	29	100.0	390	0	0	1	390	2312	2701	0.0	721.0
HTW12_RS00430	29	99.63799999999999	276	1	0	1	276	2037	2312	5.739999999999999e-144	505.0
HTW12_RS00435	29	98.454	1035	16	0	1	1035	1013	2047	0.0	1823.0
HTW12_RS00440	29	99.365	315	2	0	1	315	706	1020	6.409999999999997e-164	571.0
HTW12_RS00445	29	100.0	417	0	0	1	417	290	706	0.0	771.0
HTW12_RS00465	36	97.725	879	8	1	1	879	299	1165	0.0	1502.0
HTW12_RS00470	36	99.234	261	2	0	1	261	28	288	5.479999999999999e-134	472.0
HTW12_RS00480	16	97.199	357	7	1	1	357	847	494	9.339999999999998e-173	601.0
HTW12_RS00500	16	96.07799999999999	306	12	0	1	306	9050	8745	2.9699999999999995e-142	499.0
HTW12_RS00545	17	99.09899999999999	111	1	0	1	111	14184	14294	1.0900000000000001e-52	200.0
HTW12_RS00605	26	99.413	681	4	0	1	681	1837	2517	0.0	1236.0
HTX01_RS00010	26	99.413	681	4	0	1	681	1837	2517	0.0	1236.0
HTX01_RS00030	26	99.413	681	4	0	1	681	1837	2517	0.0	1236.0
HTX01_RS00070	26	99.266	681	5	0	1	681	1837	2517	0.0	1230.0
HTX01_RS00080	26	99.266	681	5	0	1	681	1837	2517	0.0	1230.0
HTX01_RS00095	26	99.266	681	5	0	1	681	1837	2517	0.0	1230.0
HTX01_RS00130	26	99.119	681	3	3	1	678	1837	2517	0.0	1221.0
HTX01_RS00175	26	99.266	681	3	2	1	679	1837	2517	0.0	1229.0
HTX46_RS00035	17	99.09899999999999	111	1	0	1	111	14184	14294	1.0900000000000001e-52	200.0
HTX46_RS00080	16	96.07799999999999	306	12	0	1	306	9050	8745	2.9699999999999995e-142	499.0
HTX46_RS00100	16	97.199	357	7	1	1	357	847	494	9.339999999999998e-173	601.0
HTX46_RS00110	36	99.234	261	2	0	1	261	28	288	5.479999999999999e-134	472.0
HTX46_RS00115	36	97.725	879	8	1	1	879	299	1165	0.0	1502.0
HTX46_RS00135	29	100.0	417	0	0	1	417	290	706	0.0	771.0
HTX46_RS00140	29	99.365	315	2	0	1	315	706	1020	6.409999999999997e-164	571.0
HTX46_RS00145	29	98.454	1035	16	0	1	1035	1013	2047	0.0	1823.0
HTX46_RS00150	29	99.275	276	2	0	1	276	2037	2312	2.6699999999999992e-142	499.0
HTX46_RS00155	29	100.0	390	0	0	1	390	2312	2701	0.0	721.0
HTX46_RS00160	34	100.0	483	0	0	1	483	32	514	0.0	893.0
HTX46_RS00165	34	99.78200000000001	459	1	0	1	459	604	1062	0.0	843.0
HTX46_RS00175	40	100.0	405	0	0	1	405	2	406	0.0	749.0
HTX46_RS00185	21	96.314	2252	80	3	1	2249	4793	2542	0.0	3696.0
HTX46_RS00295	26	99.413	681	4	0	1	681	1837	2517	0.0	1236.0
A6B47_RS14290	16	98.319	357	6	0	1	357	9988	9632	1.5399999999999994e-180	627.0
A6B47_RS14630	2	96.325	1034	26	1	2	1023	280309	281342	0.0	1688.0
A6B47_RS14990	16	98.59899999999999	357	5	0	1	357	9988	9632	0.0	632.0
A6B47_RS15010	16	97.74	354	8	0	1	354	847	494	1.5399999999999995e-175	610.0
A6B47_RS15020	36	99.234	261	2	0	1	261	28	288	5.479999999999999e-134	472.0
A6B47_RS15025	36	97.49700000000001	879	10	1	1	879	299	1165	0.0	1491.0
A6B47_RS15045	29	98.08200000000001	417	8	0	1	417	290	706	0.0	726.0
A6B47_RS15050	29	99.365	315	2	0	1	315	706	1020	6.409999999999997e-164	571.0
A6B47_RS15055	29	98.35700000000001	1035	17	0	1	1035	1013	2047	0.0	1818.0
A6B47_RS15060	29	99.63799999999999	276	1	0	1	276	2037	2312	5.739999999999999e-144	505.0
A6B47_RS15065	29	100.0	390	0	0	1	390	2312	2701	0.0	721.0
A6B47_RS15070	34	100.0	483	0	0	1	483	32	514	0.0	893.0
A6B47_RS15075	34	100.0	459	0	0	1	459	604	1062	0.0	848.0
A6B47_RS15085	40	99.75299999999999	405	1	0	1	405	2	406	0.0	743.0
A6B47_RS15095	21	97.167	2259	64	0	1	2259	4793	2535	0.0	3818.0
A6B47_RS15105	21	98.089	785	13	2	1	784	2013	1230	0.0	1365.0
A6B47_RS15115	21	98.876	267	3	0	1	267	604	338	1.2099999999999995e-135	477.0
A6B47_RS15135	42	100.0	249	0	0	1	249	512	760	1.1299999999999996e-130	460.0
A6B47_RS15145	39	98.18799999999999	276	5	0	1	276	47	322	2.689999999999999e-137	483.0
A6B47_RS15155	39	96.757	185	6	0	1	185	1125	1309	3.1299999999999995e-85	309.0
A6B47_RS15250	17	97.77799999999999	225	5	0	1	225	11024	11248	4.83e-109	388.0
A6B47_RS15255	17	95.714	210	9	0	1	210	11309	11518	4.569999999999999e-94	339.0
A6B47_RS15260	17	96.7	303	9	1	1	303	11530	11831	2.269999999999999e-143	503.0
A6B47_RS15265	17	98.273	1332	20	2	1	1332	12258	13586	0.0	2329.0
A6B47_RS15270	17	96.866	351	11	0	1	351	13583	13933	7.139999999999998e-169	588.0
A6B47_RS15280	17	99.09899999999999	111	1	0	1	111	14184	14294	1.0900000000000001e-52	200.0
DTO64_RS16045	26	99.266	681	5	0	1	681	1837	2517	0.0	1230.0
DTO64_RS16150	24	100.0	87	0	0	1	87	4497	4411	3.8e-41	161.0
DTO64_RS16160	24	100.0	201	0	0	1	201	3692	3892	4.289999999999999e-104	372.0
DTO64_RS16165	24	99.943	1761	1	0	1	1761	1843	3603	0.0	3247.0
DTO64_RS16175	24	99.663	297	1	0	1	297	850	1146	1.3099999999999997e-155	544.0
DTO64_RS16180	24	100.0	723	0	0	1	723	1	723	0.0	1336.0
DTO64_RS16195	29	99.52	417	2	0	1	417	290	706	0.0	760.0
DTO64_RS16200	29	99.365	315	2	0	1	315	706	1020	6.409999999999997e-164	571.0
DTO64_RS16205	29	99.71	1035	3	0	1	1035	1013	2047	0.0	1895.0
DTO64_RS16210	29	99.63799999999999	276	1	0	1	276	2037	2312	5.739999999999999e-144	505.0
DTO64_RS16215	29	100.0	390	0	0	1	390	2312	2701	0.0	721.0
DTO64_RS16220	34	100.0	483	0	0	1	483	32	514	0.0	893.0
DTO64_RS16225	34	99.78200000000001	459	1	0	1	459	604	1062	0.0	843.0
DTO64_RS16255	21	97.477	2259	57	0	1	2259	4793	2535	0.0	3856.0
DTO64_RS16260	21	97.834	785	15	2	1	784	2013	1230	0.0	1354.0
DTO64_RS16275	21	100.0	267	0	0	1	267	604	338	1.1999999999999997e-140	494.0
DTO64_RS16300	39	100.0	276	0	0	1	276	47	322	1.2299999999999997e-145	510.0
DTO64_RS16310	39	100.0	185	0	0	1	185	1125	1309	3.089999999999999e-95	342.0
DTO64_RS16315	49	100.0	147	0	0	1	147	31	177	3.139999999999999e-74	272.0
DTO64_RS17015	83	100.0	174	0	0	1	174	214	41	3.729999999999999e-89	322.0
DTO64_RS16365	33	97.867	375	8	0	1	375	767	1141	0.0	649.0
DTO64_RS16415	26	99.266	681	5	0	1	681	1837	2517	0.0	1230.0
DTO64_RS16455	23	100.0	606	0	0	1	606	3420	4025	0.0	1120.0
DTO64_RS16460	23	99.93299999999999	2988	2	0	1	2988	3295	308	0.0	5507.0
DTO64_RS16510	17	97.569	288	7	0	1	288	10743	11030	1.2999999999999997e-140	494.0
DTO64_RS16515	17	97.77799999999999	225	5	0	1	225	11024	11248	4.83e-109	388.0
DTO64_RS16520	17	96.19	210	8	0	1	210	11309	11518	9.829999999999997e-96	344.0
DTO64_RS16525	17	99.01	303	2	1	1	303	11530	11831	4.819999999999999e-155	542.0
DTO64_RS16530	17	99.275	414	3	0	1	414	12258	12671	0.0	749.0
DTO64_RS16535	23	100.0	606	0	0	1	606	3420	4025	0.0	1120.0
DTO64_RS16540	23	99.93299999999999	2988	2	0	1	2988	3295	308	0.0	5507.0
DTO64_RS16545	17	98.152	920	17	0	2	921	12667	13586	0.0	1605.0
DTO64_RS16550	17	97.721	351	8	0	1	351	13583	13933	7.089999999999999e-174	604.0
DTO64_RS16560	17	99.09899999999999	111	1	0	1	111	14184	14294	1.0900000000000001e-52	200.0
DTO64_RS16565	32	99.78399999999999	462	1	0	1	462	2322	1861	0.0	848.0
DTO64_RS17025	32	99.656	291	1	0	1	291	1690	1400	2.779999999999999e-152	532.0
DTO64_RS16575	32	100.0	372	0	0	1	372	925	1296	0.0	688.0
DTO64_RS16580	32	100.0	846	0	0	1	846	87	932	0.0	1563.0
DTO64_RS16590	16	96.34700000000001	1013	33	4	1	1011	15646	14636	0.0	1663.0
DTO64_RS16595	16	99.492	1182	6	0	1	1182	14607	13426	0.0	2150.0
DTO64_RS16600	16	99.632	1632	6	0	1	1632	13399	11768	0.0	2981.0
DTO64_RS16605	16	100.0	996	0	0	1	996	10772	11767	0.0	1840.0
DTO64_RS16610	16	100.0	69	0	0	1	69	10624	10556	2.8399999999999997e-31	128.0
DTO64_RS16620	16	99.68799999999999	320	1	0	1	320	9988	9669	2.4499999999999993e-168	586.0
DTO64_RS16625	23	99.93299999999999	2988	2	0	1	2988	3295	308	0.0	5507.0
DTO64_RS16630	23	100.0	606	0	0	1	606	3420	4025	0.0	1120.0
DTO64_RS16635	16	99.67299999999999	306	1	0	1	306	9050	8745	1.3399999999999997e-160	560.0
DTO64_RS16640	16	98.962	578	6	0	1	578	8734	8157	0.0	1035.0
DTO64_RS16645	26	99.413	681	4	0	1	681	1837	2517	0.0	1236.0
DTO64_RS16650	16	98.102	1581	30	0	1	1581	7642	6062	0.0	2754.0
DTO64_RS16675	16	98.305	354	6	0	1	354	847	494	7.099999999999999e-179	621.0
DTO64_RS16685	36	98.851	261	3	0	1	261	28	288	2.549999999999999e-132	466.0
DTO64_RS16690	36	97.27	879	12	1	1	879	299	1165	0.0	1480.0
DTO64_RS16710	29	99.52	417	2	0	1	417	290	706	0.0	760.0
DTO64_RS16715	29	99.365	315	2	0	1	315	706	1020	6.409999999999997e-164	571.0
DTO64_RS16720	29	99.71	1035	3	0	1	1035	1013	2047	0.0	1895.0
DTO64_RS16725	29	99.63799999999999	276	1	0	1	276	2037	2312	5.739999999999999e-144	505.0
DTO64_RS16730	29	100.0	390	0	0	1	390	2312	2701	0.0	721.0
DTO64_RS16735	34	99.564	459	2	0	1	459	604	1062	0.0	837.0
DTO64_RS16760	26	99.413	681	4	0	1	681	1837	2517	0.0	1236.0
DTO64_RS16770	26	99.413	681	4	0	1	681	1837	2517	0.0	1236.0
DTO64_RS16800	26	99.413	681	4	0	1	681	1837	2517	0.0	1236.0
GKQ57_RS13970	16	98.59899999999999	357	5	0	1	357	9988	9632	0.0	632.0
GKQ57_RS14000	16	96.06700000000001	356	11	1	1	356	847	495	1.5699999999999993e-165	577.0
GKQ57_RS14300	17	97.569	288	7	0	1	288	10743	11030	1.2999999999999997e-140	494.0
GKQ57_RS14305	17	97.77799999999999	225	5	0	1	225	11024	11248	4.83e-109	388.0
GKQ57_RS14310	17	96.19	210	8	0	1	210	11309	11518	9.829999999999997e-96	344.0
GKQ57_RS14315	17	99.01	303	2	1	1	303	11530	11831	4.819999999999999e-155	542.0
GKQ57_RS14320	17	99.24799999999999	1329	10	0	1	1329	12258	13586	0.0	2399.0
GKQ57_RS14325	17	96.866	351	11	0	1	351	13583	13933	7.139999999999998e-169	588.0
GKQ57_RS14330	17	99.09899999999999	111	1	0	1	111	14184	14294	1.0900000000000001e-52	200.0
GKQ57_RS14350	16	99.209	1011	8	0	1	1011	15646	14636	0.0	1823.0
GKQ57_RS14365	21	96.84700000000001	2252	68	3	1	2249	4793	2542	0.0	3762.0
GKQ57_RS14380	21	99.625	267	1	0	1	267	604	338	5.579999999999998e-139	488.0
GKQ57_RS14390	56	97.59	249	6	0	1	249	402	154	1.1399999999999997e-120	427.0
GKQ57_RS14410	39	97.82600000000001	276	6	0	1	276	47	322	1.2499999999999996e-135	477.0
GKQ57_RS14415	39	97.29700000000001	185	5	0	1	185	1125	1309	6.729999999999998e-87	315.0
GKQ57_RS14450	82	97.70100000000001	174	4	0	1	174	214	41	1.75e-82	300.0
GKQ57_RS14590	26	99.484	1163	5	1	1	1162	2887	4049	0.0	2113.0
GKQ57_RS14595	17	100.0	107	0	0	2	108	10620	10726	3.79e-52	198.0
GKQ57_RS14600	17	99.365	315	2	0	1	315	10716	11030	6.409999999999997e-164	571.0
GKQ57_RS14605	17	98.22200000000001	225	4	0	1	225	11024	11248	1.0399999999999996e-110	394.0
GKQ57_RS14610	17	95.238	210	10	0	1	210	11309	11518	2.1299999999999997e-92	333.0
GKQ57_RS14615	17	96.37	303	10	1	1	303	11530	11831	1.0599999999999998e-141	497.0
GKQ57_RS14620	17	98.947	1329	14	0	1	1329	12258	13586	0.0	2377.0
GKQ57_RS14625	17	96.866	351	11	0	1	351	13583	13933	7.139999999999998e-169	588.0
GKQ57_RS14630	17	99.09899999999999	111	1	0	1	111	14184	14294	1.0900000000000001e-52	200.0
GKQ57_RS14640	32	99.73100000000001	372	1	0	1	372	925	1296	0.0	682.0
GKQ57_RS14645	32	99.882	846	1	0	1	846	87	932	0.0	1557.0
SAW_RS16855	17	97.569	288	7	0	1	288	10743	11030	1.2999999999999997e-140	494.0
SAW_RS16860	17	97.77799999999999	225	5	0	1	225	11024	11248	4.83e-109	388.0
SAW_RS16865	17	96.19	210	8	0	1	210	11309	11518	9.829999999999997e-96	344.0
SAW_RS16870	17	96.7	303	9	1	1	303	11530	11831	2.269999999999999e-143	503.0
SAW_RS16875	17	98.26899999999999	1329	23	0	1	1329	12258	13586	0.0	2327.0
SAW_RS16880	17	97.721	351	8	0	1	351	13583	13933	7.089999999999999e-174	604.0
SAW_RS16890	17	99.09899999999999	111	1	0	1	111	14184	14294	1.0900000000000001e-52	200.0
SAW_RS16900	32	99.78399999999999	462	1	0	1	462	2322	1861	0.0	848.0
SAW_RS17455	32	99.656	291	1	0	1	291	1690	1400	2.779999999999999e-152	532.0
SAW_RS16910	32	100.0	372	0	0	1	372	925	1296	0.0	688.0
SAW_RS16915	32	100.0	846	0	0	1	846	87	932	0.0	1563.0
SAW_RS16925	16	96.34700000000001	1013	33	4	1	1011	15646	14636	0.0	1663.0
SAW_RS16930	16	99.492	1182	6	0	1	1182	14607	13426	0.0	2150.0
SAW_RS16935	16	99.632	1632	6	0	1	1632	13399	11768	0.0	2981.0
SAW_RS16940	16	100.0	996	0	0	1	996	10772	11767	0.0	1840.0
SAW_RS16945	16	100.0	69	0	0	1	69	10624	10556	2.8399999999999997e-31	128.0
SAW_RS16955	16	99.72	357	1	0	1	357	9988	9632	0.0	654.0
SAW_RS16960	16	99.67299999999999	306	1	0	1	306	9050	8745	1.3399999999999997e-160	560.0
SAW_RS16965	16	98.09200000000001	2673	51	0	1	2673	8734	6062	0.0	4654.0
SAW_RS16990	16	95.79799999999999	357	12	1	1	357	847	494	2.0399999999999996e-164	573.0
SAW_RS17055	26	99.413	681	4	0	1	681	1837	2517	0.0	1236.0
SAW_RS17190	26	99.413	681	4	0	1	681	1837	2517	0.0	1236.0
SAW_RS17225	26	99.413	681	4	0	1	681	1837	2517	0.0	1236.0
SAW_RS17260	26	99.413	681	4	0	1	681	1837	2517	0.0	1236.0
