HKJ58_RS00005	32	100.0	180	0	0	1	180	2129	1950	1.9299999999999998e-92	333.0
HKJ58_RS00010	32	99.425	174	1	0	1	174	2335	2162	1.8699999999999996e-87	316.0
HKJ58_RS00015	32	100.0	2151	0	0	1	2151	2503	4653	0.0	3973.0
HKJ58_RS00020	32	100.0	1368	0	0	1	1368	4672	6039	0.0	2527.0
HKJ58_RS00025	32	98.714	311	0	4	1	309	6060	6368	3.1599999999999996e-157	549.0
HKJ58_RS00030	32	100.0	438	0	0	1	438	6918	7355	0.0	809.0
HKJ58_RS00035	32	100.0	1041	0	0	1	1041	7337	8377	0.0	1923.0
HKJ58_RS00040	32	100.0	324	0	0	1	324	8454	8777	3.2599999999999984e-172	599.0
HKJ58_RS00045	32	99.595	988	0	2	1	984	1	988	0.0	1799.0
pAMalpha1_p4	36	100.0	225	0	0	1	225	1270	1494	2.3799999999999995e-117	416.0
pAMalpha1_p5	36	100.0	297	0	0	1	297	850	1146	3.029999999999999e-157	549.0
pAMalpha1_p6	36	100.0	723	0	0	1	723	1	723	0.0	1336.0
pAMalpha1_p7	36	100.0	312	0	0	1	312	3915	4226	1.4699999999999996e-165	577.0
pAMalpha1_p8	36	99.50200000000001	201	1	0	1	201	3692	3892	2.15e-102	366.0
pAMalpha1_p9	36	99.881	1680	2	0	1	1680	1924	3603	0.0	3092.0
pMG2200_49	24	98.579	774	11	0	1	774	6123	5350	0.0	1369.0
pMG2200_50	24	98.73200000000001	552	7	0	1	552	6818	6267	0.0	981.0
pMG2200_51	24	98.851	174	2	0	1	174	7015	6842	8.679999999999999e-86	311.0
pMG2200_52	24	99.462	186	1	0	1	186	7203	7018	4.289999999999999e-94	339.0
pMG2200_53	24	98.507	201	3	0	1	201	7499	7699	4.6499999999999986e-99	355.0
pMG2200_54	24	99.56700000000001	231	1	0	1	231	8031	7801	5.269999999999998e-119	422.0
pMG2200_85	30	100.0	105	0	0	1	105	5969	5865	5.1000000000000003e-51	195.0
pMG2200_89	30	96.396	111	4	0	1	111	5869	5759	1.18e-47	183.0
pMG2200_91	30	99.01	303	2	1	1	303	5463	5162	5.179999999999998e-155	542.0
pMG2200_92	30	98.947	1329	14	0	1	1329	4735	3407	0.0	2377.0
pMG2200_93	30	96.866	351	11	0	1	351	3410	3060	7.679999999999998e-169	588.0
pMG2200_94	30	98.12200000000001	213	4	0	1	213	3103	2891	4.919999999999999e-104	372.0
pMG2200_103	18	98.59899999999999	357	5	0	1	357	40043	39687	0.0	632.0
pMG2200_109	18	96.56200000000001	320	11	0	1	320	30869	30550	1.1899999999999998e-151	531.0
pCF10_01	30	98.796	1329	16	0	1	1329	4735	3407	0.0	2366.0
pCF10_02	30	98.575	351	5	0	1	351	3410	3060	7.569999999999997e-179	621.0
pCF10_03	30	99.531	213	1	0	1	213	3103	2891	4.889999999999998e-109	388.0
pCF10_14	18	98.94200000000001	189	2	0	1	189	39105	38917	4.369999999999999e-94	339.0
pCF10_17	18	96.919	357	8	1	1	357	30902	30549	4.669999999999999e-171	595.0
pCF10_33	24	98.90100000000001	273	3	0	1	273	527	799	6.119999999999999e-139	488.0
pCF10_34	24	96.919	357	11	0	1	357	1045	1401	3.6099999999999985e-172	599.0
pCF10_37	24	100.0	168	0	0	1	168	3814	3981	8.349999999999999e-86	311.0
pCF10_40	24	98.71799999999999	546	7	0	1	546	6818	6273	0.0	970.0
pCF10_41	24	97.396	192	5	0	1	192	7033	6842	9.629999999999997e-91	327.0
pCF10_42	24	98.387	186	3	0	1	186	7203	7018	9.289999999999999e-91	327.0
pCF10_44	24	99.005	201	2	0	1	201	7499	7699	9.99e-101	361.0
pCF10_45	24	99.56700000000001	231	1	0	1	231	8031	7801	5.269999999999998e-119	422.0
pCF10_50	18	98.34299999999999	1026	16	1	1	1026	3003	1979	0.0	1799.0
pCF10_51	18	98.535	273	4	0	1	273	1061	789	2.849999999999999e-137	483.0
pCF10_53	30	99.678	621	2	0	1	621	6887	6267	0.0	1136.0
pCF10_54	30	100.0	297	0	0	1	297	6259	5963	3.029999999999999e-157	549.0
pCF10_55	30	100.0	225	0	0	1	225	5969	5745	2.3799999999999995e-117	416.0
pCF10_56	30	100.0	210	0	0	1	210	5684	5475	4.81e-109	388.0
pCF10_57	30	100.0	174	0	0	1	174	5463	5290	4.0099999999999995e-89	322.0
pAM373_p18	18	98.214	504	9	0	1	504	13779	13276	0.0	881.0
pAM373_p24	18	97.103	2347	66	2	1	2346	19667	17322	0.0	3956.0
pAM373_p26	18	98.396	2493	40	0	1	2493	22532	20040	0.0	4383.0
pAM373_p30	18	99.23100000000001	390	3	0	1	390	24088	23699	0.0	704.0
pAM373_p31	18	98.551	276	4	0	1	276	24363	24088	6.189999999999998e-139	488.0
pAM373_p32	18	98.463	846	13	0	1	846	25198	24353	0.0	1491.0
pAM373_p33	18	100.0	315	0	0	1	315	25694	25380	3.1799999999999993e-167	582.0
pAM373_p34	18	97.89200000000001	332	7	0	2	333	26025	25694	5.6499999999999985e-165	575.0
pAM373_p35	18	98.706	618	8	0	1	618	26711	26094	0.0	1098.0
pAM373_p36	18	99.37100000000001	1272	8	0	1	1272	27985	26714	0.0	2305.0
pAM373_p37	18	99.535	861	4	0	1	861	28871	28011	0.0	1568.0
pAM373_p38	18	97.611	879	9	1	1	879	29757	28891	0.0	1496.0
pAM373_p39	18	99.234	261	2	0	1	261	30028	29768	5.889999999999999e-134	472.0
pAM373_p42	20	98.039	102	2	0	1	102	2137	2238	4.95e-46	178.0
pAM373_p44	20	99.291	282	2	0	1	282	1597	1316	1.3499999999999997e-145	510.0
pAM373_p45	20	95.11399999999999	307	15	0	1	307	984	1290	9.139999999999997e-138	484.0
HS082_RS00050	18	95.34200000000001	365	6	2	1	365	30902	30549	2.899999999999999e-163	569.0
HS082_RS00150	24	99.634	273	1	0	1	273	527	799	2.8299999999999992e-142	499.0
HS082_RS00160	24	98.51700000000001	1686	25	0	1	1686	1402	3087	0.0	2976.0
HS082_RS00165	24	96.85700000000001	350	11	0	1	350	3120	3469	2.759999999999999e-168	586.0
HS082_RS00170	24	100.0	166	0	0	1	166	3814	3979	1.1e-84	307.0
HS082_RS00175	24	97.991	1344	27	0	1	1344	5350	4007	0.0	2333.0
HS082_RS00180	24	97.545	774	19	0	1	774	6123	5350	0.0	1325.0
HS082_RS00185	24	98.816	591	7	0	1	591	6818	6228	0.0	1053.0
HS082_RS00190	24	98.43799999999999	192	3	0	1	192	7033	6842	4.449999999999999e-94	339.0
HS082_RS00195	24	99.462	186	1	0	1	186	7203	7018	4.289999999999999e-94	339.0
HS082_RS00200	24	98.507	201	3	0	1	201	7499	7699	4.6499999999999986e-99	355.0
HS082_RS00205	24	99.56700000000001	231	1	0	1	231	8031	7801	5.269999999999998e-119	422.0
HS082_RS00390	28	96.147	597	23	0	1	597	1431	835	0.0	976.0
HS082_RS00395	30	96.809	282	9	0	7	288	6244	5963	6.529999999999999e-134	472.0
HS082_RS00400	30	98.22200000000001	225	4	0	1	225	5969	5745	1.1199999999999998e-110	394.0
pWZ1668_p09	48	99.656	291	1	0	1	291	1133	843	2.9799999999999993e-152	532.0
pWZ1668_p44	27	98.37	552	9	0	1	552	12088	11537	0.0	970.0
pWZ1668_p45	27	95.833	432	18	0	1	432	11532	11101	0.0	699.0
pWZ1668_p46	27	97.464	1656	42	0	1	1656	11108	9453	0.0	2826.0
pTW9_p01	28	95.484	620	28	0	1	620	1455	836	0.0	990.0
pTW9_p15	18	100.0	357	0	0	1	357	40043	39687	0.0	660.0
pTW9_p16	18	98.039	306	6	0	1	306	39105	38800	3.149999999999999e-152	532.0
pTW9_p17	18	97.08200000000001	2673	78	0	1	2673	38789	36117	0.0	4505.0
pTW9_p18	18	100.0	186	0	0	1	186	36045	35860	9.229999999999998e-96	344.0
pTW9_p21	18	98.131	321	6	0	1	321	30869	30549	1.5199999999999994e-160	560.0
pTW9_p23	18	99.617	261	1	0	1	261	30028	29768	1.2699999999999995e-135	477.0
pTW9_p24	18	97.27	879	12	1	1	879	29757	28891	0.0	1480.0
pTW9_p25	18	99.652	861	3	0	1	861	28871	28011	0.0	1574.0
pTW9_p26	18	99.214	1272	10	0	1	1272	27985	26714	0.0	2294.0
pTW9_p27	18	99.029	618	6	0	1	618	26711	26094	0.0	1109.0
pTW9_p28	18	99.096	332	3	0	2	333	26025	25694	1.2099999999999996e-171	597.0
pTW9_p29	18	100.0	315	0	0	1	315	25694	25380	3.1799999999999993e-167	582.0
pTW9_p30	18	98.551	1035	15	0	1	1035	25387	24353	0.0	1829.0
pTW9_p31	18	99.617	261	1	0	1	261	24348	24088	1.2699999999999995e-135	477.0
pTW9_p32	18	100.0	390	0	0	1	390	24088	23699	0.0	721.0
pTW9_p33	18	100.0	483	0	0	1	483	23667	23185	0.0	893.0
pTW9_p34	18	100.0	459	0	0	1	459	23095	22637	0.0	848.0
pTW9_p35	18	99.259	2565	19	0	1	2565	22604	20040	0.0	4632.0
pTW9_p37	18	97.529	2347	56	2	1	2346	19667	17322	0.0	4012.0
pTW9_p38	18	98.07799999999999	2237	40	3	1	2234	17320	15084	0.0	3890.0
pTW9_p40	18	95.09200000000001	489	24	0	1	489	13764	13276	0.0	771.0
HXI36_RS00165	27	95.29	552	26	0	1	552	12088	11537	0.0	876.0
HXI36_RS00170	27	95.602	432	19	0	1	432	11532	11101	0.0	693.0
HXI36_RS00175	27	98.249	1656	29	0	1	1656	11108	9453	0.0	2898.0
HXI36_RS00180	27	96.76700000000001	928	26	4	1	928	9435	8512	0.0	1544.0
HXI36_RS00185	27	98.285	933	16	0	1	933	8510	7578	0.0	1635.0
HXI36_RS00190	27	95.786	973	37	2	1	970	7561	6590	0.0	1567.0
HXI36_RS00195	27	99.458	369	2	0	1	369	6561	6193	0.0	671.0
HXI36_RS00285	24	99.45100000000001	546	3	0	28	573	11638	12183	0.0	992.0
HXI36_RS00300	24	99.60799999999999	255	1	0	1	255	11057	11311	2.669999999999999e-132	466.0
HS679_RS00125	27	97.28299999999999	552	15	0	1	552	12088	11537	0.0	937.0
HS679_RS00130	27	96.759	432	14	0	1	432	11532	11101	0.0	721.0
HS679_RS00135	27	98.37	1656	27	0	1	1656	11108	9453	0.0	2909.0
HS679_RS00140	27	98.16	924	17	0	1	924	9435	8512	0.0	1613.0
HS679_RS00145	27	99.35700000000001	933	6	0	1	933	8510	7578	0.0	1690.0
HS679_RS00150	27	99.691	972	3	0	1	972	7561	6590	0.0	1779.0
HS679_RS00155	27	99.729	369	1	0	1	369	6561	6193	0.0	676.0
D686_p02	27	99.116	792	4	1	1	789	7381	6590	0.0	1421.0
D686_p04	27	99.729	369	1	0	1	369	6561	6193	0.0	676.0
D686_p37	48	99.656	291	1	0	1	291	1133	843	2.9799999999999993e-152	532.0
D686_p17	27	98.37	552	9	0	1	552	12088	11537	0.0	970.0
D686_p16	27	95.833	432	18	0	1	432	11532	11101	0.0	699.0
D686_p15	27	97.464	1656	42	0	1	1656	11108	9453	0.0	2826.0
D686_p1002	27	99.116	792	4	1	1	789	7381	6590	0.0	1421.0
D686_p1036	48	99.656	291	1	0	1	291	1133	843	2.9799999999999993e-152	532.0
D686_p1046	27	98.37	552	9	0	1	552	12088	11537	0.0	970.0
D686_p1015	27	95.833	432	18	0	1	432	11532	11101	0.0	699.0
D686_p1017	27	97.464	1656	42	0	1	1656	11108	9453	0.0	2826.0
CGZ46_RS14310	28	96.359	357	13	0	1	357	11384	11028	7.819999999999998e-169	588.0
CGZ46_RS14315	28	97.37799999999999	267	7	0	1	267	11038	10772	6.059999999999998e-129	455.0
CGZ46_RS14320	28	96.208	1002	38	0	1	1002	10613	9612	0.0	1640.0
CGZ46_RS14340	23	97.046	2133	33	7	1	2133	9113	11215	0.0	3563.0
CGZ46_RS14345	23	96.618	207	7	0	1	207	8768	8974	1.0399999999999997e-95	344.0
CGZ46_RS14350	23	98.5	2466	36	1	1	2465	6222	8687	0.0	4348.0
CGZ46_RS14355	23	98.904	456	5	0	1	456	5754	6209	0.0	815.0
CGZ46_RS14375	33	99.665	597	2	0	1	597	6695	7291	0.0	1092.0
CGZ46_RS14380	33	100.0	207	0	0	1	207	6468	6674	2.1999999999999995e-107	383.0
CGZ46_RS14385	33	99.211	1395	11	0	1	1395	5059	6453	0.0	2516.0
CGZ46_RS14390	33	100.0	681	0	0	1	681	4379	5059	0.0	1258.0
CGZ46_RS14395	33	99.559	1587	4	1	1	1587	2768	4351	0.0	2889.0
CGZ46_RS14405	23	99.18	366	3	0	1	366	19541	19906	0.0	660.0
CGZ46_RS14410	23	99.837	615	1	0	1	615	18911	19525	0.0	1131.0
CGZ46_RS14415	23	99.005	804	8	0	1	804	18755	17952	0.0	1441.0
CGZ46_RS14420	23	97.77799999999999	225	5	0	1	225	17968	17744	5.189999999999999e-109	388.0
CGZ46_RS14425	23	100.0	186	0	0	1	186	17747	17562	9.229999999999998e-96	344.0
CGZ46_RS14440	24	97.14299999999999	350	10	0	1	350	3120	3469	5.9299999999999985e-170	592.0
CGZ46_RS14445	24	98.399	1686	27	0	1	1686	1402	3087	0.0	2964.0
CGZ46_RS14455	24	98.90100000000001	273	3	0	1	273	527	799	6.119999999999999e-139	488.0
CGZ46_RS14595	30	99.398	831	5	0	16	846	140	970	0.0	1507.0
CGZ46_RS14600	30	99.194	372	3	0	1	372	963	1334	0.0	671.0
CGZ46_RS14670	28	95.601	591	26	0	7	597	1425	835	0.0	948.0
CGZ46_RS14675	28	97.835	231	5	0	1	231	1659	1889	2.4699999999999996e-112	399.0
CGZ46_RS14680	28	97.95299999999999	342	7	0	1	342	1889	2230	1.5999999999999996e-170	593.0
CGZ46_RS14795	24	99.275	552	4	0	1	552	6818	6267	0.0	998.0
CGZ46_RS14800	24	98.851	174	2	0	1	174	7015	6842	8.679999999999999e-86	311.0
CGZ46_RS14805	24	99.462	186	1	0	1	186	7203	7018	4.289999999999999e-94	339.0
CGZ46_RS14810	24	99.50200000000001	201	1	0	1	201	7499	7699	2.15e-102	366.0
CGZ46_RS14815	24	99.56700000000001	231	1	0	1	231	8031	7801	5.269999999999998e-119	422.0
CGZ46_RS14900	30	95.68299999999999	278	12	0	7	284	6244	5967	1.0899999999999998e-126	448.0
CGZ46_RS14915	30	98.044	1329	26	0	1	1329	4735	3407	0.0	2311.0
CGZ46_RS14920	30	98.86	351	4	0	1	351	3410	3060	1.629999999999999e-180	627.0
CGZ46_RS14965	18	95.75200000000001	306	13	0	1	306	39105	38800	1.4899999999999995e-140	494.0
CGZ46_RS14970	18	96.596	2673	91	0	1	2673	38789	36117	0.0	4433.0
CGZ46_RS14985	18	97.734	353	8	0	1	353	30902	30550	5.949999999999999e-175	608.0
FOA09_RS14195	18	96.115	489	19	0	1	489	13764	13276	0.0	798.0
FOA09_RS14210	18	98.09100000000001	2252	40	3	1	2249	17335	15084	0.0	3917.0
FOA09_RS14215	18	97.529	2347	56	2	1	2346	19667	17322	0.0	4012.0
FOA09_RS14225	18	99.15799999999999	2493	21	0	1	2493	22532	20040	0.0	4488.0
FOA09_RS14230	18	100.0	459	0	0	1	459	23095	22637	0.0	848.0
FOA09_RS14235	18	100.0	483	0	0	1	483	23667	23185	0.0	893.0
FOA09_RS14240	18	100.0	393	0	0	1	393	24091	23699	0.0	726.0
FOA09_RS14245	18	99.63799999999999	276	1	0	1	276	24363	24088	6.149999999999999e-144	505.0
FOA09_RS14250	18	98.551	1035	15	0	1	1035	25387	24353	0.0	1829.0
FOA09_RS14255	18	100.0	315	0	0	1	315	25694	25380	3.1799999999999993e-167	582.0
FOA09_RS14260	18	98.374	369	6	0	1	369	26062	25694	0.0	649.0
FOA09_RS14265	18	99.191	618	5	0	1	618	26711	26094	0.0	1114.0
FOA09_RS14270	18	99.214	1272	10	0	1	1272	27985	26714	0.0	2294.0
FOA09_RS14275	18	99.652	861	3	0	1	861	28871	28011	0.0	1574.0
FOA09_RS14280	18	97.27	879	12	1	1	879	29757	28891	0.0	1480.0
FOA09_RS14285	18	99.617	261	1	0	1	261	30028	29768	1.2699999999999995e-135	477.0
FOA09_RS14295	18	98.305	354	6	0	1	354	30902	30549	7.64e-179	621.0
FOA09_RS14310	18	100.0	93	0	0	1	93	35841	35749	2.05e-44	172.0
FOA09_RS14315	18	100.0	186	0	0	1	186	36045	35860	9.229999999999998e-96	344.0
FOA09_RS14320	18	97.119	2673	77	0	1	2673	38789	36117	0.0	4510.0
FOA09_RS14325	18	98.039	306	6	0	1	306	39105	38800	3.149999999999999e-152	532.0
FOA09_RS14330	18	100.0	357	0	0	1	357	40043	39687	0.0	660.0
FOA09_RS14375	30	98.198	111	2	0	1	111	2809	2699	5.45e-51	195.0
FOA09_RS14395	28	95.47	596	27	0	1	596	1431	836	0.0	952.0
EYB36_RS00010	18	99.28399999999999	419	1	2	1	419	11793	11377	0.0	756.0
EYB36_RS00025	18	98.87200000000001	266	3	0	2	267	10657	10392	4.649999999999999e-135	475.0
EYB36_RS00030	18	98.551	276	4	0	1	276	10399	10124	6.189999999999998e-139	488.0
EYB36_RS00035	18	97.84899999999999	186	4	0	1	186	9321	9136	4.32e-89	322.0
EYB36_RS00040	24	97.70100000000001	174	4	0	1	174	7015	6842	1.8799999999999996e-82	300.0
EYB36_RS00045	24	98.646	591	8	0	1	591	6818	6228	0.0	1048.0
EYB36_RS00055	24	98.00200000000001	1301	26	0	1	1301	5350	4050	0.0	2259.0
EYB36_RS00060	18	96.242	612	23	0	1	612	6041	5430	0.0	1003.0
EYB36_RS00070	18	97.64	339	8	0	1	339	4606	4268	3.439999999999999e-167	582.0
EYB36_RS00075	18	96.515	660	23	0	1	660	4053	3394	0.0	1092.0
EYB36_RS00295	30	97.77799999999999	225	5	0	1	225	5969	5745	5.189999999999999e-109	388.0
EYB36_RS00300	30	96.51700000000001	201	7	0	1	201	5684	5484	2.1799999999999998e-92	333.0
EYB36_RS00305	30	96.7	303	9	1	1	303	5463	5162	2.439999999999999e-143	503.0
EYB36_RS00340	30	99.323	1329	9	0	1	1329	4735	3407	0.0	2405.0
EYB36_RS00345	30	98.006	351	7	0	1	351	3410	3060	1.6399999999999993e-175	610.0
EYB36_RS00350	30	99.09899999999999	111	1	0	1	111	2809	2699	1.1699999999999999e-52	200.0
EYB36_RS00400	18	99.32700000000001	1188	8	0	1	1188	18509	17322	0.0	2150.0
EYB36_RS00405	18	98.845	2252	23	3	1	2249	17335	15084	0.0	4012.0
EYB36_RS00420	18	98.978	489	5	0	1	489	13764	13276	0.0	876.0
EYB36_RS00425	18	99.251	267	2	0	1	267	12684	12418	2.7799999999999997e-137	483.0
EYB36_RS00430	18	97.963	491	10	0	1	491	12385	11895	0.0	852.0
EYB36_RS00550	28	98.26799999999999	231	4	0	1	231	1659	1889	5.31e-114	405.0
EYB36_RS00555	28	99.415	342	2	0	1	342	1889	2230	7.359999999999999e-179	621.0
EYB36_RS00560	28	99.46799999999999	939	5	0	1	939	2342	3280	0.0	1707.0
EYB36_RS00570	18	95.88	267	11	0	1	267	10658	10392	2.8399999999999993e-122	433.0
EYB36_RS00765	18	95.09200000000001	489	24	0	1	489	13764	13276	0.0	771.0
EYB36_RS00770	18	100.0	759	0	0	1	759	14528	13770	0.0	1402.0
EYB36_RS00775	18	99.425	2259	13	0	1	2259	17335	15077	0.0	4100.0
EYB36_RS00780	18	97.742	2347	51	2	1	2346	19667	17322	0.0	4039.0
EYB36_RS00790	18	99.198	2493	20	0	1	2493	22532	20040	0.0	4494.0
EYB36_RS00795	18	100.0	459	0	0	1	459	23095	22637	0.0	848.0
EYB36_RS00800	18	100.0	483	0	0	1	483	23667	23185	0.0	893.0
EYB36_RS00805	18	100.0	393	0	0	1	393	24091	23699	0.0	726.0
EYB36_RS00810	18	99.63799999999999	276	1	0	1	276	24363	24088	6.149999999999999e-144	505.0
EYB36_RS00815	18	98.744	1035	13	0	1	1035	25387	24353	0.0	1840.0
EYB36_RS00820	18	99.365	315	2	0	1	315	25694	25380	6.889999999999998e-164	571.0
EYB36_RS00825	18	99.458	369	2	0	1	369	26062	25694	0.0	671.0
EYB36_RS00830	18	98.05799999999999	618	12	0	1	618	26711	26094	0.0	1075.0
EYB36_RS00845	18	99.383	1135	7	0	1	1135	27985	26851	0.0	2058.0
EYB36_RS00855	18	97.27	879	12	1	1	879	29757	28891	0.0	1480.0
EYB36_RS00860	18	99.617	261	1	0	1	261	30028	29768	1.2699999999999995e-135	477.0
EYB36_RS00870	18	98.305	354	6	0	1	354	30902	30549	7.64e-179	621.0
EYB36_RS00875	18	98.87700000000001	3918	44	0	1	3918	34881	30964	0.0	6992.0
EYB36_RS00880	18	100.0	324	0	0	1	324	35520	35197	3.2599999999999984e-172	599.0
EYB36_RS00885	18	98.925	93	1	0	1	93	35841	35749	9.559999999999999e-43	167.0
EYB36_RS00890	18	100.0	186	0	0	1	186	36045	35860	9.229999999999998e-96	344.0
EYB36_RS00895	18	97.94200000000001	2673	55	0	1	2673	38789	36117	0.0	4632.0
EYB36_RS00900	18	97.037	270	8	0	1	270	39069	38800	6.129999999999999e-129	455.0
BZG32_RS16190	18	100.0	393	0	0	1	393	24091	23699	0.0	726.0
BZG32_RS16195	18	99.63799999999999	276	1	0	1	276	24363	24088	6.149999999999999e-144	505.0
BZG32_RS16200	18	99.90299999999999	1035	1	0	1	1035	25387	24353	0.0	1906.0
BZG32_RS16205	18	99.365	315	2	0	1	315	25694	25380	6.889999999999998e-164	571.0
BZG32_RS16210	18	98.916	369	4	0	1	369	26062	25694	0.0	660.0
BZG32_RS16215	18	99.191	618	5	0	1	618	26711	26094	0.0	1114.0
BZG32_RS16220	18	99.135	1272	11	0	1	1272	27985	26714	0.0	2289.0
BZG32_RS16225	18	98.955	861	9	0	1	861	28871	28011	0.0	1541.0
BZG32_RS16230	18	97.156	879	13	1	1	879	29757	28891	0.0	1474.0
BZG32_RS16235	18	99.617	261	1	0	1	261	30028	29768	1.2699999999999995e-135	477.0
BZG32_RS16245	18	98.305	354	6	0	1	354	30902	30549	7.64e-179	621.0
BZG32_RS16260	18	100.0	93	0	0	1	93	35841	35749	2.05e-44	172.0
BZG32_RS16265	18	99.462	186	1	0	1	186	36045	35860	4.289999999999999e-94	339.0
BZG32_RS16270	18	98.102	1581	30	0	1	1581	37697	36117	0.0	2754.0
BZG32_RS16280	18	98.962	578	6	0	1	578	38789	38212	0.0	1035.0
BZG32_RS16285	18	99.67299999999999	306	1	0	1	306	39105	38800	1.4499999999999996e-160	560.0
BZG32_RS16290	18	99.72	357	1	0	1	357	40043	39687	0.0	654.0
BZG32_RS16325	30	100.0	831	0	0	16	846	140	970	0.0	1535.0
BZG32_RS16330	30	100.0	372	0	0	1	372	963	1334	0.0	688.0
BZG32_RS16335	30	99.656	291	1	0	1	291	1728	1438	2.9799999999999993e-152	532.0
BZG32_RS16340	30	99.78399999999999	462	1	0	1	462	2360	1899	0.0	848.0
BZG32_RS16345	30	99.09899999999999	111	1	0	1	111	2809	2699	1.1699999999999999e-52	200.0
BZG32_RS16355	30	97.721	351	8	0	1	351	3410	3060	7.619999999999997e-174	604.0
BZG32_RS16360	30	98.495	1329	20	0	1	1329	4735	3407	0.0	2344.0
BZG32_RS16365	30	99.01	303	2	1	1	303	5463	5162	5.179999999999998e-155	542.0
BZG32_RS16370	30	95.984	249	10	0	1	249	5723	5475	5.7599999999999994e-114	405.0
BZG32_RS16375	30	97.77799999999999	225	5	0	1	225	5969	5745	5.189999999999999e-109	388.0
BZG32_RS16380	30	98.227	282	5	0	7	288	6244	5963	1.3899999999999995e-140	494.0
BZG32_RS16385	28	96.81700000000001	597	19	0	1	597	1431	835	0.0	998.0
BZG32_RS16605	18	97.40100000000001	2347	59	2	1	2346	19667	17322	0.0	3995.0
BZG32_RS16615	18	99.118	2493	22	0	1	2493	22532	20040	0.0	4482.0
BZG32_RS16620	18	99.564	459	2	0	1	459	23095	22637	0.0	837.0
BZG32_RS16660	18	99.48299999999999	580	3	0	30	609	26673	26094	0.0	1055.0
BZG32_RS16665	18	99.458	369	2	0	1	369	26062	25694	0.0	671.0
BZG32_RS16670	18	100.0	315	0	0	1	315	25694	25380	3.1799999999999993e-167	582.0
BZG32_RS16675	18	98.551	1035	15	0	1	1035	25387	24353	0.0	1829.0
BZG32_RS16680	18	99.63799999999999	276	1	0	1	276	24363	24088	6.149999999999999e-144	505.0
BZG32_RS16685	18	100.0	393	0	0	1	393	24091	23699	0.0	726.0
BZG32_RS16690	18	100.0	483	0	0	1	483	23667	23185	0.0	893.0
BZG32_RS16695	18	99.78200000000001	459	1	0	1	459	23095	22637	0.0	843.0
BZG32_RS16700	18	99.238	2493	19	0	1	2493	22532	20040	0.0	4499.0
BZG32_RS16710	18	96.993	2328	67	3	20	2346	19647	17322	0.0	3908.0
BZG32_RS16715	18	99.602	2259	9	0	1	2259	17335	15077	0.0	4122.0
BZG32_RS16720	18	100.0	759	0	0	1	759	14528	13770	0.0	1402.0
BZG32_RS16725	18	100.0	489	0	0	1	489	13764	13276	0.0	904.0
BZG32_RS16735	18	100.0	267	0	0	1	267	12684	12418	1.2799999999999996e-140	494.0
BZG32_RS16740	18	100.0	495	0	0	1	495	12385	11891	0.0	915.0
BZG32_RS16745	18	100.0	417	0	0	1	417	11793	11377	0.0	771.0
BZG32_RS16750	18	100.0	585	0	0	1	585	11353	10769	0.0	1081.0
BZG32_RS16755	18	99.625	267	1	0	1	267	10658	10392	5.97e-139	488.0
BZG32_RS16760	18	100.0	276	0	0	1	276	10399	10124	1.3199999999999996e-145	510.0
BZG32_RS16770	18	100.0	186	0	0	1	186	9321	9136	9.229999999999998e-96	344.0
BZG32_RS16775	18	100.0	147	0	0	1	147	9106	8960	3.3799999999999993e-74	272.0
BZG32_RS16780	18	100.0	780	0	0	1	780	8729	7950	0.0	1441.0
BZG32_RS16785	18	100.0	1260	0	0	1	1260	7950	6691	0.0	2327.0
BZG32_RS16795	18	100.0	729	0	0	1	729	6041	5313	0.0	1347.0
BZG32_RS16800	18	100.0	411	0	0	1	411	5102	4692	0.0	760.0
BZG32_RS16805	18	100.0	339	0	0	1	339	4606	4268	1.5699999999999996e-180	627.0
BZG32_RS16810	18	100.0	660	0	0	1	660	4053	3394	0.0	1219.0
BZG32_RS17425	18	100.0	159	0	0	1	159	3265	3107	7.889999999999999e-81	294.0
BZG32_RS16820	18	100.0	1461	0	0	1	1461	3003	1543	0.0	2699.0
BZG32_RS16825	18	97.93799999999999	388	8	0	3	390	1176	789	0.0	673.0
BMT03_RS13400	56	100.0	93	0	0	3	95	2	94	2.1099999999999996e-44	172.0
BMT03_RS13405	52	98.77	244	3	0	1	244	274	517	7.18e-123	435.0
BMT03_RS13620	27	98.551	552	8	0	1	552	12088	11537	0.0	976.0
BMT03_RS13625	27	95.139	432	21	0	1	432	11532	11101	0.0	682.0
BMT03_RS13630	27	96.86	1656	52	0	1	1656	11108	9453	0.0	2771.0
BMT03_RS13645	27	99.588	972	4	0	1	972	7561	6590	0.0	1773.0
BMT03_RS13650	27	99.458	369	2	0	1	369	6561	6193	0.0	671.0
BMT03_RS13660	38	96.679	271	9	0	3	273	394	664	8.019999999999997e-128	451.0
CG806_RS00140	18	96.495	428	12	3	1	425	15511	15084	0.0	704.0
CG806_RS00300	28	99.255	939	7	0	1	939	2342	3280	0.0	1696.0
CG806_RS00305	28	99.415	342	2	0	1	342	1889	2230	7.359999999999999e-179	621.0
CG806_RS00310	28	98.26799999999999	231	4	0	1	231	1659	1889	5.31e-114	405.0
CG806_RS00315	28	95.601	591	26	0	7	597	1425	835	0.0	948.0
CG806_RS00390	30	99.194	372	3	0	1	372	963	1334	0.0	671.0
CG806_RS00395	30	99.398	831	5	0	16	846	140	970	0.0	1507.0
CG806_RS00415	24	98.363	1344	22	0	1	1344	5350	4007	0.0	2361.0
CG806_RS00425	24	99.275	552	4	0	1	552	6818	6267	0.0	998.0
CG806_RS00430	24	98.851	174	2	0	1	174	7015	6842	8.679999999999999e-86	311.0
CG806_RS00435	24	98.925	186	2	0	1	186	7203	7018	1.9999999999999996e-92	333.0
CG806_RS00450	24	96.51700000000001	201	7	0	1	201	7499	7699	2.1799999999999998e-92	333.0
CG806_RS00455	24	99.56700000000001	231	1	0	1	231	8031	7801	5.269999999999998e-119	422.0
CG806_RS00485	18	97.87799999999999	1461	31	0	1	1461	3003	1543	0.0	2527.0
CG806_RS00490	18	97.6	375	9	0	1	375	1163	789	0.0	643.0
CG806_RS00495	18	98.259	402	7	0	1	402	368	769	0.0	704.0
CG806_RS00505	30	97.64	1017	24	0	1	1017	8230	7214	0.0	1746.0
CG806_RS00510	28	95.81200000000001	597	25	0	1	597	1431	835	0.0	965.0
CG806_RS00590	46	98.463	846	13	0	16	861	1294	449	0.0	1491.0
CG806_RS00625	18	95.07799999999999	3921	184	6	1	3915	34881	30964	0.0	6163.0
CG806_RS00630	18	95.79799999999999	357	12	1	1	357	30902	30549	2.1899999999999988e-164	573.0
CG806_RS00725	24	99.26700000000001	273	2	0	1	273	527	799	1.3099999999999998e-140	494.0
CG806_RS00735	24	98.57700000000001	1686	24	0	1	1686	1402	3087	0.0	2981.0
CG806_RS00740	24	96.85700000000001	350	11	0	1	350	3120	3469	2.759999999999999e-168	586.0
CG806_RS00830	30	99.09899999999999	111	1	0	1	111	2809	2699	1.1699999999999999e-52	200.0
CG806_RS00935	36	100.0	1761	0	0	1	1761	1843	3603	0.0	3253.0
CG806_RS00940	36	99.50200000000001	201	1	0	1	201	3692	3892	2.15e-102	366.0
CG806_RS14705	36	100.0	87	0	0	1	87	4498	4412	4.0899999999999993e-41	161.0
CG806_RS00955	36	100.0	723	0	0	1	723	1	723	0.0	1336.0
CG806_RS00960	36	99.663	297	1	0	1	297	850	1146	1.4099999999999996e-155	544.0
C7I31_RS13985	31	100.0	780	0	0	1	780	7951	7172	0.0	1441.0
C7I31_RS13990	31	100.0	699	0	0	1	699	7159	6461	0.0	1291.0
C7I31_RS13995	31	100.0	765	0	0	1	765	6433	5669	0.0	1413.0
C7I31_RS14000	31	100.0	690	0	0	1	690	5605	4916	0.0	1275.0
C7I31_RS14005	31	99.917	1200	0	1	1	1199	4900	3701	0.0	2209.0
C7I31_RS14010	31	100.0	1131	0	0	1	1131	3708	2578	0.0	2089.0
C7I31_RS14015	31	100.0	864	0	0	1	864	2545	1682	0.0	1596.0
C7I31_RS14020	31	99.90299999999999	1029	1	0	1	1029	1685	657	0.0	1895.0
C7I31_RS14030	37	99.914	1167	1	0	1	1167	416	1582	0.0	2150.0
C7I31_RS14035	37	100.0	1413	0	0	1	1413	1586	2998	0.0	2610.0
C7I31_RS14070	37	100.0	741	0	0	1	741	4164	3424	0.0	1369.0
C7I31_RS14075	37	100.0	315	0	0	1	315	4468	4154	3.1799999999999993e-167	582.0
C7I31_RS14085	42	100.0	297	0	0	1	297	2390	2094	3.029999999999999e-157	549.0
C7I31_RS14090	42	100.0	975	0	0	1	975	1633	659	0.0	1801.0
C7I31_RS14095	42	100.0	195	0	0	1	195	216	22	9.659999999999997e-101	361.0
C7I31_RS14110	38	100.0	330	0	0	1	330	335	664	1.5299999999999997e-175	610.0
C7I31_RS14115	38	100.0	939	0	0	1	939	792	1730	0.0	1735.0
C7I31_RS14120	38	100.0	1038	0	0	1	1038	1756	2793	0.0	1917.0
C7I31_RS14125	38	100.0	513	0	0	1	513	3610	3098	0.0	948.0
C7I31_RS14130	48	99.90899999999999	1103	1	0	1	1103	1133	31	0.0	2032.0
C7I31_RS14140	28	100.0	222	0	0	1	222	547	326	1.0899999999999997e-115	411.0
C7I31_RS14145	28	99.679	312	1	0	1	312	845	534	6.819999999999998e-164	571.0
C7I31_RS14150	28	100.0	621	0	0	1	621	1455	835	0.0	1147.0
C7I31_RS14155	28	97.835	231	5	0	1	231	1659	1889	2.4699999999999996e-112	399.0
C7I31_RS14160	28	99.12299999999999	342	3	0	1	342	1889	2230	3.4299999999999988e-177	616.0
C7I31_RS14165	28	99.361	939	6	0	1	939	2342	3280	0.0	1701.0
C7I31_RS14225	24	96.256	454	16	1	1	453	4460	4007	0.0	743.0
C7I31_RS14235	24	97.14299999999999	350	9	1	1	349	3120	3469	2.129999999999999e-169	590.0
C7I31_RS14240	24	99.585	1686	7	0	1	1686	1402	3087	0.0	3075.0
C7I31_RS14245	24	100.0	357	0	0	1	357	1045	1401	0.0	660.0
C7I31_RS14250	24	100.0	273	0	0	1	273	527	799	6.069999999999998e-144	505.0
C7I31_RS14255	24	98.984	492	5	0	1	492	3	494	0.0	881.0
C7I31_RS14310	31	100.0	213	0	0	1	213	10006	10218	1.0499999999999997e-110	394.0
C7I31_RS14315	31	100.0	780	0	0	1	780	9736	8957	0.0	1441.0
C7I31_RS14320	31	100.0	945	0	0	1	945	8911	7967	0.0	1746.0
C7I32_RS15265	18	99.744	390	1	0	1	390	24088	23699	0.0	715.0
C7I32_RS15270	18	99.275	276	2	0	1	276	24363	24088	2.859999999999999e-142	499.0
C7I32_RS15275	18	100.0	1035	0	0	1	1035	25387	24353	0.0	1912.0
C7I32_RS15280	18	99.68299999999999	315	1	0	1	315	25694	25380	1.4799999999999999e-165	577.0
C7I32_RS15285	18	98.321	417	7	0	1	417	26110	25694	0.0	732.0
C7I32_RS15290	18	98.867	618	7	0	1	618	26711	26094	0.0	1103.0
C7I32_RS15310	18	99.383	1135	7	0	1	1135	27985	26851	0.0	2058.0
C7I32_RS15315	18	98.368	858	5	1	1	849	28868	28011	0.0	1498.0
C7I32_RS15320	18	96.928	879	15	1	1	879	29757	28891	0.0	1463.0
C7I32_RS15325	18	100.0	261	0	0	1	261	30028	29768	2.719999999999999e-137	483.0
C7I32_RS15335	18	97.479	357	6	1	1	357	30902	30549	2.159999999999999e-174	606.0
C7I32_RS15355	18	96.07799999999999	306	12	0	1	306	39105	38800	3.1999999999999995e-142	499.0
C7I32_RS15565	18	95.09200000000001	489	24	0	1	489	13764	13276	0.0	771.0
C7I32_RS15580	18	98.801	2252	24	3	1	2249	17335	15084	0.0	4006.0
C7I32_RS15585	18	97.35799999999999	2347	60	2	1	2346	19667	17322	0.0	3989.0
C7I32_RS15595	18	98.516	2493	37	0	1	2493	22532	20040	0.0	4399.0
C7I32_RS15605	18	96.684	2352	72	3	1	2352	19667	17322	0.0	3906.0
C7I32_RS15610	18	99.646	2259	8	0	1	2259	17335	15077	0.0	4128.0
C7I32_RS15615	18	100.0	786	0	0	1	786	14555	13770	0.0	1452.0
C7I32_RS15620	18	100.0	489	0	0	1	489	13764	13276	0.0	904.0
C7I32_RS15625	18	99.251	267	2	0	1	267	12684	12418	2.7799999999999997e-137	483.0
C7I32_RS15630	18	98.788	495	6	0	1	495	12385	11891	0.0	881.0
C7I32_RS15635	18	99.041	417	4	0	1	417	11793	11377	0.0	749.0
C7I32_RS15640	18	96.23899999999999	585	22	0	1	585	11353	10769	0.0	959.0
C7I32_RS15645	18	99.625	267	1	0	1	267	10658	10392	5.97e-139	488.0
C7I32_RS15650	18	98.551	276	4	0	1	276	10399	10124	6.189999999999998e-139	488.0
C7I32_RS15660	18	100.0	186	0	0	1	186	9321	9136	9.229999999999998e-96	344.0
C7I32_RS15665	18	97.917	192	4	0	1	192	9151	8960	2.0699999999999995e-92	333.0
C7I32_RS15675	24	97.51700000000001	1289	31	1	17	1304	5334	4046	0.0	2202.0
C7I32_RS15685	18	96.708	729	24	0	1	729	6041	5313	0.0	1214.0
C7I32_RS15690	18	99.27	411	3	0	1	411	5102	4692	0.0	743.0
C7I32_RS15695	18	95.87	339	14	0	1	339	4606	4268	3.489999999999998e-157	549.0
C7I32_RS15785	18	95.425	306	14	0	1	306	39105	38800	6.919999999999999e-139	488.0
C7I32_RS15795	18	99.691	324	1	0	1	324	35520	35197	1.5099999999999995e-170	593.0
C7I32_RS15800	18	95.69	3921	163	5	1	3918	34881	30964	0.0	6300.0
C7I32_RS15805	18	100.0	354	0	0	1	354	30902	30549	0.0	654.0
C7I32_RS15810	18	99.432	352	2	0	1	352	30527	30176	0.0	640.0
C7I32_RS15815	18	100.0	261	0	0	1	261	30028	29768	2.719999999999999e-137	483.0
C7I32_RS15820	18	97.156	879	13	3	1	879	29757	28891	0.0	1474.0
C7I32_RS15825	18	99.76700000000001	858	2	0	1	858	28868	28011	0.0	1574.0
C7I32_RS15830	18	99.119	1135	10	0	1	1135	27985	26851	0.0	2041.0
C7I32_RS15850	18	98.706	618	8	0	1	618	26711	26094	0.0	1098.0
C7I32_RS15855	18	98.561	417	6	0	1	417	26110	25694	0.0	737.0
C7I32_RS15860	18	99.68299999999999	315	1	0	1	315	25694	25380	1.4799999999999999e-165	577.0
C7I32_RS15865	18	99.42	1035	6	0	1	1035	25387	24353	0.0	1879.0
C7I32_RS15870	18	99.275	276	2	0	1	276	24363	24088	2.859999999999999e-142	499.0
C7I32_RS15875	18	98.71799999999999	390	5	0	1	390	24088	23699	0.0	693.0
C7I32_RS15900	18	98.275	2493	43	0	1	2493	22532	20040	0.0	4366.0
DOU32_RS14335	24	99.26700000000001	273	2	0	1	273	527	799	1.3099999999999998e-140	494.0
DOU32_RS14450	24	99.634	273	1	0	1	273	527	799	2.8299999999999992e-142	499.0
DOU32_RS14485	24	99.26700000000001	546	4	0	1	546	6818	6273	0.0	987.0
DOU32_RS14490	24	98.43799999999999	192	3	0	1	192	7033	6842	4.449999999999999e-94	339.0
DOU32_RS14495	24	98.387	186	3	0	1	186	7203	7018	9.289999999999999e-91	327.0
DOU32_RS14620	30	99.09899999999999	111	1	0	1	111	2809	2699	1.1699999999999999e-52	200.0
DOU32_RS14630	30	98.006	351	7	0	1	351	3410	3060	1.6399999999999993e-175	610.0
DOU32_RS14635	30	99.17200000000001	1329	11	0	1	1329	4735	3407	0.0	2394.0
DOU32_RS14640	30	96.37	303	10	1	1	303	5463	5162	1.1399999999999998e-141	497.0
DOU32_RS14645	30	96.51700000000001	201	7	0	1	201	5684	5484	2.1799999999999998e-92	333.0
DOU32_RS14650	30	97.77799999999999	225	5	0	1	225	5969	5745	5.189999999999999e-109	388.0
DOU32_RS14710	24	99.134	231	2	0	1	231	8031	7801	2.4499999999999995e-117	416.0
DOU32_RS14720	24	98.361	183	3	0	1	183	3548	3730	4.249999999999999e-89	322.0
DOU32_RS14725	24	98.575	351	5	0	1	351	3120	3470	7.569999999999997e-179	621.0
DOU32_RS14730	24	99.229	1686	13	0	1	1686	1402	3087	0.0	3042.0
DOU31_RS14505	24	99.634	273	1	0	1	273	527	799	2.8299999999999992e-142	499.0
DOU31_RS14510	24	100.0	357	0	0	1	357	1045	1401	0.0	660.0
DOU31_RS14515	24	99.822	1686	3	0	1	1686	1402	3087	0.0	3097.0
DOU31_RS14520	24	98.575	351	5	0	1	351	3120	3470	7.569999999999997e-179	621.0
DOU31_RS14525	24	98.361	183	3	0	1	183	3548	3730	4.249999999999999e-89	322.0
DOU31_RS14535	24	99.134	231	2	0	1	231	8031	7801	2.4499999999999995e-117	416.0
DOU31_RS14595	30	97.77799999999999	225	5	0	1	225	5969	5745	5.189999999999999e-109	388.0
DOU31_RS14600	30	96.51700000000001	201	7	0	1	201	5684	5484	2.1799999999999998e-92	333.0
DOU31_RS14605	30	96.37	303	10	1	1	303	5463	5162	1.1399999999999998e-141	497.0
DOU31_RS14610	30	99.17200000000001	1329	11	0	1	1329	4735	3407	0.0	2394.0
DOU31_RS14615	30	97.721	351	8	0	1	351	3410	3060	7.619999999999997e-174	604.0
DOU31_RS14625	30	99.09899999999999	111	1	0	1	111	2809	2699	1.1699999999999999e-52	200.0
DOU31_RS14670	23	97.046	2133	33	7	1	2133	9113	11215	0.0	3563.0
DOU31_RS14675	23	96.618	207	7	0	1	207	8768	8974	1.0399999999999997e-95	344.0
DOU31_RS14680	23	98.5	2466	36	1	1	2465	6222	8687	0.0	4348.0
DOU31_RS14685	23	98.904	456	5	0	1	456	5754	6209	0.0	815.0
DOU31_RS14710	33	99.665	597	2	0	1	597	6695	7291	0.0	1092.0
DOU31_RS14715	33	100.0	207	0	0	1	207	6468	6674	2.1999999999999995e-107	383.0
DOU31_RS14720	33	99.211	1395	11	0	1	1395	5059	6453	0.0	2516.0
DOU31_RS14725	33	100.0	681	0	0	1	681	4379	5059	0.0	1258.0
DOU31_RS14730	33	99.559	1587	4	1	1	1587	2768	4351	0.0	2889.0
DOU31_RS14740	23	99.18	366	3	0	1	366	19541	19906	0.0	660.0
DOU31_RS14745	23	99.837	615	1	0	1	615	18911	19525	0.0	1131.0
DOU31_RS14750	23	99.005	804	8	0	1	804	18755	17952	0.0	1441.0
DOU31_RS14755	23	97.77799999999999	225	5	0	1	225	17968	17744	5.189999999999999e-109	388.0
DOU31_RS14760	23	100.0	186	0	0	1	186	17747	17562	9.229999999999998e-96	344.0
DOU31_RS14780	24	97.14299999999999	350	10	0	1	350	3120	3469	5.9299999999999985e-170	592.0
DOU31_RS14785	24	98.352	1699	27	1	1	1698	1402	3100	0.0	2981.0
DOU31_RS14790	24	98.319	357	6	0	1	357	1045	1401	1.6599999999999995e-180	627.0
DOU31_RS14795	24	98.90100000000001	273	3	0	1	273	527	799	6.119999999999999e-139	488.0
DOU31_RS14905	18	96.07799999999999	357	11	1	1	357	30902	30549	4.6999999999999983e-166	579.0
DOU31_RS14935	18	96.97	2673	81	0	1	2673	38789	36117	0.0	4488.0
DOU31_RS14940	18	95.926	270	11	0	1	270	39069	38800	6.17e-124	438.0
DOU31_RS15040	28	97.835	231	5	0	1	231	1659	1889	2.4699999999999996e-112	399.0
DOU31_RS15045	28	97.95299999999999	342	7	0	1	342	1889	2230	1.5999999999999996e-170	593.0
DOU31_RS15100	38	99.904	1038	1	0	1	1038	1756	2793	0.0	1912.0
DOU31_RS15105	38	99.787	939	2	0	1	939	792	1730	0.0	1724.0
DR75_RS00025	18	98.801	2252	24	3	1	2249	17335	15084	0.0	4006.0
DR75_RS00030	18	96.429	2352	78	3	1	2352	19667	17322	0.0	3873.0
DR75_RS00065	30	99.88	831	1	0	16	846	140	970	0.0	1530.0
DR75_RS00070	30	99.73100000000001	372	1	0	1	372	963	1334	0.0	682.0
DR75_RS15315	30	99.09899999999999	111	1	0	1	111	2809	2699	1.1699999999999999e-52	200.0
DR75_RS00190	18	97.935	339	7	0	1	339	4606	4268	7.399999999999997e-169	588.0
DR75_RS00195	18	96.594	411	14	0	1	411	5102	4692	0.0	682.0
DR75_RS00200	18	97.119	729	21	0	1	729	6041	5313	0.0	1230.0
DR75_RS00205	18	98.571	1260	18	0	1	1260	7950	6691	0.0	2228.0
DR75_RS00210	18	98.205	780	14	0	1	780	8729	7950	0.0	1363.0
DR75_RS00215	18	97.279	147	4	0	1	147	9106	8960	1.5799999999999998e-67	250.0
DR75_RS00220	18	97.31200000000001	186	5	0	1	186	9321	9136	2.01e-87	316.0
DR75_RS00225	18	97.82600000000001	276	6	0	1	276	10399	10124	1.3399999999999997e-135	477.0
DR75_RS00230	18	99.625	267	1	0	1	267	10658	10392	5.97e-139	488.0
DR75_RS00235	18	96.41	585	21	0	1	585	11353	10769	0.0	965.0
DR75_RS00240	18	97.84200000000001	417	9	0	1	417	11793	11377	0.0	721.0
DR75_RS00250	18	97.963	491	10	0	1	491	12385	11895	0.0	852.0
DR75_RS00255	18	99.625	267	1	0	1	267	12684	12418	5.97e-139	488.0
DR75_RS00335	30	97.77799999999999	225	5	0	1	225	5969	5745	5.189999999999999e-109	388.0
DR75_RS00340	30	95.238	210	10	0	1	210	5684	5475	2.2899999999999998e-92	333.0
DR75_RS00345	30	96.37	303	10	1	1	303	5463	5162	1.1399999999999998e-141	497.0
DR75_RS00350	30	98.194	1329	24	0	1	1329	4735	3407	0.0	2322.0
DR75_RS00355	30	96.581	351	12	0	1	351	3410	3060	3.569999999999999e-167	582.0
DR75_RS00415	18	95.95100000000001	2223	90	0	4	2226	33186	30964	0.0	3607.0
DR75_RS00420	18	96.07799999999999	357	11	1	1	357	30902	30549	4.6999999999999983e-166	579.0
DR75_RS00515	24	98.897	272	3	0	1	272	527	798	2.1999999999999993e-138	486.0
DR75_RS00540	24	96.95200000000001	1345	39	2	1	1344	5350	4007	0.0	2255.0
DR75_RS00545	24	97.545	774	19	0	1	774	6123	5350	0.0	1325.0
DR75_RS00550	24	98.71799999999999	546	7	0	1	546	6818	6273	0.0	970.0
DR75_RS00555	24	97.396	192	5	0	1	192	7033	6842	9.629999999999997e-91	327.0
DR75_RS00560	24	98.925	186	2	0	1	186	7203	7018	1.9999999999999996e-92	333.0
EF_RS15810	18	98.039	306	6	0	1	306	39105	38800	3.149999999999999e-152	532.0
EF_RS15825	18	96.919	357	8	1	1	357	30902	30549	4.669999999999999e-171	595.0
EF_RS15905	24	99.26700000000001	273	2	0	1	273	527	799	1.3099999999999998e-140	494.0
EF_RS15935	24	98.71799999999999	546	7	0	1	546	6818	6273	0.0	970.0
EF_RS15940	24	97.396	192	5	0	1	192	7033	6842	9.629999999999997e-91	327.0
EF_RS15945	24	98.925	186	2	0	1	186	7203	7018	1.9999999999999996e-92	333.0
EF_RS15955	24	99.56700000000001	231	1	0	1	231	8031	7801	5.269999999999998e-119	422.0
EF_RS15980	18	97.947	1461	30	0	1	1461	3003	1543	0.0	2532.0
EF_RS16115	28	97.101	621	18	0	1	621	1455	835	0.0	1048.0
EF_RS16285	18	97.40100000000001	2347	59	2	1	2346	19667	17322	0.0	3995.0
EF_RS16295	18	99.15799999999999	2493	21	0	1	2493	22532	20040	0.0	4488.0
EF_RS16300	18	99.564	459	2	0	1	459	23095	22637	0.0	837.0
EF_RS16305	18	100.0	390	0	0	1	390	24088	23699	0.0	721.0
EF_RS16310	18	99.63799999999999	276	1	0	1	276	24363	24088	6.149999999999999e-144	505.0
EF_RS16315	18	99.90299999999999	1035	1	0	1	1035	25387	24353	0.0	1906.0
EF_RS16320	18	99.365	315	2	0	1	315	25694	25380	6.889999999999998e-164	571.0
EF_RS16325	18	98.561	417	6	0	1	417	26110	25694	0.0	737.0
EF_RS16330	18	99.191	618	5	0	1	618	26711	26094	0.0	1114.0
EF_RS16335	18	98.585	1272	18	0	1	1272	27985	26714	0.0	2250.0
EF_RS16340	18	98.95100000000001	858	9	0	1	858	28868	28011	0.0	1535.0
EF_RS16345	18	97.156	879	13	1	1	879	29757	28891	0.0	1474.0
EF_RS16350	18	99.617	261	1	0	1	261	30028	29768	1.2699999999999995e-135	477.0
EF_RS16360	18	98.305	354	6	0	1	354	30902	30549	7.64e-179	621.0
EF_RS16375	18	98.09200000000001	2673	51	0	1	2673	38789	36117	0.0	4654.0
EF_RS16380	18	99.67299999999999	306	1	0	1	306	39105	38800	1.4499999999999996e-160	560.0
EF_RS16385	18	99.72	357	1	0	1	357	40043	39687	0.0	654.0
EF_RS16465	28	96.94	621	19	0	1	621	1455	835	0.0	1042.0
EF_RS16470	30	98.227	282	5	0	7	288	6244	5963	1.3899999999999995e-140	494.0
EF_RS16475	30	97.77799999999999	225	5	0	1	225	5969	5745	5.189999999999999e-109	388.0
EF_RS16480	30	96.19	210	8	0	1	210	5684	5475	1.0599999999999997e-95	344.0
EF_RS16485	30	99.01	303	2	1	1	303	5463	5162	5.179999999999998e-155	542.0
EF_RS16490	30	98.495	1329	20	0	1	1329	4735	3407	0.0	2344.0
EF_RS16495	30	97.721	351	8	0	1	351	3410	3060	7.619999999999997e-174	604.0
EF_RS16500	30	99.09899999999999	111	1	0	1	111	2809	2699	1.1699999999999999e-52	200.0
EF_RS16505	30	99.78399999999999	462	1	0	1	462	2360	1899	0.0	848.0
EF_RS16510	30	100.0	372	0	0	1	372	963	1334	0.0	688.0
EF_RS16515	30	100.0	831	0	0	16	846	140	970	0.0	1535.0
EL279_RS14680	30	99.09899999999999	111	1	0	1	111	2809	2699	1.1699999999999999e-52	200.0
EL279_RS14725	18	96.07799999999999	306	12	0	1	306	39105	38800	3.1999999999999995e-142	499.0
EL279_RS14745	18	97.199	357	7	1	1	357	30902	30549	9.999999999999998e-173	601.0
EL279_RS14755	18	100.0	261	0	0	1	261	30028	29768	2.719999999999999e-137	483.0
EL279_RS14760	18	97.611	879	9	1	1	879	29757	28891	0.0	1496.0
EL279_RS14765	18	97.319	858	5	1	1	840	28868	28011	0.0	1441.0
EL279_RS14770	18	99.84299999999999	1272	2	0	1	1272	27985	26714	0.0	2338.0
EL279_RS14775	18	99.029	618	6	0	1	618	26711	26094	0.0	1109.0
EL279_RS14780	18	100.0	417	0	0	1	417	26110	25694	0.0	771.0
EL279_RS14790	18	100.0	300	0	0	1	300	25679	25380	6.579999999999998e-159	555.0
EL279_RS14795	18	98.647	1035	14	0	1	1035	25387	24353	0.0	1834.0
EL279_RS14800	18	99.63799999999999	276	1	0	1	276	24363	24088	6.149999999999999e-144	505.0
EL279_RS14805	18	100.0	390	0	0	1	390	24088	23699	0.0	721.0
EL279_RS14810	18	100.0	483	0	0	1	483	23667	23185	0.0	893.0
EL279_RS14815	18	100.0	459	0	0	1	459	23095	22637	0.0	848.0
EL279_RS14820	18	99.15799999999999	2493	21	0	1	2493	22532	20040	0.0	4488.0
EL279_RS14830	18	97.529	2347	56	2	1	2346	19667	17322	0.0	4012.0
EL279_RS14835	18	98.09100000000001	2252	40	3	1	2249	17335	15084	0.0	3917.0
EL279_RS14850	18	96.115	489	19	0	1	489	13764	13276	0.0	798.0
EL279_RS15255	28	97.661	342	8	0	1	342	1889	2230	7.469999999999997e-169	588.0
EL279_RS15260	28	97.835	231	5	0	1	231	1659	1889	2.4699999999999996e-112	399.0
EL279_RS15480	28	97.835	231	5	0	1	231	1659	1889	2.4699999999999996e-112	399.0
EL279_RS15485	28	99.12299999999999	342	3	0	1	342	1889	2230	3.4299999999999988e-177	616.0
EL279_RS15490	28	99.361	939	6	0	1	939	2342	3280	0.0	1701.0
EL279_RS15505	38	99.89399999999999	939	1	0	1	939	792	1730	0.0	1729.0
EL279_RS15510	38	99.904	1038	1	0	1	1038	1756	2793	0.0	1912.0
EL279_RS15775	27	98.37	552	9	0	1	552	12088	11537	0.0	970.0
EL279_RS15780	27	95.833	432	18	0	1	432	11532	11101	0.0	699.0
EL279_RS15785	27	97.766	1656	37	0	1	1656	11108	9453	0.0	2854.0
EL279_RS15800	27	99.691	972	3	0	1	972	7561	6590	0.0	1779.0
EL279_RS15805	27	100.0	369	0	0	1	369	6561	6193	0.0	682.0
EL279_RS15815	38	96.25	240	9	0	1	240	425	664	1.1999999999999997e-110	394.0
EL240_RS14685	30	99.09899999999999	111	1	0	1	111	2809	2699	1.1699999999999999e-52	200.0
EL240_RS14730	18	96.07799999999999	306	12	0	1	306	39105	38800	3.1999999999999995e-142	499.0
EL240_RS14750	18	97.199	357	7	1	1	357	30902	30549	9.999999999999998e-173	601.0
EL240_RS14760	18	100.0	261	0	0	1	261	30028	29768	2.719999999999999e-137	483.0
EL240_RS14765	18	97.611	879	9	1	1	879	29757	28891	0.0	1496.0
EL240_RS14770	18	97.319	858	5	1	1	840	28868	28011	0.0	1441.0
EL240_RS14775	18	99.84299999999999	1272	2	0	1	1272	27985	26714	0.0	2338.0
EL240_RS14780	18	99.029	618	6	0	1	618	26711	26094	0.0	1109.0
EL240_RS14785	18	100.0	417	0	0	1	417	26110	25694	0.0	771.0
EL240_RS14795	18	100.0	300	0	0	1	300	25679	25380	6.579999999999998e-159	555.0
EL240_RS14800	18	98.647	1035	14	0	1	1035	25387	24353	0.0	1834.0
EL240_RS14805	18	99.63799999999999	276	1	0	1	276	24363	24088	6.149999999999999e-144	505.0
EL240_RS14810	18	100.0	390	0	0	1	390	24088	23699	0.0	721.0
EL240_RS14815	18	100.0	483	0	0	1	483	23667	23185	0.0	893.0
EL240_RS14820	18	100.0	459	0	0	1	459	23095	22637	0.0	848.0
EL240_RS14825	18	99.15799999999999	2493	21	0	1	2493	22532	20040	0.0	4488.0
EL240_RS14835	18	97.529	2347	56	2	1	2346	19667	17322	0.0	4012.0
EL240_RS14840	18	98.09100000000001	2252	40	3	1	2249	17335	15084	0.0	3917.0
EL240_RS14855	18	96.115	489	19	0	1	489	13764	13276	0.0	798.0
EL240_RS15260	28	97.661	342	8	0	1	342	1889	2230	7.469999999999997e-169	588.0
EL240_RS15265	28	97.835	231	5	0	1	231	1659	1889	2.4699999999999996e-112	399.0
EL240_RS15485	28	97.835	231	5	0	1	231	1659	1889	2.4699999999999996e-112	399.0
EL240_RS15490	28	99.12299999999999	342	3	0	1	342	1889	2230	3.4299999999999988e-177	616.0
EL240_RS15495	28	99.361	939	6	0	1	939	2342	3280	0.0	1701.0
EL240_RS15510	38	99.89399999999999	939	1	0	1	939	792	1730	0.0	1729.0
EL240_RS15515	38	99.904	1038	1	0	1	1038	1756	2793	0.0	1912.0
EL240_RS15780	27	98.37	552	9	0	1	552	12088	11537	0.0	970.0
EL240_RS15785	27	95.833	432	18	0	1	432	11532	11101	0.0	699.0
EL240_RS15790	27	97.766	1656	37	0	1	1656	11108	9453	0.0	2854.0
EL240_RS15805	27	99.691	972	3	0	1	972	7561	6590	0.0	1779.0
EL240_RS15810	27	100.0	369	0	0	1	369	6561	6193	0.0	682.0
EL240_RS15820	38	96.25	240	9	0	1	240	425	664	1.1999999999999997e-110	394.0
FOV01_RS13340	20	98.667	375	5	0	1	375	4655	5029	0.0	665.0
FOV01_RS13365	18	95.75200000000001	306	13	0	1	306	39105	38800	1.4899999999999995e-140	494.0
FOV01_RS13380	20	96.09100000000001	307	12	0	1	307	984	1290	9.07e-143	501.0
FOV01_RS13400	18	99.48700000000001	390	2	0	1	390	24088	23699	0.0	710.0
FOV01_RS13405	18	98.913	276	3	0	1	276	24363	24088	1.3299999999999997e-140	494.0
FOV01_RS13410	18	99.61399999999999	1035	4	0	1	1035	25387	24353	0.0	1890.0
FOV01_RS13415	18	99.365	315	2	0	1	315	25694	25380	6.889999999999998e-164	571.0
FOV01_RS13420	18	97.954	391	8	0	1	391	26110	25720	0.0	678.0
FOV01_RS13425	18	98.867	618	7	0	1	618	26711	26094	0.0	1103.0
FOV01_RS13430	18	97.87200000000001	141	3	0	6	146	26854	26714	7.309999999999999e-66	244.0
FOV01_RS13435	18	99.125	1143	9	1	1	1142	27985	26843	0.0	2054.0
FOV01_RS13440	18	98.135	858	7	1	1	849	28868	28011	0.0	1487.0
FOV01_RS13445	18	96.928	879	15	1	1	879	29757	28891	0.0	1463.0
FOV01_RS13450	18	98.851	261	3	0	1	261	30028	29768	2.74e-132	466.0
FOV01_RS13460	18	96.359	357	10	1	1	357	30902	30549	1.0099999999999995e-167	584.0
FOV01_RS13550	18	97.955	489	10	0	1	489	13764	13276	0.0	848.0
FOV01_RS13565	18	96.314	2252	80	3	1	2249	17335	15084	0.0	3696.0
FOV01_RS13570	18	97.65700000000001	2347	53	2	1	2346	19667	17322	0.0	4028.0
FOV01_RS13580	18	98.355	2493	41	0	1	2493	22532	20040	0.0	4377.0
FOV01_RS13630	24	99.60799999999999	255	1	0	1	255	11057	11311	2.669999999999999e-132	466.0
FOV01_RS13645	24	99.45100000000001	546	3	0	28	573	11638	12183	0.0	992.0
FOV01_RS13990	20	98.485	66	1	0	1	66	121	186	6.2e-28	117.0
FOV01_RS13765	30	99.09899999999999	111	1	0	1	111	2809	2699	1.1699999999999999e-52	200.0
FOV01_RS13775	30	96.581	351	12	0	1	351	3410	3060	3.569999999999999e-167	582.0
FOV01_RS13780	30	98.495	1329	20	0	1	1329	4735	3407	0.0	2344.0
HTG14_RS00175	24	99.45100000000001	546	3	0	28	573	11638	12183	0.0	992.0
HTG14_RS00190	24	99.60799999999999	255	1	0	1	255	11057	11311	2.669999999999999e-132	466.0
HTG24_RS00005	20	96.262	321	9	1	1	321	573	890	1.9999999999999995e-149	523.0
HTG24_RS00010	20	98.485	66	1	0	1	66	121	186	6.2e-28	117.0
HTG24_RS00050	30	99.09899999999999	111	1	0	1	111	2809	2699	1.1699999999999999e-52	200.0
HTG24_RS00055	30	96.581	351	12	0	1	351	3410	3060	3.569999999999999e-167	582.0
HTG24_RS00060	30	98.42	1329	21	0	1	1329	4735	3407	0.0	2338.0
HTG24_RS00320	20	99.225	258	2	0	1	258	1573	1316	2.709999999999999e-132	466.0
HTG24_RS00325	20	96.417	307	11	0	1	307	984	1290	1.9499999999999995e-144	507.0
HTG28_RS00175	24	99.45100000000001	546	3	0	28	573	11638	12183	0.0	992.0
HTG28_RS00190	24	99.60799999999999	255	1	0	1	255	11057	11311	2.669999999999999e-132	466.0
HTG27_RS00175	24	99.45100000000001	546	3	0	28	573	11638	12183	0.0	992.0
HTG27_RS00190	24	99.60799999999999	255	1	0	1	255	11057	11311	2.669999999999999e-132	466.0
HTG21_RS00170	24	99.45100000000001	546	3	0	28	573	11638	12183	0.0	992.0
HTG21_RS00185	24	99.60799999999999	255	1	0	1	255	11057	11311	2.669999999999999e-132	466.0
HTG44_RS00175	24	99.45100000000001	546	3	0	28	573	11638	12183	0.0	992.0
HTG44_RS00190	24	99.60799999999999	255	1	0	1	255	11057	11311	2.669999999999999e-132	466.0
HTK17_RS00215	28	95.491	621	28	0	1	621	1455	835	0.0	992.0
HTK17_RS00220	28	97.835	231	5	0	1	231	1659	1889	2.4699999999999996e-112	399.0
HTK17_RS00225	28	97.95299999999999	342	7	0	1	342	1889	2230	1.5999999999999996e-170	593.0
HTK17_RS00295	24	96.256	454	16	1	1	453	4460	4007	0.0	743.0
HTK17_RS00300	24	100.0	168	0	0	1	168	3814	3981	8.349999999999999e-86	311.0
HTK17_RS00305	24	97.14299999999999	350	10	0	1	350	3120	3469	5.9299999999999985e-170	592.0
HTK17_RS00310	24	98.992	1686	17	0	1	1686	1402	3087	0.0	3020.0
HTK17_RS00315	24	100.0	357	0	0	1	357	1045	1401	0.0	660.0
HTK17_RS00320	24	100.0	273	0	0	1	273	527	799	6.069999999999998e-144	505.0
HTK17_RS00470	30	99.398	831	5	0	16	846	140	970	0.0	1507.0
HTK17_RS00475	30	99.194	372	3	0	1	372	963	1334	0.0	671.0
HTQ42_RS00060	24	99.26700000000001	273	2	0	1	273	527	799	1.3099999999999998e-140	494.0
HTQ42_RS00065	24	96.919	357	11	0	1	357	1045	1401	3.6099999999999985e-172	599.0
HTQ42_RS00080	24	100.0	168	0	0	1	168	3814	3981	8.349999999999999e-86	311.0
HTQ42_RS00085	24	97.991	1344	27	0	1	1344	5350	4007	0.0	2333.0
HTQ42_RS00090	24	95.12799999999999	780	32	3	1	780	6123	5350	0.0	1225.0
HTQ42_RS00095	24	99.26899999999999	547	4	0	1	547	6818	6272	0.0	989.0
HTQ42_RS00100	24	98.43799999999999	192	3	0	1	192	7033	6842	4.449999999999999e-94	339.0
HTQ42_RS00105	24	98.387	186	3	0	1	186	7203	7018	9.289999999999999e-91	327.0
HTQ42_RS00115	24	99.005	201	2	0	1	201	7499	7699	9.99e-101	361.0
HTQ42_RS00120	24	99.56700000000001	231	1	0	1	231	8031	7801	5.269999999999998e-119	422.0
HTQ42_RS00145	18	99.34	303	2	0	7	309	1845	1543	3.1599999999999996e-157	549.0
HTQ42_RS00150	18	97.333	375	10	0	1	375	1163	789	0.0	638.0
HTQ42_RS00155	18	98.645	369	5	0	1	369	401	769	0.0	654.0
HTQ42_RS00220	18	96.667	270	9	0	1	270	39105	38836	2.8499999999999994e-127	449.0
HTQ42_RS00240	18	95.745	141	6	0	1	141	31104	30964	7.070000000000001e-61	228.0
HTQ42_RS00245	18	96.359	357	10	1	1	357	30902	30549	1.0099999999999995e-167	584.0
HTW12_RS00385	18	96.115	489	19	0	1	489	13764	13276	0.0	798.0
HTW12_RS00395	18	98.09100000000001	2252	40	3	1	2249	17335	15084	0.0	3917.0
HTW12_RS00400	18	97.529	2347	56	2	1	2346	19667	17322	0.0	4012.0
HTW12_RS00410	18	99.15799999999999	2493	21	0	1	2493	22532	20040	0.0	4488.0
HTW12_RS00415	18	100.0	459	0	0	1	459	23095	22637	0.0	848.0
HTW12_RS00420	18	100.0	483	0	0	1	483	23667	23185	0.0	893.0
HTW12_RS00425	18	100.0	390	0	0	1	390	24088	23699	0.0	721.0
HTW12_RS00430	18	99.63799999999999	276	1	0	1	276	24363	24088	6.149999999999999e-144	505.0
HTW12_RS00435	18	98.647	1035	14	0	1	1035	25387	24353	0.0	1834.0
HTW12_RS00440	18	100.0	315	0	0	1	315	25694	25380	3.1799999999999993e-167	582.0
HTW12_RS00445	18	100.0	417	0	0	1	417	26110	25694	0.0	771.0
HTW12_RS00450	18	99.029	618	6	0	1	618	26711	26094	0.0	1109.0
HTW12_RS00455	18	99.84299999999999	1272	2	0	1	1272	27985	26714	0.0	2338.0
HTW12_RS00460	18	97.436	858	4	1	1	840	28868	28011	0.0	1447.0
HTW12_RS00465	18	97.611	879	9	1	1	879	29757	28891	0.0	1496.0
HTW12_RS00470	18	100.0	261	0	0	1	261	30028	29768	2.719999999999999e-137	483.0
HTW12_RS00480	18	97.199	357	7	1	1	357	30902	30549	9.999999999999998e-173	601.0
HTW12_RS00500	18	96.07799999999999	306	12	0	1	306	39105	38800	3.1999999999999995e-142	499.0
HTW12_RS00545	30	99.09899999999999	111	1	0	1	111	2809	2699	1.1699999999999999e-52	200.0
HTW12_RS00580	28	97.835	231	5	0	1	231	1659	1889	2.4699999999999996e-112	399.0
HTW12_RS00585	28	97.95299999999999	342	7	0	1	342	1889	2230	1.5999999999999996e-170	593.0
HTW12_RS00595	28	97.015	603	18	0	1	603	3527	4129	0.0	1014.0
HTX46_RS00005	28	95.484	620	28	0	1	620	1455	836	0.0	990.0
HTX46_RS00035	30	99.09899999999999	111	1	0	1	111	2809	2699	1.1699999999999999e-52	200.0
HTX46_RS00080	18	96.07799999999999	306	12	0	1	306	39105	38800	3.1999999999999995e-142	499.0
HTX46_RS00100	18	97.199	357	7	1	1	357	30902	30549	9.999999999999998e-173	601.0
HTX46_RS00110	18	100.0	261	0	0	1	261	30028	29768	2.719999999999999e-137	483.0
HTX46_RS00115	18	97.611	879	9	1	1	879	29757	28891	0.0	1496.0
HTX46_RS00120	18	97.436	858	4	1	1	840	28868	28011	0.0	1447.0
HTX46_RS00125	18	99.84299999999999	1272	2	0	1	1272	27985	26714	0.0	2338.0
HTX46_RS00130	18	99.029	618	6	0	1	618	26711	26094	0.0	1109.0
HTX46_RS00135	18	100.0	417	0	0	1	417	26110	25694	0.0	771.0
HTX46_RS00140	18	100.0	315	0	0	1	315	25694	25380	3.1799999999999993e-167	582.0
HTX46_RS00145	18	98.647	1035	14	0	1	1035	25387	24353	0.0	1834.0
HTX46_RS00150	18	99.275	276	2	0	1	276	24363	24088	2.859999999999999e-142	499.0
HTX46_RS00155	18	100.0	390	0	0	1	390	24088	23699	0.0	721.0
HTX46_RS00160	18	100.0	483	0	0	1	483	23667	23185	0.0	893.0
HTX46_RS00165	18	99.78200000000001	459	1	0	1	459	23095	22637	0.0	843.0
HTX46_RS00170	18	99.559	2493	11	0	1	2493	22532	20040	0.0	4543.0
HTX46_RS00175	18	97.28399999999999	405	11	0	1	405	20083	19679	0.0	688.0
HTX46_RS00180	18	98.806	2346	28	0	1	2346	19667	17322	0.0	4178.0
HTX46_RS00185	18	98.09100000000001	2252	40	3	1	2249	17335	15084	0.0	3917.0
HTX46_RS00195	18	96.115	489	19	0	1	489	13764	13276	0.0	798.0
A6B47_RS14290	18	98.319	357	6	0	1	357	40043	39687	1.6599999999999995e-180	627.0
A6B47_RS14630	1	96.228	1034	27	1	2	1023	349958	348925	0.0	1683.0
A6B47_RS14655	1	95.333	150	7	0	1	150	97238	97089	3.509999999999999e-64	239.0
A6B47_RS14895	28	96.84899999999999	603	19	0	1	603	3527	4129	0.0	1009.0
A6B47_RS14900	28	99.681	939	3	0	1	939	2342	3280	0.0	1718.0
A6B47_RS14905	28	99.12299999999999	342	3	0	1	342	1889	2230	3.4299999999999988e-177	616.0
A6B47_RS14910	28	97.835	231	5	0	1	231	1659	1889	2.4699999999999996e-112	399.0
A6B47_RS14990	18	98.59899999999999	357	5	0	1	357	40043	39687	0.0	632.0
A6B47_RS15010	18	97.74	354	8	0	1	354	30902	30549	1.6499999999999997e-175	610.0
A6B47_RS15020	18	100.0	261	0	0	1	261	30028	29768	2.719999999999999e-137	483.0
A6B47_RS15025	18	97.383	879	11	1	1	879	29757	28891	0.0	1485.0
A6B47_RS15030	18	99.65	858	3	0	1	858	28868	28011	0.0	1568.0
A6B47_RS15035	18	99.214	1272	10	0	1	1272	27985	26714	0.0	2294.0
A6B47_RS15040	18	99.191	618	5	0	1	618	26711	26094	0.0	1114.0
A6B47_RS15045	18	98.08200000000001	417	8	0	1	417	26110	25694	0.0	726.0
A6B47_RS15050	18	100.0	315	0	0	1	315	25694	25380	3.1799999999999993e-167	582.0
A6B47_RS15055	18	98.551	1035	15	0	1	1035	25387	24353	0.0	1829.0
A6B47_RS15060	18	99.63799999999999	276	1	0	1	276	24363	24088	6.149999999999999e-144	505.0
A6B47_RS15065	18	100.0	390	0	0	1	390	24088	23699	0.0	721.0
A6B47_RS15070	18	100.0	483	0	0	1	483	23667	23185	0.0	893.0
A6B47_RS15075	18	100.0	459	0	0	1	459	23095	22637	0.0	848.0
A6B47_RS15080	18	99.238	2493	19	0	1	2493	22532	20040	0.0	4499.0
A6B47_RS15085	18	97.037	405	12	0	1	405	20083	19679	0.0	682.0
A6B47_RS15090	18	98.167	2346	43	0	1	2346	19667	17322	0.0	4095.0
A6B47_RS15095	18	99.115	2259	20	0	1	2259	17335	15077	0.0	4061.0
A6B47_RS15105	18	99.74600000000001	786	2	0	1	786	14555	13770	0.0	1441.0
A6B47_RS15110	18	98.773	489	6	0	1	489	13764	13276	0.0	870.0
A6B47_RS15115	18	98.876	267	3	0	1	267	12684	12418	1.2899999999999997e-135	477.0
A6B47_RS15120	18	98.182	495	9	0	1	495	12385	11891	0.0	865.0
A6B47_RS15125	18	99.76	417	1	0	1	417	11793	11377	0.0	765.0
A6B47_RS15140	18	98.87200000000001	266	3	0	2	267	10657	10392	4.649999999999999e-135	475.0
A6B47_RS15145	18	98.18799999999999	276	5	0	1	276	10399	10124	2.8799999999999997e-137	483.0
A6B47_RS15155	18	96.774	186	6	0	1	186	9321	9136	9.359999999999998e-86	311.0
A6B47_RS15160	18	95.31200000000001	192	9	0	1	192	9151	8960	4.509999999999999e-84	305.0
A6B47_RS15170	18	98.413	1260	20	0	1	1260	7950	6691	0.0	2217.0
A6B47_RS15190	18	97.05	339	10	0	1	339	4606	4268	7.449999999999997e-164	571.0
A6B47_RS15250	30	97.77799999999999	225	5	0	1	225	5969	5745	5.189999999999999e-109	388.0
A6B47_RS15255	30	95.714	210	9	0	1	210	5684	5475	4.91e-94	339.0
A6B47_RS15260	30	96.7	303	9	1	1	303	5463	5162	2.439999999999999e-143	503.0
A6B47_RS15265	30	98.273	1332	20	2	1	1332	4735	3407	0.0	2329.0
A6B47_RS15270	30	96.866	351	11	0	1	351	3410	3060	7.679999999999998e-169	588.0
A6B47_RS15280	30	99.09899999999999	111	1	0	1	111	2809	2699	1.1699999999999999e-52	200.0
DTO64_RS16150	36	100.0	87	0	0	1	87	4498	4412	4.0899999999999993e-41	161.0
DTO64_RS16160	36	99.50200000000001	201	1	0	1	201	3692	3892	2.15e-102	366.0
DTO64_RS16165	36	99.943	1761	1	0	1	1761	1843	3603	0.0	3247.0
DTO64_RS16175	36	99.663	297	1	0	1	297	850	1146	1.4099999999999996e-155	544.0
DTO64_RS16180	36	100.0	723	0	0	1	723	1	723	0.0	1336.0
DTO64_RS16190	18	99.48299999999999	580	3	0	30	609	26673	26094	0.0	1055.0
DTO64_RS16195	18	99.52	417	2	0	1	417	26110	25694	0.0	760.0
DTO64_RS16200	18	99.365	315	2	0	1	315	25694	25380	6.889999999999998e-164	571.0
DTO64_RS16205	18	99.90299999999999	1035	1	0	1	1035	25387	24353	0.0	1906.0
DTO64_RS16210	18	99.63799999999999	276	1	0	1	276	24363	24088	6.149999999999999e-144	505.0
DTO64_RS16215	18	100.0	390	0	0	1	390	24088	23699	0.0	721.0
DTO64_RS16220	18	100.0	483	0	0	1	483	23667	23185	0.0	893.0
DTO64_RS16225	18	99.78200000000001	459	1	0	1	459	23095	22637	0.0	843.0
DTO64_RS16230	18	99.238	2493	19	0	1	2493	22532	20040	0.0	4499.0
DTO64_RS16240	18	96.57	1866	61	3	20	1884	19647	17784	0.0	3088.0
DTO64_RS16250	18	96.95	2328	67	4	20	2345	19647	17322	0.0	3903.0
DTO64_RS16255	18	99.602	2259	9	0	1	2259	17335	15077	0.0	4122.0
DTO64_RS16260	18	100.0	786	0	0	1	786	14555	13770	0.0	1452.0
DTO64_RS16265	18	100.0	489	0	0	1	489	13764	13276	0.0	904.0
DTO64_RS16275	18	100.0	267	0	0	1	267	12684	12418	1.2799999999999996e-140	494.0
DTO64_RS16280	18	100.0	495	0	0	1	495	12385	11891	0.0	915.0
DTO64_RS16285	18	100.0	417	0	0	1	417	11793	11377	0.0	771.0
DTO64_RS16290	18	100.0	585	0	0	1	585	11353	10769	0.0	1081.0
DTO64_RS16295	18	99.625	267	1	0	1	267	10658	10392	5.97e-139	488.0
DTO64_RS16300	18	100.0	276	0	0	1	276	10399	10124	1.3199999999999996e-145	510.0
DTO64_RS16310	18	100.0	186	0	0	1	186	9321	9136	9.229999999999998e-96	344.0
DTO64_RS16315	18	100.0	147	0	0	1	147	9106	8960	3.3799999999999993e-74	272.0
DTO64_RS16320	18	100.0	780	0	0	1	780	8729	7950	0.0	1441.0
DTO64_RS16325	18	100.0	1260	0	0	1	1260	7950	6691	0.0	2327.0
DTO64_RS16335	18	100.0	729	0	0	1	729	6041	5313	0.0	1347.0
DTO64_RS16340	18	100.0	411	0	0	1	411	5102	4692	0.0	760.0
DTO64_RS16345	18	100.0	339	0	0	1	339	4606	4268	1.5699999999999996e-180	627.0
DTO64_RS17015	18	100.0	174	0	0	1	174	4219	4046	4.0099999999999995e-89	322.0
DTO64_RS16350	18	100.0	660	0	0	1	660	4053	3394	0.0	1219.0
DTO64_RS16845	18	100.0	198	0	0	1	198	3304	3107	2.11e-102	366.0
DTO64_RS16360	18	100.0	1461	0	0	1	1461	3003	1543	0.0	2699.0
DTO64_RS16365	18	97.867	375	8	0	1	375	1163	789	0.0	649.0
DTO64_RS16505	28	96.94	621	19	0	1	621	1455	835	0.0	1042.0
DTO64_RS16510	30	98.227	282	5	0	7	288	6244	5963	1.3899999999999995e-140	494.0
DTO64_RS16515	30	97.77799999999999	225	5	0	1	225	5969	5745	5.189999999999999e-109	388.0
DTO64_RS16520	30	96.19	210	8	0	1	210	5684	5475	1.0599999999999997e-95	344.0
DTO64_RS16525	30	99.01	303	2	1	1	303	5463	5162	5.179999999999998e-155	542.0
DTO64_RS16530	30	99.275	414	3	0	1	414	4735	4322	0.0	749.0
DTO64_RS16545	30	98.152	920	17	0	2	921	4326	3407	0.0	1605.0
DTO64_RS16550	30	97.721	351	8	0	1	351	3410	3060	7.619999999999997e-174	604.0
DTO64_RS16560	30	99.09899999999999	111	1	0	1	111	2809	2699	1.1699999999999999e-52	200.0
DTO64_RS16565	30	99.78399999999999	462	1	0	1	462	2360	1899	0.0	848.0
DTO64_RS17025	30	99.656	291	1	0	1	291	1728	1438	2.9799999999999993e-152	532.0
DTO64_RS16575	30	100.0	372	0	0	1	372	963	1334	0.0	688.0
DTO64_RS16580	30	100.0	831	0	0	16	846	140	970	0.0	1535.0
DTO64_RS16620	18	99.68799999999999	320	1	0	1	320	40043	39724	2.6399999999999993e-168	586.0
DTO64_RS16635	18	99.67299999999999	306	1	0	1	306	39105	38800	1.4499999999999996e-160	560.0
DTO64_RS16640	18	98.962	578	6	0	1	578	38789	38212	0.0	1035.0
DTO64_RS16650	18	98.102	1581	30	0	1	1581	37697	36117	0.0	2754.0
DTO64_RS16675	18	98.305	354	6	0	1	354	30902	30549	7.64e-179	621.0
DTO64_RS16685	18	99.617	261	1	0	1	261	30028	29768	1.2699999999999995e-135	477.0
DTO64_RS16690	18	97.156	879	13	1	1	879	29757	28891	0.0	1474.0
DTO64_RS16695	18	98.95100000000001	858	9	0	1	858	28868	28011	0.0	1535.0
DTO64_RS16700	18	99.135	1272	11	0	1	1272	27985	26714	0.0	2289.0
DTO64_RS16705	18	99.676	618	2	0	1	618	26711	26094	0.0	1131.0
DTO64_RS16710	18	99.52	417	2	0	1	417	26110	25694	0.0	760.0
DTO64_RS16715	18	99.365	315	2	0	1	315	25694	25380	6.889999999999998e-164	571.0
DTO64_RS16720	18	99.90299999999999	1035	1	0	1	1035	25387	24353	0.0	1906.0
DTO64_RS16725	18	99.63799999999999	276	1	0	1	276	24363	24088	6.149999999999999e-144	505.0
DTO64_RS16730	18	100.0	390	0	0	1	390	24088	23699	0.0	721.0
DTO64_RS16735	18	99.564	459	2	0	1	459	23095	22637	0.0	837.0
DTO64_RS16740	18	99.118	2493	22	0	1	2493	22532	20040	0.0	4482.0
DTO64_RS16750	18	97.40100000000001	2347	58	3	1	2345	19667	17322	0.0	3993.0
GKQ57_RS13970	18	98.59899999999999	357	5	0	1	357	40043	39687	0.0	632.0
GKQ57_RS14000	18	96.06700000000001	356	11	1	1	356	30902	30550	1.6899999999999993e-165	577.0
GKQ57_RS14120	24	98.579	774	11	0	1	774	6123	5350	0.0	1369.0
GKQ57_RS14125	24	98.73200000000001	552	7	0	1	552	6818	6267	0.0	981.0
GKQ57_RS14130	24	98.43799999999999	192	3	0	1	192	7033	6842	4.449999999999999e-94	339.0
GKQ57_RS14135	24	99.462	186	1	0	1	186	7203	7018	4.289999999999999e-94	339.0
GKQ57_RS14140	24	99.56700000000001	231	1	0	1	231	8031	7801	5.269999999999998e-119	422.0
GKQ57_RS14295	28	96.94	621	19	0	1	621	1455	835	0.0	1042.0
GKQ57_RS14300	30	98.227	282	5	0	7	288	6244	5963	1.3899999999999995e-140	494.0
GKQ57_RS14305	30	97.77799999999999	225	5	0	1	225	5969	5745	5.189999999999999e-109	388.0
GKQ57_RS14310	30	96.19	210	8	0	1	210	5684	5475	1.0599999999999997e-95	344.0
GKQ57_RS14315	30	99.01	303	2	1	1	303	5463	5162	5.179999999999998e-155	542.0
GKQ57_RS14320	30	99.24799999999999	1329	10	0	1	1329	4735	3407	0.0	2399.0
GKQ57_RS14325	30	96.866	351	11	0	1	351	3410	3060	7.679999999999998e-169	588.0
GKQ57_RS14330	30	99.09899999999999	111	1	0	1	111	2809	2699	1.1699999999999999e-52	200.0
GKQ57_RS14360	18	96.59899999999999	2352	74	3	1	2352	19667	17322	0.0	3895.0
GKQ57_RS14365	18	98.712	2252	26	3	1	2249	17335	15084	0.0	3995.0
GKQ57_RS14375	18	98.569	489	7	0	1	489	13764	13276	0.0	865.0
GKQ57_RS14380	18	99.625	267	1	0	1	267	12684	12418	5.97e-139	488.0
GKQ57_RS14385	18	97.963	491	10	0	1	491	12385	11895	0.0	852.0
GKQ57_RS14395	18	97.84200000000001	417	9	0	1	417	11793	11377	0.0	721.0
GKQ57_RS14400	18	96.41	585	21	0	1	585	11353	10769	0.0	965.0
GKQ57_RS14405	18	99.625	267	1	0	1	267	10658	10392	5.97e-139	488.0
GKQ57_RS14410	18	97.82600000000001	276	6	0	1	276	10399	10124	1.3399999999999997e-135	477.0
GKQ57_RS14415	18	97.31200000000001	186	5	0	1	186	9321	9136	2.01e-87	316.0
GKQ57_RS14420	18	96.875	192	6	0	1	192	9151	8960	4.4799999999999984e-89	322.0
GKQ57_RS14425	18	98.205	780	14	0	1	780	8729	7950	0.0	1363.0
GKQ57_RS14430	18	98.571	1260	18	0	1	1260	7950	6691	0.0	2228.0
GKQ57_RS14435	18	97.119	729	21	0	1	729	6041	5313	0.0	1230.0
GKQ57_RS14440	18	96.594	411	14	0	1	411	5102	4692	0.0	682.0
GKQ57_RS14445	18	97.935	339	7	0	1	339	4606	4268	7.399999999999997e-169	588.0
GKQ57_RS14510	28	99.8	1002	2	0	1	1002	10613	9612	0.0	1840.0
GKQ57_RS14515	28	100.0	267	0	0	1	267	11038	10772	1.2799999999999996e-140	494.0
GKQ57_RS14520	28	99.72	357	1	0	1	357	11384	11028	0.0	654.0
GKQ57_RS14580	38	99.787	939	2	0	1	939	792	1730	0.0	1724.0
GKQ57_RS14585	38	99.904	1038	1	0	1	1038	1756	2793	0.0	1912.0
GKQ57_RS14595	30	100.0	107	0	0	2	108	6373	6267	4.0799999999999996e-52	198.0
GKQ57_RS14600	30	99.365	315	2	0	1	315	6277	5963	6.889999999999998e-164	571.0
GKQ57_RS14605	30	98.22200000000001	225	4	0	1	225	5969	5745	1.1199999999999998e-110	394.0
GKQ57_RS14610	30	95.238	210	10	0	1	210	5684	5475	2.2899999999999998e-92	333.0
GKQ57_RS14615	30	96.37	303	10	1	1	303	5463	5162	1.1399999999999998e-141	497.0
GKQ57_RS14620	30	98.947	1329	14	0	1	1329	4735	3407	0.0	2377.0
GKQ57_RS14625	30	96.866	351	11	0	1	351	3410	3060	7.679999999999998e-169	588.0
GKQ57_RS14630	30	99.09899999999999	111	1	0	1	111	2809	2699	1.1699999999999999e-52	200.0
GKQ57_RS14640	30	99.73100000000001	372	1	0	1	372	963	1334	0.0	682.0
GKQ57_RS14645	30	99.88	831	1	0	16	846	140	970	0.0	1530.0
SAW_RS16670	24	99.251	267	2	0	1	267	527	793	2.8099999999999997e-137	483.0
SAW_RS16675	24	96.919	357	11	0	1	357	1045	1401	3.6099999999999985e-172	599.0
SAW_RS16685	24	96.85700000000001	350	11	0	1	350	3120	3469	2.759999999999999e-168	586.0
SAW_RS16695	24	97.1	1345	37	2	1	1344	5350	4007	0.0	2266.0
SAW_RS16700	24	97.545	774	19	0	1	774	6123	5350	0.0	1325.0
SAW_RS16705	24	98.816	591	7	0	1	591	6818	6228	0.0	1053.0
SAW_RS16710	24	97.396	192	5	0	1	192	7033	6842	9.629999999999997e-91	327.0
SAW_RS16715	24	99.462	186	1	0	1	186	7203	7018	4.289999999999999e-94	339.0
SAW_RS16735	24	99.134	231	2	0	1	231	8031	7801	2.4499999999999995e-117	416.0
SAW_RS16770	18	96.515	660	23	0	1	660	4053	3394	0.0	1092.0
SAW_RS16850	28	96.94	621	19	0	1	621	1455	835	0.0	1042.0
SAW_RS16855	30	98.227	282	5	0	7	288	6244	5963	1.3899999999999995e-140	494.0
SAW_RS16860	30	97.77799999999999	225	5	0	1	225	5969	5745	5.189999999999999e-109	388.0
SAW_RS16865	30	96.19	210	8	0	1	210	5684	5475	1.0599999999999997e-95	344.0
SAW_RS16870	30	96.7	303	9	1	1	303	5463	5162	2.439999999999999e-143	503.0
SAW_RS16875	30	98.26899999999999	1329	23	0	1	1329	4735	3407	0.0	2327.0
SAW_RS16880	30	97.721	351	8	0	1	351	3410	3060	7.619999999999997e-174	604.0
SAW_RS16890	30	99.09899999999999	111	1	0	1	111	2809	2699	1.1699999999999999e-52	200.0
SAW_RS16900	30	99.78399999999999	462	1	0	1	462	2360	1899	0.0	848.0
SAW_RS17455	30	99.656	291	1	0	1	291	1728	1438	2.9799999999999993e-152	532.0
SAW_RS16910	30	100.0	372	0	0	1	372	963	1334	0.0	688.0
SAW_RS16915	30	100.0	831	0	0	16	846	140	970	0.0	1535.0
SAW_RS16955	18	99.72	357	1	0	1	357	40043	39687	0.0	654.0
SAW_RS16960	18	99.67299999999999	306	1	0	1	306	39105	38800	1.4499999999999996e-160	560.0
SAW_RS16965	18	98.09200000000001	2673	51	0	1	2673	38789	36117	0.0	4654.0
SAW_RS16990	18	95.79799999999999	357	12	1	1	357	30902	30549	2.1899999999999988e-164	573.0
SAW_RS17030	27	100.0	369	0	0	1	369	6561	6193	0.0	682.0
SAW_RS17035	27	99.486	972	5	0	1	972	7561	6590	0.0	1768.0
SAW_RS17040	27	98.178	933	17	0	1	933	8510	7578	0.0	1629.0
SAW_RS17045	27	98.16	924	17	0	1	924	9435	8512	0.0	1613.0
SAW_RS17050	27	98.37	1350	22	0	57	1406	10802	9453	0.0	2372.0
SAW_RS17245	28	97.835	231	5	0	1	231	1659	1889	2.4699999999999996e-112	399.0
SAW_RS17250	28	97.95299999999999	342	7	0	1	342	1889	2230	1.5999999999999996e-170	593.0
