HKJ58_RS00005	56	100.000	73	0	0	108	180	405	333	5.64e-33	135
HKJ58_RS00025	56	100.000	125	0	0	185	309	404	528	1.26e-61	231
HKJ58_RS00030	56	100.000	438	0	0	1	438	1078	1515	0.0	809
HKJ58_RS00035	56	100.000	1041	0	0	1	1041	1497	2537	0.0	1923
HKJ58_RS00040	56	100.000	324	0	0	1	324	2614	2937	3.15e-172	599
HKJ58_RS00045	56	99.588	971	0	2	1	967	3492	4462	0.0	1768
pAMalpha1_p4	46	98.667	225	3	0	1	225	9930	9706	2.32e-112	399
pAMalpha1_p4	46	94.667	225	12	0	1	225	5085	4861	2.37e-97	350
pAMalpha1_p5	46	95.286	297	14	0	1	297	418	122	6.53e-134	472
pAMalpha1_p5	46	94.613	297	16	0	1	297	5504	5208	1.41e-130	460
pAMalpha1_p6	46	78.571	728	126	24	14	723	1261	546	6.00e-128	453
pAMalpha1_p6	46	76.081	740	140	28	10	723	6360	5632	2.25e-97	351
pAMalpha1_p7	46	100.000	312	0	0	1	312	2462	2151	1.42e-165	577
pAMalpha1_p8	46	100.000	201	0	0	1	201	2685	2485	4.47e-104	372
pAMalpha1_p9	46	96.548	1680	58	0	1	1680	9278	7599	0.0	2782
pAMalpha1_p9	46	96.429	1680	60	0	1	1680	4453	2774	0.0	2771
pMG2200_48	42	77.040	1311	272	26	17	1314	9583	8289	0.0	726
pMG2200_49	45	83.574	554	89	2	1	553	5524	4972	2.25e-147	518
pMG2200_51	45	92.857	168	12	0	7	174	5922	5755	8.64e-66	244
pMG2200_58	45	84.740	557	70	8	19	572	8130	7586	2.82e-155	544
pMG2200_75	42	78.404	213	46	0	1	213	3050	2838	1.10e-33	139
pMG2200_91	42	91.925	161	13	0	143	303	779	619	5.73e-60	226
pMG2200_92	53	98.529	612	9	0	612	1223	5442	6053	0.0	1081
pMG2200_92	42	98.947	190	2	0	1	190	190	1	9.09e-94	340
pMG2200_103	49	98.599	357	5	0	1	357	7788	7432	0.0	632
pMG2200_107	49	83.680	337	50	5	1	336	6720	6388	4.78e-86	313
pMG2200_108	49	93.780	418	24	2	1	417	6081	5665	1.86e-179	627
pCF10_01	53	100.000	613	0	0	612	1224	5442	6054	0.0	1133
pCF10_01	42	98.421	190	3	0	1	190	190	1	4.23e-92	335
pCF10_12	64	100.000	381	0	0	1	381	2268	1888	0.0	704
pCF10_13	64	100.000	273	0	0	1	273	1888	1616	5.88e-144	505
pCF10_16	49	89.048	420	40	5	1	417	6081	5665	4.19e-146	516
pCF10_34	64	96.919	357	11	0	1	357	1283	927	3.49e-172	599
pCF10_35	64	94.595	925	46	4	1	923	926	4	0.0	1428
pCF10_38	42	82.955	1320	198	25	1	1308	9593	8289	0.0	1166
pCF10_39	42	91.506	777	66	0	1	777	10366	9590	0.0	1070
pCF10_39	45	79.459	555	110	4	1	553	5524	4972	5.14e-109	390
pCF10_41	45	91.146	192	17	0	1	192	5946	5755	9.59e-71	261
pCF10_48	45	83.721	559	88	3	19	574	8130	7572	9.99e-150	525
pAM373_p09	42	100.000	41	0	0	71	111	7385	7425	1.99e-15	76.8
pAM373_p10	42	100.000	96	0	0	1	96	7555	7650	4.45e-46	178
pAM373_p11	42	100.000	477	0	0	1	477	8120	7644	0.0	881
pAM373_p12	42	99.925	1341	1	0	1	1341	9599	8259	0.0	2471
pAM373_p13	42	100.000	777	0	0	1	777	10366	9590	0.0	1435
pAM373_p13	45	80.360	555	105	4	1	553	5524	4972	2.36e-117	418
pAM373_p14	42	100.000	267	0	0	1	267	10793	10527	1.25e-140	494
pAM373_p15	42	100.000	324	0	0	1	324	11123	10800	3.15e-172	599
pAM373_p15	45	81.040	327	52	10	1	321	6259	5937	1.02e-67	252
pAM373_p16	42	100.000	174	0	0	1	174	11247	11074	3.88e-89	322
pAM373_p16	45	94.253	174	9	1	1	174	6383	6211	6.63e-72	265
pAM373_p17	42	100.000	173	0	0	32	204	11377	11205	1.67e-88	320
pAM373_p17	45	93.464	153	10	0	52	204	6493	6341	1.04e-60	228
pAM373_p24	45	86.861	137	18	0	1	137	10226	10090	2.26e-37	154
pAM373_p25	49	97.297	111	3	0	1	111	202	92	8.56e-49	189
pAM373_p26	49	98.396	2493	40	0	1	2493	2705	213	0.0	4383
pAM373_p29	49	86.290	372	51	0	1	372	3268	2897	1.13e-113	405
pAM373_p30	49	99.231	390	3	0	1	390	4261	3872	0.0	704
pAM373_p31	49	98.551	276	4	0	1	276	4536	4261	5.99e-139	488
pAM373_p32	49	98.463	846	13	0	1	846	5371	4526	0.0	1491
pAM373_p33	49	100.000	113	0	0	203	315	5665	5553	6.02e-55	209
pAM373_p40	25	99.481	385	2	0	1	385	30628	30244	0.0	701
pAM373_p41	42	78.846	936	184	12	873	1801	12299	11371	1.55e-177	619
pAM373_p41	25	94.872	351	18	0	1618	1968	31047	30697	2.07e-156	549
HS082_RS00030	64	97.113	381	11	0	1	381	2268	1888	0.0	643
HS082_RS00035	64	98.649	222	3	0	1	222	1837	1616	1.06e-110	394
HS082_RS00045	49	94.724	417	22	0	1	417	6081	5665	0.0	649
HS082_RS00155	64	94.678	357	19	0	1	357	1283	927	7.67e-159	555
HS082_RS00160	64	98.272	926	16	0	1	926	926	1	0.0	1622
HS082_RS00175	42	78.292	1253	253	18	17	1261	9583	8342	0.0	789
HS082_RS00180	45	84.657	554	83	2	1	553	5524	4972	2.22e-157	551
HS082_RS00185	45	92.857	84	6	0	508	591	5712	5629	1.56e-28	122
HS082_RS00190	45	91.146	192	17	0	1	192	5946	5755	9.59e-71	261
HS082_RS00225	45	84.919	557	69	8	19	572	8130	7586	6.05e-157	549
HS082_RS00310	53	91.580	1152	96	1	1	1152	347	1497	0.0	1589
HS082_RS00325	73	99.267	409	3	0	273	681	463	55	0.0	739
HS082_RS00325	74	99.608	255	1	0	18	272	1	255	7.25e-132	466
HS082_RS00325	57	90.441	272	24	2	1	271	4242	4512	4.55e-99	357
HS082_RS00420	53	95.671	231	10	0	22	252	1	231	5.72e-104	372
HS082_RS00425	53	94.271	1152	65	1	1	1152	347	1497	0.0	1760
pWZ1668_p06	34	87.027	555	72	0	7	561	2236	1682	2.84e-180	627
pWZ1668_p07	34	94.236	347	18	2	1	346	561	216	4.73e-151	529
pWZ1668_p07	58	75.216	347	67	18	1	339	1741	2076	5.57e-36	147
pWZ1668_p11	34	100.000	93	0	0	1	93	93	1	3.98e-43	172
pWZ1668_p23	52	88.557	402	46	0	1	402	4047	3646	1.11e-138	488
pTW9_p15	49	100.000	357	0	0	1	357	7788	7432	0.0	660
pTW9_p18	49	100.000	186	0	0	1	186	7245	7060	8.93e-96	344
pTW9_p19	49	83.680	337	50	5	1	336	6720	6388	4.78e-86	313
pTW9_p20	49	94.005	417	25	0	1	417	6081	5665	0.0	632
pTW9_p29	49	100.000	113	0	0	203	315	5665	5553	6.02e-55	209
pTW9_p30	49	98.551	1035	15	0	1	1035	5560	4526	0.0	1829
pTW9_p31	49	99.617	261	1	0	1	261	4521	4261	1.23e-135	477
pTW9_p32	49	100.000	390	0	0	1	390	4261	3872	0.0	721
pTW9_p33	49	100.000	483	0	0	1	483	3840	3358	0.0	893
pTW9_p34	49	100.000	459	0	0	1	459	3268	2810	0.0	848
pTW9_p35	49	99.259	2565	19	0	1	2565	2777	213	0.0	4632
pTW9_p36	49	98.198	111	2	0	1	111	202	92	1.84e-50	195
pTW9_p37	45	86.861	137	18	0	1	137	10226	10090	2.26e-37	154
pTW9_p41	42	99.422	173	1	0	32	204	11377	11205	7.76e-87	315
pTW9_p41	45	94.118	153	9	0	52	204	6493	6341	2.24e-62	233
pTW9_p42	42	99.468	376	1	1	1	375	11175	10800	0.0	682
pTW9_p42	45	82.493	377	59	7	1	372	6311	5937	2.48e-89	324
pTW9_p43	42	98.876	267	3	0	1	267	10793	10527	1.26e-135	477
pTW9_p44	42	99.228	777	6	0	1	777	10366	9590	0.0	1402
pTW9_p44	45	80.360	555	105	4	1	553	5524	4972	2.36e-117	418
pTW9_p45	42	99.476	1335	7	0	1	1335	9593	8259	0.0	2427
pTW9_p46	42	94.130	477	28	0	1	477	8120	7644	0.0	726
pTW9_p47	42	95.203	271	11	2	1	270	7341	7072	2.02e-120	427
pTW9_p47	42	97.436	156	4	0	256	411	11360	11205	4.67e-72	267
pTW9_p47	45	90.506	158	14	1	254	411	6497	6341	2.87e-54	207
pTW9_p47	35	78.022	91	18	2	22	112	7112	7024	1.10e-08	56.5
pTW9_p48	73	99.511	409	2	0	279	687	463	55	0.0	745
pTW9_p48	74	99.608	255	1	0	24	278	1	255	7.32e-132	466
pTW9_p48	57	90.476	273	24	2	6	277	4241	4512	1.28e-99	359
pTW9_p50	74	91.765	255	21	0	24	278	1	255	7.90e-99	355
pTW9_p50	57	86.331	278	36	2	1	277	4236	4512	1.04e-82	302
pTW9_p55	74	94.118	255	15	0	24	278	1	255	1.63e-108	388
pTW9_p62	34	87.387	555	70	0	7	561	2236	1682	0.0	638
pTW9_p62	62	79.814	431	87	0	1	431	1587	2017	2.51e-86	315
pTW9_p63	34	95.907	562	21	2	1	561	561	1	0.0	909
pTW9_p63	58	74.335	639	131	28	1	623	1741	2362	1.54e-63	241
pTW9_p77	52	88.285	478	56	0	6	483	4123	3646	3.50e-164	573
pTW9_p97	74	99.216	255	2	0	24	278	1	255	1.63e-130	460
pTW9_p97	57	90.110	273	25	2	6	277	4241	4512	2.84e-98	353
pTW9_p98	73	99.511	409	2	0	279	687	463	55	0.0	745
pTW9_p98	74	99.608	255	1	0	24	278	1	255	7.32e-132	466
pTW9_p98	57	90.476	273	24	2	6	277	4241	4512	1.28e-99	359
HS307_RS00005	41	97.664	1498	35	0	1	1498	6658	8155	0.0	2573
HS307_RS00010	41	96.181	288	11	0	1	288	8294	8581	6.31e-134	472
HS307_RS00015	73	98.820	339	4	0	1	339	393	55	7.11e-174	604
HS307_RS00025	34	87.455	558	69	1	7	564	2236	1680	0.0	641
HS307_RS00030	34	98.266	346	6	0	1	346	561	216	2.12e-174	606
HS307_RS00030	58	75.072	345	71	13	1	339	1741	2076	5.57e-36	147
HS307_RS00070	73	100.000	51	0	0	1	51	51	1	3.05e-20	95.3
HS307_RS00075	73	99.756	409	1	0	273	681	463	55	0.0	750
HS307_RS00075	74	99.608	255	1	0	18	272	1	255	7.25e-132	466
HS307_RS00075	57	90.441	272	24	2	1	271	4242	4512	4.55e-99	357
HS307_RS00095	73	99.511	409	2	0	273	681	463	55	0.0	745
HS307_RS00095	74	99.216	255	2	0	18	272	1	255	3.37e-130	460
HS307_RS00095	57	90.074	272	25	2	1	271	4242	4512	2.12e-97	351
HS307_RS00100	67	96.212	132	5	0	1	132	1363	1232	1.44e-57	217
HS307_RS00105	67	99.358	467	3	0	368	834	1835	1369	0.0	846
HS307_RS00145	63	75.841	1130	240	27	19	1128	1028	2144	5.81e-155	544
HS307_RS00145	58	75.332	1131	253	24	17	1134	1271	154	9.78e-148	520
HS307_RS00155	67	89.615	260	24	3	1	259	645	388	1.43e-90	327
HS307_RS00165	73	99.511	409	2	0	273	681	463	55	0.0	745
HS307_RS00165	74	99.216	255	2	0	18	272	1	255	3.37e-130	460
HS307_RS00165	57	90.074	272	25	2	1	271	4242	4512	2.12e-97	351
HXI36_RS00025	73	99.511	409	2	0	273	681	463	55	0.0	745
HXI36_RS00025	74	99.608	255	1	0	18	272	1	255	7.25e-132	466
HXI36_RS00025	57	90.441	272	24	2	1	271	4242	4512	4.55e-99	357
HXI36_RS00040	34	87.276	558	70	1	7	564	2236	1680	0.0	636
HXI36_RS00045	34	98.752	561	7	0	1	561	561	1	0.0	998
HXI36_RS00045	58	74.451	638	132	25	1	623	1741	2362	1.43e-65	246
HXI36_RS00210	73	99.511	409	2	0	273	681	463	55	0.0	745
HXI36_RS00210	74	99.608	255	1	0	18	272	1	255	7.25e-132	466
HXI36_RS00210	57	90.441	272	24	2	1	271	4242	4512	4.55e-99	357
HXI36_RS00265	77	100.000	47	0	0	212	258	1	47	2.38e-18	87.9
HXI36_RS00265	44	100.000	47	0	0	212	258	55	9	2.38e-18	87.9
HXI36_RS00270	73	99.511	409	2	0	273	681	463	55	0.0	745
HXI36_RS00270	74	99.608	255	1	0	18	272	1	255	7.25e-132	466
HXI36_RS00270	57	90.441	272	24	2	1	271	4242	4512	4.55e-99	357
HXI36_RS00285	41	94.291	543	31	0	31	573	3868	3326	0.0	832
HXI36_RS00295	41	96.380	221	8	0	1	221	4087	3867	9.70e-102	364
HXI36_RS00300	41	96.078	255	10	0	1	255	4452	4198	2.64e-117	416
HS679_RS00020	34	92.870	561	40	0	1	561	2242	1682	0.0	815
HS679_RS00025	34	92.171	562	42	2	1	561	561	1	0.0	793
D686_p07	34	87.027	555	72	0	7	561	2236	1682	2.84e-180	627
D686_p06	34	94.236	347	18	2	1	346	561	216	4.61e-151	529
D686_p06	58	75.216	347	67	18	1	339	1741	2076	5.42e-36	147
D686_p34	34	100.000	93	0	0	1	93	93	1	4.44e-43	172
D686_p40	52	88.557	402	46	0	1	402	4047	3646	1.11e-138	488
D686_p1005	34	87.027	555	72	0	7	561	2236	1682	2.87e-180	627
D686_p1004	34	94.379	338	17	2	1	337	552	216	9.97e-148	518
D686_p1004	58	75.148	338	65	18	1	330	1750	2076	2.52e-34	141
D686_p1007	34	100.000	84	0	0	1	84	84	1	4.47e-38	156
D686_p1041	52	88.557	402	46	0	1	402	4047	3646	1.11e-138	488
HS945_RS00015	58	74.116	1159	252	46	9	1143	1288	154	3.65e-122	435
HTB12_RS00005	67	86.509	593	76	4	1	591	1363	773	0.0	649
HTB12_RS00010	67	99.358	467	3	0	368	834	1835	1369	0.0	846
HTB12_RS00050	63	75.841	1130	240	27	19	1128	1028	2144	5.81e-155	544
HTB12_RS00050	58	75.332	1131	253	24	17	1134	1271	154	9.78e-148	520
HTB12_RS00060	67	89.615	260	24	3	1	259	645	388	1.43e-90	327
EFD32_RS15005	34	87.207	555	71	0	7	561	2236	1682	0.0	632
EFD32_RS15010	34	96.085	562	20	2	1	561	561	1	0.0	915
EFD32_RS15010	58	74.491	639	130	28	1	623	1741	2362	3.31e-65	246
EFD32_RS15355	17	77.346	309	67	3	34	340	26253	26560	7.46e-46	180
EFD32_RS15460	53	85.281	1155	163	6	1	1152	347	1497	0.0	1184
CGZ46_RS14430	73	99.267	409	3	0	279	687	463	55	0.0	739
CGZ46_RS14430	74	99.216	255	2	0	24	278	1	255	3.40e-130	460
CGZ46_RS14430	57	90.476	273	24	2	6	277	4241	4512	1.28e-99	359
CGZ46_RS14445	64	97.948	926	19	0	1	926	926	1	0.0	1605
CGZ46_RS14450	64	94.678	357	19	0	1	357	1283	927	7.67e-159	555
CGZ46_RS14695	41	95.922	1128	45	1	1	1127	4452	3325	0.0	1827
CGZ46_RS14700	41	94.833	600	31	0	1	600	14074	14673	0.0	937
CGZ46_RS14705	41	95.551	472	21	0	1	472	14722	15193	0.0	756
CGZ46_RS14785	42	76.870	1310	276	24	17	1314	9583	8289	0.0	715
CGZ46_RS14790	45	84.815	540	80	2	1	539	5524	4986	1.35e-154	542
CGZ46_RS14800	45	92.857	168	12	0	7	174	5922	5755	8.64e-66	244
CGZ46_RS14835	45	86.559	558	60	8	19	573	8130	7585	1.65e-172	601
CGZ46_RS14915	53	98.693	612	8	0	612	1223	5442	6053	0.0	1086
CGZ46_RS14915	42	99.474	190	1	0	1	190	190	1	1.95e-95	346
CGZ46_RS14960	64	95.801	381	16	0	1	381	2268	1888	3.72e-177	616
CGZ46_RS14980	49	93.046	417	29	0	1	417	6081	5665	1.86e-174	610
CGZ46_RS14990	25	84.595	370	56	1	1	370	30189	29821	4.03e-102	366
FOA09_RS13905	73	99.511	409	2	0	279	687	463	55	0.0	745
FOA09_RS13905	74	99.608	255	1	0	24	278	1	255	7.32e-132	466
FOA09_RS13905	57	90.476	273	24	2	6	277	4241	4512	1.28e-99	359
FOA09_RS14020	34	88.434	562	63	2	1	561	561	1	0.0	676
FOA09_RS14030	73	99.267	409	3	0	279	687	463	55	0.0	739
FOA09_RS14030	74	99.608	255	1	0	24	278	1	255	7.32e-132	466
FOA09_RS14030	57	90.476	273	24	2	6	277	4241	4512	1.28e-99	359
FOA09_RS14130	73	99.511	409	2	0	279	687	463	55	0.0	745
FOA09_RS14130	74	99.608	255	1	0	24	278	1	255	7.32e-132	466
FOA09_RS14130	57	90.476	273	24	2	6	277	4241	4512	1.28e-99	359
FOA09_RS14135	26	88.235	102	12	0	1	102	3068	2967	1.70e-28	122
FOA09_RS14155	42	84.737	760	109	7	21	776	6388	5632	0.0	754
FOA09_RS14160	42	89.899	198	17	1	1	198	6736	6542	5.97e-68	252
FOA09_RS14165	42	96.281	242	9	0	1	242	7183	7424	9.08e-112	398
FOA09_RS14165	35	78.022	91	18	2	48	138	7024	7112	6.29e-09	56.5
FOA09_RS14170	42	94.130	477	28	0	1	477	8120	7644	0.0	726
FOA09_RS14175	42	99.478	1341	7	0	1	1341	9599	8259	0.0	2438
FOA09_RS14180	42	99.099	777	7	0	1	777	10366	9590	0.0	1397
FOA09_RS14180	45	80.360	555	105	4	1	553	5524	4972	2.36e-117	418
FOA09_RS14185	42	99.251	267	2	0	1	267	10793	10527	2.70e-137	483
FOA09_RS14190	42	99.454	183	1	0	1	183	10982	10800	1.90e-92	333
FOA09_RS14215	45	86.861	137	18	0	1	137	10226	10090	2.26e-37	154
FOA09_RS14220	49	98.198	111	2	0	1	111	202	92	1.84e-50	195
FOA09_RS14225	49	99.158	2493	21	0	1	2493	2705	213	0.0	4488
FOA09_RS14230	49	100.000	459	0	0	1	459	3268	2810	0.0	848
FOA09_RS14235	49	100.000	483	0	0	1	483	3840	3358	0.0	893
FOA09_RS14240	49	100.000	393	0	0	1	393	4264	3872	0.0	726
FOA09_RS14245	49	99.638	276	1	0	1	276	4536	4261	5.95e-144	505
FOA09_RS14250	49	98.551	1035	15	0	1	1035	5560	4526	0.0	1829
FOA09_RS14255	49	100.000	113	0	0	203	315	5665	5553	6.02e-55	209
FOA09_RS14300	49	94.005	417	25	0	1	417	6081	5665	0.0	632
FOA09_RS14305	49	83.680	337	50	5	1	336	6720	6388	4.78e-86	313
FOA09_RS14310	49	100.000	93	0	0	1	93	7041	6949	1.99e-44	172
FOA09_RS14315	49	100.000	186	0	0	1	186	7245	7060	8.93e-96	344
FOA09_RS14330	49	100.000	357	0	0	1	357	7788	7432	0.0	660
FOA09_RS14390	73	99.511	409	2	0	279	687	463	55	0.0	745
FOA09_RS14390	74	99.608	255	1	0	24	278	1	255	7.32e-132	466
FOA09_RS14390	57	90.476	273	24	2	6	277	4241	4512	1.28e-99	359
FOA09_RS14410	73	99.511	409	2	0	279	687	463	55	0.0	745
FOA09_RS14410	74	99.608	255	1	0	24	278	1	255	7.32e-132	466
FOA09_RS14410	57	90.476	273	24	2	6	277	4241	4512	1.28e-99	359
EYB36_RS00010	45	99.284	419	1	2	1	419	8588	8172	0.0	756
EYB36_RS00015	45	87.197	578	71	3	1	577	8148	7573	0.0	654
EYB36_RS00025	45	98.872	266	3	0	2	267	7452	7187	4.52e-135	475
EYB36_RS00030	45	98.551	276	4	0	1	276	7194	6919	5.99e-139	488
EYB36_RS00035	45	97.849	186	4	0	1	186	6116	5931	4.18e-89	322
EYB36_RS00040	45	91.954	174	14	0	1	174	5928	5755	8.64e-66	244
EYB36_RS00045	45	91.667	84	7	0	508	591	5712	5629	7.28e-27	117
EYB36_RS00050	45	85.289	537	77	2	1	536	5524	4989	6.22e-158	553
EYB36_RS00055	42	78.248	1301	258	23	17	1306	9583	8297	0.0	811
EYB36_RS00060	45	96.242	612	23	0	1	612	2836	2225	0.0	1003
EYB36_RS00065	45	94.161	411	24	0	1	411	1897	1487	1.86e-180	627
EYB36_RS00070	45	97.640	339	8	0	1	339	1401	1063	3.33e-167	582
EYB36_RS00075	45	96.515	660	23	0	1	660	848	189	0.0	1092
EYB36_RS00085	32	84.173	695	106	3	1	693	17331	18023	0.0	671
EYB36_RS00205	73	99.511	409	2	0	279	687	463	55	0.0	745
EYB36_RS00205	74	99.608	255	1	0	24	278	1	255	7.32e-132	466
EYB36_RS00205	57	90.476	273	24	2	6	277	4241	4512	1.28e-99	359
EYB36_RS00270	52	88.285	478	56	0	6	483	4123	3646	3.50e-164	573
EYB36_RS00280	73	99.511	409	2	0	279	687	463	55	0.0	745
EYB36_RS00280	74	99.608	255	1	0	24	278	1	255	7.32e-132	466
EYB36_RS00280	57	90.476	273	24	2	6	277	4241	4512	1.28e-99	359
EYB36_RS00305	42	91.925	161	13	0	143	303	779	619	5.73e-60	226
EYB36_RS00340	53	98.529	612	9	0	612	1223	5442	6053	0.0	1081
EYB36_RS00340	42	98.421	190	3	0	1	190	190	1	4.23e-92	335
EYB36_RS00425	45	99.251	267	2	0	1	267	9479	9213	2.70e-137	483
EYB36_RS00430	45	97.963	491	10	0	1	491	9180	8690	0.0	852
EYB36_RS00520	34	94.662	562	28	2	1	561	561	1	0.0	870
EYB36_RS00525	34	93.153	555	38	0	7	561	2236	1682	0.0	815
EYB36_RS00530	73	99.511	409	2	0	279	687	463	55	0.0	745
EYB36_RS00530	74	99.608	255	1	0	24	278	1	255	7.32e-132	466
EYB36_RS00530	57	90.476	273	24	2	6	277	4241	4512	1.28e-99	359
EYB36_RS00570	45	95.880	267	11	0	1	267	7453	7187	2.76e-122	433
EYB36_RS00575	45	93.478	276	18	0	1	276	7194	6919	1.33e-115	411
EYB36_RS00705	26	88.235	102	12	0	1	102	3068	2967	1.70e-28	122
EYB36_RS00725	42	84.737	760	109	7	21	776	6388	5632	0.0	754
EYB36_RS00730	42	89.899	198	17	1	1	198	6736	6542	5.97e-68	252
EYB36_RS00735	42	96.281	242	9	0	1	242	7183	7424	9.08e-112	398
EYB36_RS00735	35	78.022	91	18	2	48	138	7024	7112	6.29e-09	56.5
EYB36_RS00740	42	94.130	477	28	0	1	477	8120	7644	0.0	726
EYB36_RS00745	42	99.403	1341	8	0	1	1341	9599	8259	0.0	2433
EYB36_RS00750	42	99.228	777	6	0	1	777	10366	9590	0.0	1402
EYB36_RS00750	45	80.360	555	105	4	1	553	5524	4972	2.36e-117	418
EYB36_RS00755	42	99.251	267	2	0	1	267	10793	10527	2.70e-137	483
EYB36_RS00760	42	99.454	183	1	0	1	183	10982	10800	1.90e-92	333
EYB36_RS00780	45	86.861	137	18	0	1	137	10226	10090	2.26e-37	154
EYB36_RS00785	49	98.198	111	2	0	1	111	202	92	1.84e-50	195
EYB36_RS00790	49	99.198	2493	20	0	1	2493	2705	213	0.0	4494
EYB36_RS00795	49	100.000	459	0	0	1	459	3268	2810	0.0	848
EYB36_RS00800	49	100.000	483	0	0	1	483	3840	3358	0.0	893
EYB36_RS00805	49	100.000	393	0	0	1	393	4264	3872	0.0	726
EYB36_RS00810	49	99.638	276	1	0	1	276	4536	4261	5.95e-144	505
EYB36_RS00815	49	98.744	1035	13	0	1	1035	5560	4526	0.0	1840
EYB36_RS00820	49	99.115	113	1	0	203	315	5665	5553	2.80e-53	204
EYB36_RS00875	49	99.760	417	1	0	1	417	6081	5665	0.0	765
EYB36_RS00880	49	100.000	324	0	0	1	324	6720	6397	3.15e-172	599
EYB36_RS00885	49	98.925	93	1	0	1	93	7041	6949	9.25e-43	167
EYB36_RS00890	49	100.000	186	0	0	1	186	7245	7060	8.93e-96	344
EYB36_RS00905	64	95.538	381	17	0	1	381	2268	1888	1.73e-175	610
BZG32_RS16190	49	100.000	393	0	0	1	393	4264	3872	0.0	726
BZG32_RS16195	49	99.638	276	1	0	1	276	4536	4261	5.95e-144	505
BZG32_RS16200	49	99.903	1035	1	0	1	1035	5560	4526	0.0	1906
BZG32_RS16205	49	100.000	113	0	0	203	315	5665	5553	6.02e-55	209
BZG32_RS16250	49	94.005	417	25	0	1	417	6081	5665	0.0	632
BZG32_RS16255	49	83.680	337	50	5	1	336	6720	6388	4.78e-86	313
BZG32_RS16260	49	100.000	93	0	0	1	93	7041	6949	1.99e-44	172
BZG32_RS16265	49	99.462	186	1	0	1	186	7245	7060	4.15e-94	339
BZG32_RS16275	73	99.511	409	2	0	279	687	463	55	0.0	745
BZG32_RS16275	74	99.608	255	1	0	24	278	1	255	7.32e-132	466
BZG32_RS16275	57	90.476	273	24	2	6	277	4241	4512	1.28e-99	359
BZG32_RS16290	49	99.720	357	1	0	1	357	7788	7432	0.0	654
BZG32_RS16360	53	98.042	613	12	0	612	1224	5442	6054	0.0	1066
BZG32_RS16360	42	97.895	190	4	0	1	190	190	1	1.97e-90	329
BZG32_RS16365	42	91.925	161	13	0	143	303	779	619	5.73e-60	226
BZG32_RS16430	73	99.511	409	2	0	279	687	463	55	0.0	745
BZG32_RS16430	74	99.608	255	1	0	24	278	1	255	7.32e-132	466
BZG32_RS16430	57	90.476	273	24	2	6	277	4241	4512	1.28e-99	359
BZG32_RS16470	73	99.511	409	2	0	279	687	463	55	0.0	745
BZG32_RS16470	74	99.608	255	1	0	24	278	1	255	7.32e-132	466
BZG32_RS16470	57	90.476	273	24	2	6	277	4241	4512	1.28e-99	359
BZG32_RS16485	73	99.511	409	2	0	279	687	463	55	0.0	745
BZG32_RS16485	74	99.608	255	1	0	24	278	1	255	7.32e-132	466
BZG32_RS16485	57	90.476	273	24	2	6	277	4241	4512	1.28e-99	359
BZG32_RS16515	73	99.511	409	2	0	279	687	463	55	0.0	745
BZG32_RS16515	74	99.608	255	1	0	24	278	1	255	7.32e-132	466
BZG32_RS16515	57	90.476	273	24	2	6	277	4241	4512	1.28e-99	359
BZG32_RS16520	77	100.000	37	0	0	483	519	1	37	1.81e-12	69.4
BZG32_RS16520	44	100.000	37	0	0	483	519	55	19	1.81e-12	69.4
BZG32_RS16535	42	96.281	242	9	0	1	242	7183	7424	9.08e-112	398
BZG32_RS16535	35	78.022	91	18	2	48	138	7024	7112	6.29e-09	56.5
BZG32_RS16545	42	94.130	477	28	0	1	477	8120	7644	0.0	726
BZG32_RS16550	42	97.285	1326	36	0	1	1326	9584	8259	0.0	2250
BZG32_RS16555	42	96.268	777	8	1	1	756	10366	9590	0.0	1254
BZG32_RS16555	45	80.721	555	103	4	1	553	5524	4972	1.06e-120	429
BZG32_RS16560	42	99.251	267	2	0	1	267	10793	10527	2.70e-137	483
BZG32_RS16565	42	99.454	183	1	0	1	183	10982	10800	1.90e-92	333
BZG32_RS16605	45	86.861	137	18	0	1	137	10226	10090	2.26e-37	154
BZG32_RS16610	49	99.099	111	1	0	1	111	202	92	3.96e-52	200
BZG32_RS16615	49	99.118	2493	22	0	1	2493	2705	213	0.0	4482
BZG32_RS16620	49	99.564	459	2	0	1	459	3268	2810	0.0	837
BZG32_RS16670	49	100.000	113	0	0	203	315	5665	5553	6.02e-55	209
BZG32_RS16675	49	98.551	1035	15	0	1	1035	5560	4526	0.0	1829
BZG32_RS16680	49	99.638	276	1	0	1	276	4536	4261	5.95e-144	505
BZG32_RS16685	49	100.000	393	0	0	1	393	4264	3872	0.0	726
BZG32_RS16690	49	100.000	483	0	0	1	483	3840	3358	0.0	893
BZG32_RS16695	49	99.782	459	1	0	1	459	3268	2810	0.0	843
BZG32_RS16700	49	99.238	2493	19	0	1	2493	2705	213	0.0	4499
BZG32_RS16705	49	98.214	112	2	0	1	112	202	91	5.16e-51	196
BZG32_RS16735	45	100.000	267	0	0	1	267	9479	9213	1.25e-140	494
BZG32_RS16740	45	100.000	495	0	0	1	495	9180	8686	0.0	915
BZG32_RS16745	45	100.000	417	0	0	1	417	8588	8172	0.0	771
BZG32_RS16750	45	100.000	585	0	0	1	585	8148	7564	0.0	1081
BZG32_RS16755	45	99.625	267	1	0	1	267	7453	7187	5.80e-139	488
BZG32_RS16760	45	100.000	276	0	0	1	276	7194	6919	1.28e-145	510
BZG32_RS16770	45	100.000	186	0	0	1	186	6116	5931	8.93e-96	344
BZG32_RS16775	45	100.000	147	0	0	1	147	5901	5755	3.27e-74	272
BZG32_RS16780	45	100.000	780	0	0	1	780	5524	4745	0.0	1441
BZG32_RS16780	42	80.360	555	105	4	1	553	10366	9814	2.37e-117	418
BZG32_RS16785	45	100.000	1260	0	0	1	1260	4745	3486	0.0	2327
BZG32_RS16795	45	100.000	729	0	0	1	729	2836	2108	0.0	1347
BZG32_RS16800	45	100.000	411	0	0	1	411	1897	1487	0.0	760
BZG32_RS16805	45	100.000	339	0	0	1	339	1401	1063	1.52e-180	627
BZG32_RS16810	45	100.000	660	0	0	1	660	848	189	0.0	1219
BZG32_RS17425	45	100.000	60	0	0	1	60	60	1	8.26e-26	111
BZG32_RS16870	34	87.365	554	70	0	7	560	2236	1683	0.0	636
BZG32_RS16875	73	99.511	409	2	0	273	681	463	55	0.0	745
BZG32_RS16875	74	99.216	255	2	0	18	272	1	255	3.37e-130	460
BZG32_RS16875	57	90.074	272	25	2	1	271	4242	4512	2.12e-97	351
BZG32_RS16900	42	97.735	618	14	0	1	618	2392	1775	0.0	1064
BZG32_RS16905	42	99.667	300	1	0	1	300	1734	1435	2.96e-157	549
BZG32_RS16910	42	100.000	150	0	0	1	150	1401	1252	8.19e-76	278
BZG32_RS16915	53	100.000	606	0	0	1	606	2165	1560	0.0	1120
BZG32_RS16920	53	99.933	2988	2	0	1	2988	2290	5277	0.0	5507
BZG32_RS17010	73	99.511	409	2	0	279	687	463	55	0.0	745
BZG32_RS17010	74	99.216	255	2	0	24	278	1	255	3.40e-130	460
BZG32_RS17060	73	99.412	340	2	0	279	618	463	124	1.81e-177	617
BZG32_RS17060	74	99.216	255	2	0	24	278	1	255	3.24e-130	460
BMT03_RS13330	73	97.311	409	5	1	279	681	463	55	0.0	689
BMT03_RS13330	74	99.608	255	1	0	24	278	1	255	7.25e-132	466
BMT03_RS13330	57	90.476	273	24	2	6	277	4241	4512	1.27e-99	359
BMT03_RS13375	74	99.216	255	2	0	24	278	1	255	2.44e-130	460
BMT03_RS13375	73	100.000	219	0	0	279	497	463	245	1.16e-113	405
BMT03_RS13375	57	90.110	273	25	2	6	277	4241	4512	4.25e-98	353
BMT03_RS13390	41	96.733	1500	49	0	1	1500	6658	8157	0.0	2499
BMT03_RS13395	41	93.056	288	20	0	1	288	8294	8581	6.45e-119	422
BMT03_RS13400	73	100.000	93	0	0	3	95	147	55	2.04e-44	172
BMT03_RS13405	73	97.951	244	5	0	1	244	393	150	1.50e-119	424
BMT03_RS13425	34	88.129	556	64	2	7	561	2236	1682	0.0	660
BMT03_RS13430	34	93.772	562	33	2	1	561	561	1	0.0	843
BMT03_RS13475	73	99.270	274	2	0	514	787	328	55	1.07e-140	496
BMT03_RS13475	73	100.000	135	0	0	279	413	463	329	9.23e-67	250
BMT03_RS13475	74	99.608	255	1	0	24	278	1	255	8.42e-132	466
BMT03_RS13475	57	90.110	273	25	2	6	277	4241	4512	6.84e-98	353
BMT03_RS13570	73	96.359	357	7	1	431	781	411	55	7.95e-167	582
BMT03_RS13570	73	100.000	52	0	0	279	330	463	412	1.26e-20	97.1
BMT03_RS13570	74	99.608	255	1	0	24	278	1	255	8.35e-132	466
BMT03_RS13570	57	90.476	273	24	2	6	277	4241	4512	1.46e-99	359
BMT03_RS13665	4	98.630	219	3	0	1	219	90380	90162	5.10e-109	388
BMT03_RS13670	73	100.000	32	0	0	137	168	1	32	3.23e-10	60.2
BMT03_RS13675	73	99.359	312	2	0	476	787	366	55	8.07e-162	566
BMT03_RS13675	73	100.000	97	0	0	279	375	463	367	1.23e-45	180
BMT03_RS13675	74	99.608	255	1	0	24	278	1	255	8.42e-132	466
BMT03_RS13675	57	90.110	273	25	2	6	277	4241	4512	6.84e-98	353
BMT03_RS13700	73	98.534	341	5	0	339	679	395	55	5.28e-173	603
CG806_RS00165	42	98.907	183	2	0	1	183	10982	10800	8.83e-91	327
CG806_RS00170	42	99.251	267	2	0	1	267	10793	10527	2.70e-137	483
CG806_RS00175	42	99.228	777	6	0	1	777	10366	9590	0.0	1402
CG806_RS00175	45	80.360	555	105	4	1	553	5524	4972	2.36e-117	418
CG806_RS00180	42	99.478	1341	7	0	1	1341	9599	8259	0.0	2438
CG806_RS00185	42	94.130	477	28	0	1	477	8120	7644	0.0	726
CG806_RS00190	42	96.281	242	9	0	1	242	7183	7424	9.08e-112	398
CG806_RS00190	35	78.022	91	18	2	48	138	7024	7112	6.29e-09	56.5
CG806_RS00205	42	89.899	198	17	1	1	198	6736	6542	5.97e-68	252
CG806_RS00210	42	84.737	760	109	7	21	776	6388	5632	0.0	754
CG806_RS00230	26	88.235	102	12	0	1	102	3068	2967	1.70e-28	122
CG806_RS00415	42	77.863	1310	263	25	17	1314	9583	8289	0.0	787
CG806_RS00420	45	83.985	537	84	2	1	536	5524	4989	2.94e-146	514
CG806_RS00430	45	92.857	168	12	0	7	174	5922	5755	8.64e-66	244
CG806_RS00475	45	83.929	560	85	5	19	574	8130	7572	2.15e-151	531
CG806_RS00505	52	98.089	314	6	0	1	314	6101	6414	3.80e-156	547
CG806_RS00535	53	98.268	231	4	0	22	252	1	231	5.64e-114	405
CG806_RS00540	53	94.184	1152	66	1	1	1152	347	1497	0.0	1755
CG806_RS00600	64	96.588	381	13	0	1	381	2268	1888	0.0	632
CG806_RS00625	49	92.105	418	28	3	1	414	6081	5665	1.13e-166	584
CG806_RS00730	64	94.398	357	20	0	1	357	1283	927	3.57e-157	549
CG806_RS00735	64	98.380	926	15	0	1	926	926	1	0.0	1628
CG806_RS00750	41	95.400	1500	69	0	1	1500	6658	8157	0.0	2388
CG806_RS00755	41	95.833	288	12	0	1	288	8294	8581	2.94e-132	466
CG806_RS00760	41	89.933	298	27	3	1	296	8585	8881	1.28e-106	381
CG806_RS00770	34	87.207	555	71	0	7	561	2236	1682	0.0	632
CG806_RS00775	34	96.085	562	20	2	1	561	561	1	0.0	915
CG806_RS00775	58	74.491	639	130	28	1	623	1741	2362	3.31e-65	246
CG806_RS00865	73	99.022	409	4	0	279	687	463	55	0.0	734
CG806_RS00865	74	99.216	255	2	0	24	278	1	255	3.40e-130	460
CG806_RS00905	52	88.285	478	56	0	6	483	4123	3646	3.50e-164	573
CG806_RS00935	46	96.650	1761	57	1	1	1761	9357	7599	0.0	2924
CG806_RS00935	46	96.252	1761	65	1	1	1761	4533	2774	0.0	2885
CG806_RS00940	46	100.000	201	0	0	1	201	2685	2485	4.47e-104	372
CG806_RS14705	46	100.000	87	0	0	1	87	1879	1965	3.95e-41	161
CG806_RS00955	46	78.571	728	126	24	14	723	1261	546	6.00e-128	453
CG806_RS00955	46	76.081	740	140	28	10	723	6360	5632	2.25e-97	351
CG806_RS00960	46	94.949	297	15	0	1	297	418	122	3.04e-132	466
CG806_RS00960	46	94.276	297	17	0	1	297	5504	5208	6.57e-129	455
F1M88_RS14080	73	99.511	409	2	0	279	687	463	55	0.0	745
F1M88_RS14080	74	99.216	255	2	0	24	278	1	255	3.40e-130	460
F1M88_RS14080	57	90.110	273	25	2	6	277	4241	4512	5.94e-98	353
F1M88_RS14085	73	100.000	32	0	0	857	888	1	32	1.89e-09	60.2
C7I31_RS14080	73	98.778	409	5	0	273	681	463	55	0.0	728
C7I31_RS14080	74	98.824	255	3	0	18	272	1	255	1.57e-128	455
C7I31_RS14080	57	89.338	272	27	2	1	271	4242	4512	4.59e-94	340
C7I31_RS14125	1	86.160	513	71	0	1	513	259067	259579	1.12e-158	555
C7I31_RS14210	45	87.437	199	25	0	5	203	7787	7589	3.22e-61	230
C7I31_RS14225	42	76.991	339	68	10	37	370	8675	8342	1.49e-47	185
C7I31_RS14240	64	99.460	926	5	0	1	926	926	1	0.0	1683
C7I31_RS14245	64	100.000	357	0	0	1	357	1283	927	0.0	660
C7I31_RS14305	73	99.267	409	3	0	269	677	463	55	0.0	739
C7I31_RS14305	74	99.190	247	2	0	18	264	1	247	9.39e-126	446
C7I31_RS14305	57	89.811	265	25	2	1	264	4242	4505	1.64e-93	339
C7I32_RS15260	49	85.753	372	53	0	1	372	3268	2897	2.45e-110	394
C7I32_RS15265	49	99.744	390	1	0	1	390	4261	3872	0.0	715
C7I32_RS15270	49	99.275	276	2	0	1	276	4536	4261	2.77e-142	499
C7I32_RS15275	49	100.000	1035	0	0	1	1035	5560	4526	0.0	1912
C7I32_RS15280	49	100.000	113	0	0	203	315	5665	5553	6.02e-55	209
C7I32_RS15340	49	85.646	418	58	2	1	417	6081	5665	9.34e-123	438
C7I32_RS15365	64	96.063	381	15	0	1	381	2268	1888	7.99e-179	621
C7I32_RS15510	42	85.132	760	106	7	21	776	6388	5632	0.0	771
C7I32_RS15515	42	89.899	198	17	1	1	198	6736	6542	5.97e-68	252
C7I32_RS15530	42	96.281	242	9	0	1	242	7183	7424	9.08e-112	398
C7I32_RS15530	35	78.022	91	18	2	48	138	7024	7112	6.29e-09	56.5
C7I32_RS15535	42	93.711	477	30	0	1	477	8120	7644	0.0	715
C7I32_RS15540	42	99.251	1335	10	0	1	1335	9593	8259	0.0	2410
C7I32_RS15545	42	99.356	777	5	0	1	777	10366	9590	0.0	1408
C7I32_RS15545	45	80.541	555	104	4	1	553	5524	4972	5.07e-119	424
C7I32_RS15550	42	99.251	267	2	0	1	267	10793	10527	2.70e-137	483
C7I32_RS15555	42	98.907	183	2	0	1	183	10982	10800	8.83e-91	327
C7I32_RS15585	45	86.861	137	18	0	1	137	10226	10090	2.26e-37	154
C7I32_RS15590	49	99.394	165	1	0	1	165	256	92	4.42e-82	300
C7I32_RS15595	49	98.516	2493	37	0	1	2493	2705	213	0.0	4399
C7I32_RS15605	45	89.051	137	15	0	1	137	10226	10090	2.25e-42	171
C7I32_RS15625	45	99.251	267	2	0	1	267	9479	9213	2.70e-137	483
C7I32_RS15630	45	98.788	495	6	0	1	495	9180	8686	0.0	881
C7I32_RS15635	45	99.041	417	4	0	1	417	8588	8172	0.0	749
C7I32_RS15640	45	96.239	585	22	0	1	585	8148	7564	0.0	959
C7I32_RS15645	45	99.625	267	1	0	1	267	7453	7187	5.80e-139	488
C7I32_RS15650	45	98.551	276	4	0	1	276	7194	6919	5.99e-139	488
C7I32_RS15660	45	100.000	186	0	0	1	186	6116	5931	8.93e-96	344
C7I32_RS15665	45	97.917	192	4	0	1	192	5946	5755	2.00e-92	333
C7I32_RS15670	42	79.794	777	147	6	1	775	10366	9598	4.81e-159	556
C7I32_RS15670	45	85.130	538	76	4	1	536	5524	4989	2.90e-156	547
C7I32_RS15675	42	78.368	1299	256	23	11	1298	9589	8305	0.0	819
C7I32_RS15685	45	96.708	729	24	0	1	729	2836	2108	0.0	1214
C7I32_RS15690	45	99.270	411	3	0	1	411	1897	1487	0.0	743
C7I32_RS15695	45	95.870	339	14	0	1	339	1401	1063	3.38e-157	549
C7I32_RS15775	64	95.801	381	16	0	1	381	2268	1888	3.72e-177	616
C7I32_RS15795	49	99.691	324	1	0	1	324	6720	6397	1.47e-170	593
C7I32_RS15800	49	99.520	417	2	0	1	417	6081	5665	0.0	760
C7I32_RS15860	49	100.000	113	0	0	203	315	5665	5553	6.02e-55	209
C7I32_RS15865	49	99.420	1035	6	0	1	1035	5560	4526	0.0	1879
C7I32_RS15870	49	99.275	276	2	0	1	276	4536	4261	2.77e-142	499
C7I32_RS15875	49	98.718	390	5	0	1	390	4261	3872	0.0	693
C7I32_RS15880	49	86.702	376	49	1	1	375	3268	2893	5.23e-117	416
C7I32_RS15900	49	98.275	2493	43	0	1	2493	2705	213	0.0	4366
DOU32_RS14345	73	99.511	409	2	0	273	681	463	55	0.0	745
DOU32_RS14345	74	99.608	255	1	0	18	272	1	255	7.25e-132	466
DOU32_RS14345	57	90.441	272	24	2	1	271	4242	4512	4.55e-99	357
DOU32_RS14390	73	99.511	409	2	0	273	681	463	55	0.0	745
DOU32_RS14390	74	99.608	255	1	0	18	272	1	255	7.25e-132	466
DOU32_RS14390	57	90.441	272	24	2	1	271	4242	4512	4.55e-99	357
DOU32_RS14460	64	87.071	379	45	4	590	967	378	3	3.18e-119	425
DOU32_RS14475	42	95.164	1220	59	0	1	1220	9593	8374	0.0	1927
DOU32_RS14480	42	91.506	777	66	0	1	777	10366	9590	0.0	1070
DOU32_RS14480	45	79.640	555	109	4	1	553	5524	4972	1.11e-110	396
DOU32_RS14490	45	91.146	192	17	0	1	192	5946	5755	9.59e-71	261
DOU32_RS14540	73	99.511	409	2	0	273	681	463	55	0.0	745
DOU32_RS14540	74	99.608	255	1	0	18	272	1	255	7.25e-132	466
DOU32_RS14540	57	90.441	272	24	2	1	271	4242	4512	4.55e-99	357
DOU32_RS14635	53	98.203	612	11	0	612	1223	5442	6053	0.0	1070
DOU32_RS14635	42	98.421	190	3	0	1	190	190	1	4.23e-92	335
DOU32_RS14640	42	92.763	152	11	0	152	303	770	619	2.67e-58	220
DOU32_RS14675	26	89.216	102	11	0	1	102	3068	2967	3.66e-30	128
DOU32_RS14730	64	98.596	926	13	0	1	926	926	1	0.0	1639
DOU32_RS14735	64	94.118	357	21	0	1	357	1283	927	1.66e-155	544
DOU31_RS14415	73	99.511	409	2	0	273	681	463	55	0.0	745
DOU31_RS14415	74	99.608	255	1	0	18	272	1	255	7.25e-132	466
DOU31_RS14415	57	90.441	272	24	2	1	271	4242	4512	4.55e-99	357
DOU31_RS14420	67	98.504	468	6	1	368	835	1835	1369	0.0	824
DOU31_RS14425	67	85.811	592	82	2	1	591	1363	773	2.72e-180	627
DOU31_RS14435	58	80.529	1135	205	12	9	1135	1288	162	0.0	857
DOU31_RS14450	73	99.511	409	2	0	273	681	463	55	0.0	745
DOU31_RS14450	74	99.608	255	1	0	18	272	1	255	7.25e-132	466
DOU31_RS14450	57	90.441	272	24	2	1	271	4242	4512	4.55e-99	357
DOU31_RS14495	73	99.511	409	2	0	273	681	463	55	0.0	745
DOU31_RS14495	74	99.608	255	1	0	18	272	1	255	7.25e-132	466
DOU31_RS14495	57	90.074	272	25	2	1	271	4242	4512	2.12e-97	351
DOU31_RS14510	64	100.000	357	0	0	1	357	1283	927	0.0	660
DOU31_RS14515	64	99.676	926	3	0	1	926	926	1	0.0	1694
DOU31_RS14570	26	89.216	102	11	0	1	102	3068	2967	3.66e-30	128
DOU31_RS14605	42	92.763	152	11	0	152	303	770	619	2.67e-58	220
DOU31_RS14610	53	98.203	612	11	0	612	1223	5442	6053	0.0	1070
DOU31_RS14610	42	98.421	190	3	0	1	190	190	1	4.23e-92	335
DOU31_RS14640	41	94.211	570	31	2	1	569	14722	15290	0.0	869
DOU31_RS14765	73	99.267	409	3	0	273	681	463	55	0.0	739
DOU31_RS14765	74	99.216	255	2	0	18	272	1	255	3.37e-130	460
DOU31_RS14765	57	90.441	272	24	2	1	271	4242	4512	4.55e-99	357
DOU31_RS14785	64	98.272	926	16	0	1	926	926	1	0.0	1622
DOU31_RS14790	64	98.319	357	6	0	1	357	1283	927	1.60e-180	627
DOU31_RS14910	49	89.474	418	33	5	1	408	6081	5665	1.16e-146	518
DOU31_RS14950	64	94.751	381	20	0	1	381	2268	1888	1.74e-170	593
DOU31_RS15000	53	90.365	1152	110	1	1	1152	347	1497	0.0	1511
DOU31_RS15005	53	99.134	231	2	0	22	252	1	231	2.61e-117	416
DOU31_RS15060	41	95.922	1128	44	1	1	1126	4452	3325	0.0	1827
DOU31_RS15095	1	86.675	758	99	2	154	910	258823	259579	0.0	839
DOU31_RS15110	41	95.000	600	30	0	1	600	14074	14673	0.0	942
DR75_RS00030	45	89.051	137	15	0	1	137	10226	10090	2.25e-42	171
DR75_RS00190	45	97.935	339	7	0	1	339	1401	1063	7.16e-169	588
DR75_RS00195	45	96.594	411	14	0	1	411	1897	1487	0.0	682
DR75_RS00200	45	97.119	729	21	0	1	729	2836	2108	0.0	1230
DR75_RS00205	45	98.571	1260	18	0	1	1260	4745	3486	0.0	2228
DR75_RS00210	45	98.205	780	14	0	1	780	5524	4745	0.0	1363
DR75_RS00210	42	80.431	557	103	6	1	554	10366	9813	6.59e-118	420
DR75_RS00215	45	97.279	147	4	0	1	147	5901	5755	1.53e-67	250
DR75_RS00220	45	97.312	186	5	0	1	186	6116	5931	1.95e-87	316
DR75_RS00225	45	97.826	276	6	0	1	276	7194	6919	1.30e-135	477
DR75_RS00230	45	99.625	267	1	0	1	267	7453	7187	5.80e-139	488
DR75_RS00235	45	96.410	585	21	0	1	585	8148	7564	0.0	965
DR75_RS00240	45	97.842	417	9	0	1	417	8588	8172	0.0	721
DR75_RS00250	45	97.963	491	10	0	1	491	9180	8690	0.0	852
DR75_RS00255	45	99.625	267	1	0	1	267	9479	9213	5.80e-139	488
DR75_RS00345	42	93.168	161	11	0	143	303	779	619	2.65e-63	237
DR75_RS00350	53	97.876	612	13	0	612	1223	5442	6053	0.0	1059
DR75_RS00350	42	100.000	190	0	0	1	190	190	1	4.20e-97	351
DR75_RS00520	64	94.398	357	20	0	1	357	1283	927	3.57e-157	549
DR75_RS00525	64	94.054	925	51	4	1	923	926	4	0.0	1400
DR75_RS00540	42	77.634	1310	266	25	17	1314	9583	8289	0.0	771
DR75_RS00545	45	85.018	554	81	2	1	553	5524	4972	1.03e-160	562
DR75_RS00555	45	91.146	192	17	0	1	192	5946	5755	9.59e-71	261
EF_RS15805	64	95.538	381	17	0	1	381	2268	1888	1.73e-175	610
EF_RS15820	49	89.048	420	40	5	1	417	6081	5665	4.19e-146	516
EF_RS15910	64	94.678	357	19	0	1	357	1283	927	7.67e-159	555
EF_RS15915	64	94.703	925	45	4	1	923	926	4	0.0	1434
EF_RS15925	42	82.955	1320	198	25	1	1308	9593	8289	0.0	1166
EF_RS15930	42	91.506	777	66	0	1	777	10366	9590	0.0	1070
EF_RS15930	45	79.459	555	110	4	1	553	5524	4972	5.14e-109	390
EF_RS15940	45	91.146	192	17	0	1	192	5946	5755	9.59e-71	261
EF_RS15970	45	83.900	559	87	3	19	574	8130	7572	2.15e-151	531
EF_RS16045	53	93.750	1152	71	1	1	1152	347	1497	0.0	1727
EF_RS16080	73	99.267	409	3	0	273	681	463	55	0.0	739
EF_RS16080	74	99.216	255	2	0	18	272	1	255	3.37e-130	460
EF_RS16080	57	89.706	272	26	2	1	271	4242	4512	9.86e-96	346
EF_RS16100	77	100.000	37	0	0	1011	1047	1	37	3.72e-12	69.4
EF_RS16100	44	100.000	37	0	0	1011	1047	55	19	3.72e-12	69.4
EF_RS16105	73	99.511	409	2	0	273	681	463	55	0.0	745
EF_RS16105	74	99.608	255	1	0	18	272	1	255	7.25e-132	466
EF_RS16105	57	90.441	272	24	2	1	271	4242	4512	4.55e-99	357
EF_RS16135	53	97.835	231	5	0	22	252	1	231	2.63e-112	399
EF_RS16140	53	94.792	1152	59	1	1	1152	347	1497	0.0	1794
EF_RS16190	73	99.511	409	2	0	273	681	463	55	0.0	745
EF_RS16190	74	99.608	255	1	0	18	272	1	255	7.25e-132	466
EF_RS16190	57	90.441	272	24	2	1	271	4242	4512	4.55e-99	357
EF_RS16205	73	99.511	409	2	0	273	681	463	55	0.0	745
EF_RS16205	74	99.608	255	1	0	18	272	1	255	7.25e-132	466
EF_RS16205	57	90.441	272	24	2	1	271	4242	4512	4.55e-99	357
EF_RS16220	73	99.511	409	2	0	273	681	463	55	0.0	745
EF_RS16220	74	99.608	255	1	0	18	272	1	255	7.25e-132	466
EF_RS16220	57	90.441	272	24	2	1	271	4242	4512	4.55e-99	357
EF_RS16225	44	100.000	38	0	0	455	492	56	19	4.75e-13	71.3
EF_RS16225	77	100.000	37	0	0	456	492	1	37	1.71e-12	69.4
EF_RS16645	42	98.026	152	3	0	1	152	7273	7424	5.73e-72	265
EF_RS16245	42	94.130	477	28	0	1	477	8120	7644	0.0	726
EF_RS16250	42	97.285	1326	36	0	1	1326	9584	8259	0.0	2250
EF_RS16255	42	96.268	777	8	1	1	756	10366	9590	0.0	1254
EF_RS16255	45	80.721	555	103	4	1	553	5524	4972	1.06e-120	429
EF_RS16260	42	99.251	267	2	0	1	267	10793	10527	2.70e-137	483
EF_RS16265	42	99.454	183	1	0	1	183	10982	10800	1.90e-92	333
EF_RS16285	45	86.861	137	18	0	1	137	10226	10090	2.26e-37	154
EF_RS16290	49	99.394	165	1	0	1	165	256	92	4.43e-82	300
EF_RS16295	49	99.158	2493	21	0	1	2493	2705	213	0.0	4488
EF_RS16300	49	99.564	459	2	0	1	459	3268	2810	0.0	837
EF_RS16305	49	100.000	390	0	0	1	390	4261	3872	0.0	721
EF_RS16310	49	99.638	276	1	0	1	276	4536	4261	5.95e-144	505
EF_RS16315	49	99.903	1035	1	0	1	1035	5560	4526	0.0	1906
EF_RS16320	49	100.000	113	0	0	203	315	5665	5553	6.02e-55	209
EF_RS16365	49	94.005	417	25	0	1	417	6081	5665	0.0	632
EF_RS16370	49	83.680	337	50	5	1	336	6720	6388	4.78e-86	313
EF_RS16385	49	99.720	357	1	0	1	357	7788	7432	0.0	654
EF_RS16390	73	99.511	409	2	0	273	681	463	55	0.0	745
EF_RS16390	74	99.608	255	1	0	18	272	1	255	7.25e-132	466
EF_RS16390	57	90.441	272	24	2	1	271	4242	4512	4.55e-99	357
EF_RS16425	73	99.511	409	2	0	273	681	463	55	0.0	745
EF_RS16425	74	99.608	255	1	0	18	272	1	255	7.25e-132	466
EF_RS16425	57	90.441	272	24	2	1	271	4242	4512	4.55e-99	357
EF_RS16485	42	91.925	161	13	0	143	303	779	619	5.73e-60	226
EF_RS16490	53	98.042	613	12	0	612	1224	5442	6054	0.0	1066
EF_RS16490	42	97.895	190	4	0	1	190	190	1	1.97e-90	329
EL279_RS14715	64	94.751	381	20	0	1	381	2268	1888	1.74e-170	593
EL279_RS14735	49	83.383	337	51	5	1	336	6720	6388	2.22e-84	307
EL279_RS14740	49	96.403	417	15	0	1	417	6081	5665	0.0	688
EL279_RS14790	49	100.000	113	0	0	188	300	5665	5553	5.71e-55	209
EL279_RS14795	49	98.647	1035	14	0	1	1035	5560	4526	0.0	1834
EL279_RS14800	49	99.638	276	1	0	1	276	4536	4261	5.95e-144	505
EL279_RS14805	49	100.000	390	0	0	1	390	4261	3872	0.0	721
EL279_RS14810	49	100.000	483	0	0	1	483	3840	3358	0.0	893
EL279_RS14815	49	100.000	459	0	0	1	459	3268	2810	0.0	848
EL279_RS14820	49	99.158	2493	21	0	1	2493	2705	213	0.0	4488
EL279_RS14825	49	98.788	165	2	0	1	165	256	92	2.06e-80	294
EL279_RS14830	45	86.861	137	18	0	1	137	10226	10090	2.26e-37	154
EL279_RS14860	42	99.454	183	1	0	1	183	10982	10800	1.90e-92	333
EL279_RS14865	42	99.251	267	2	0	1	267	10793	10527	2.70e-137	483
EL279_RS14870	42	99.228	777	6	0	1	777	10366	9590	0.0	1402
EL279_RS14870	45	80.360	555	105	4	1	553	5524	4972	2.36e-117	418
EL279_RS14875	42	99.476	1335	7	0	1	1335	9593	8259	0.0	2427
EL279_RS14880	42	94.130	477	28	0	1	477	8120	7644	0.0	726
EL279_RS14885	42	98.370	184	3	0	1	184	7241	7424	1.16e-89	324
EL279_RS14885	35	83.333	60	10	0	21	80	7053	7112	4.66e-09	56.5
EL279_RS14895	73	99.511	409	2	0	273	681	463	55	0.0	745
EL279_RS14895	74	99.608	255	1	0	18	272	1	255	7.25e-132	466
EL279_RS14895	57	90.441	272	24	2	1	271	4242	4512	4.55e-99	357
EL279_RS14905	74	91.765	255	21	0	18	272	1	255	1.64e-98	355
EL279_RS14905	57	86.891	267	33	2	6	271	4247	4512	2.80e-81	298
EL279_RS14940	74	94.118	255	15	0	18	272	1	255	1.61e-108	388
EL279_RS14970	73	99.267	409	3	0	273	681	463	55	0.0	739
EL279_RS14970	74	99.608	255	1	0	18	272	1	255	7.25e-132	466
EL279_RS14970	57	90.441	272	24	2	1	271	4242	4512	4.55e-99	357
EL279_RS14990	34	94.444	252	14	0	4	255	252	1	4.45e-108	388
EL279_RS15040	73	99.022	409	4	0	273	681	463	55	0.0	734
EL279_RS15040	74	99.608	255	1	0	18	272	1	255	7.25e-132	466
EL279_RS15040	57	90.441	272	24	2	1	271	4242	4512	4.55e-99	357
EL279_RS15055	1	100.000	1179	0	0	1	1179	258401	259579	0.0	2178
EL279_RS15185	1	100.000	1179	0	0	1	1179	258401	259579	0.0	2178
EL279_RS16270	41	93.103	87	6	0	1	87	14722	14808	6.96e-31	128
EL279_RS15235	41	94.667	600	32	0	1	600	14074	14673	0.0	931
EL279_RS15240	41	95.922	1128	45	1	1	1127	4452	3325	0.0	1827
EL279_RS15300	49	88.268	358	40	2	1	357	6081	5725	2.02e-119	427
EL279_RS15610	53	98.701	231	3	0	22	252	1	231	1.21e-115	411
EL279_RS15615	53	97.309	1152	30	1	1	1152	347	1497	0.0	1954
EL279_RS15650	34	87.276	558	70	1	7	564	2236	1680	0.0	636
EL279_RS15655	34	98.574	561	8	0	1	561	561	1	0.0	992
EL279_RS15655	58	74.451	638	132	25	1	623	1741	2362	3.31e-65	246
EL279_RS15900	73	98.044	409	8	0	273	681	463	55	0.0	712
EL279_RS15900	74	99.608	255	1	0	18	272	1	255	7.25e-132	466
EL279_RS15900	57	90.441	272	24	2	1	271	4242	4512	4.55e-99	357
EL279_RS15915	73	99.267	409	3	0	273	681	463	55	0.0	739
EL279_RS15915	74	99.608	255	1	0	18	272	1	255	7.25e-132	466
EL279_RS15915	57	90.441	272	24	2	1	271	4242	4512	4.55e-99	357
EL279_RS15925	42	97.735	618	14	0	1	618	2392	1775	0.0	1064
EL279_RS15930	42	99.667	300	1	0	1	300	1734	1435	2.96e-157	549
EL279_RS15935	42	100.000	198	0	0	1	198	1401	1204	2.04e-102	366
EL279_RS15940	42	95.327	214	10	0	1	214	843	630	1.53e-94	340
EL279_RS15960	73	98.289	409	7	0	273	681	463	55	0.0	717
EL279_RS15960	74	99.216	255	2	0	18	272	1	255	3.37e-130	460
EL279_RS15960	57	90.074	272	25	2	1	271	4242	4512	2.12e-97	351
EL279_RS15985	73	98.778	409	5	0	273	681	463	55	0.0	728
EL279_RS15985	74	99.216	255	2	0	18	272	1	255	3.37e-130	460
EL279_RS15985	57	90.074	272	25	2	1	271	4242	4512	2.12e-97	351
EL240_RS14720	64	94.751	381	20	0	1	381	2268	1888	1.74e-170	593
EL240_RS14740	49	83.383	337	51	5	1	336	6720	6388	2.22e-84	307
EL240_RS14745	49	96.403	417	15	0	1	417	6081	5665	0.0	688
EL240_RS14795	49	100.000	113	0	0	188	300	5665	5553	5.71e-55	209
EL240_RS14800	49	98.647	1035	14	0	1	1035	5560	4526	0.0	1834
EL240_RS14805	49	99.638	276	1	0	1	276	4536	4261	5.95e-144	505
EL240_RS14810	49	100.000	390	0	0	1	390	4261	3872	0.0	721
EL240_RS14815	49	100.000	483	0	0	1	483	3840	3358	0.0	893
EL240_RS14820	49	100.000	459	0	0	1	459	3268	2810	0.0	848
EL240_RS14825	49	99.158	2493	21	0	1	2493	2705	213	0.0	4488
EL240_RS14830	49	98.788	165	2	0	1	165	256	92	2.06e-80	294
EL240_RS14835	45	86.861	137	18	0	1	137	10226	10090	2.26e-37	154
EL240_RS14865	42	99.454	183	1	0	1	183	10982	10800	1.90e-92	333
EL240_RS14870	42	99.251	267	2	0	1	267	10793	10527	2.70e-137	483
EL240_RS14875	42	99.228	777	6	0	1	777	10366	9590	0.0	1402
EL240_RS14875	45	80.360	555	105	4	1	553	5524	4972	2.36e-117	418
EL240_RS14880	42	99.476	1335	7	0	1	1335	9593	8259	0.0	2427
EL240_RS14885	42	94.130	477	28	0	1	477	8120	7644	0.0	726
EL240_RS14890	42	98.370	184	3	0	1	184	7241	7424	1.16e-89	324
EL240_RS14890	35	83.333	60	10	0	21	80	7053	7112	4.66e-09	56.5
EL240_RS14900	73	99.511	409	2	0	273	681	463	55	0.0	745
EL240_RS14900	74	99.608	255	1	0	18	272	1	255	7.25e-132	466
EL240_RS14900	57	90.441	272	24	2	1	271	4242	4512	4.55e-99	357
EL240_RS14910	74	91.765	255	21	0	18	272	1	255	1.64e-98	355
EL240_RS14910	57	86.891	267	33	2	6	271	4247	4512	2.80e-81	298
EL240_RS14945	74	94.118	255	15	0	18	272	1	255	1.61e-108	388
EL240_RS14975	73	99.267	409	3	0	273	681	463	55	0.0	739
EL240_RS14975	74	99.608	255	1	0	18	272	1	255	7.25e-132	466
EL240_RS14975	57	90.441	272	24	2	1	271	4242	4512	4.55e-99	357
EL240_RS14995	34	94.444	252	14	0	4	255	252	1	4.45e-108	388
EL240_RS15045	73	99.022	409	4	0	273	681	463	55	0.0	734
EL240_RS15045	74	99.608	255	1	0	18	272	1	255	7.25e-132	466
EL240_RS15045	57	90.441	272	24	2	1	271	4242	4512	4.55e-99	357
EL240_RS15060	1	100.000	1179	0	0	1	1179	258401	259579	0.0	2178
EL240_RS15190	1	100.000	1179	0	0	1	1179	258401	259579	0.0	2178
EL240_RS16095	41	93.103	87	6	0	1	87	14722	14808	6.96e-31	128
EL240_RS15240	41	94.667	600	32	0	1	600	14074	14673	0.0	931
EL240_RS15245	41	95.922	1128	45	1	1	1127	4452	3325	0.0	1827
EL240_RS15305	49	88.268	358	40	2	1	357	6081	5725	2.02e-119	427
EL240_RS15615	53	98.701	231	3	0	22	252	1	231	1.21e-115	411
EL240_RS15620	53	97.309	1152	30	1	1	1152	347	1497	0.0	1954
EL240_RS15655	34	87.276	558	70	1	7	564	2236	1680	0.0	636
EL240_RS15660	34	98.574	561	8	0	1	561	561	1	0.0	992
EL240_RS15660	58	74.451	638	132	25	1	623	1741	2362	3.31e-65	246
EL240_RS15905	73	98.044	409	8	0	273	681	463	55	0.0	712
EL240_RS15905	74	99.608	255	1	0	18	272	1	255	7.25e-132	466
EL240_RS15905	57	90.441	272	24	2	1	271	4242	4512	4.55e-99	357
EL240_RS15920	73	99.267	409	3	0	273	681	463	55	0.0	739
EL240_RS15920	74	99.608	255	1	0	18	272	1	255	7.25e-132	466
EL240_RS15920	57	90.441	272	24	2	1	271	4242	4512	4.55e-99	357
EL240_RS15930	42	97.735	618	14	0	1	618	2392	1775	0.0	1064
EL240_RS15935	42	99.667	300	1	0	1	300	1734	1435	2.96e-157	549
EL240_RS15940	42	100.000	198	0	0	1	198	1401	1204	2.04e-102	366
EL240_RS15945	42	95.327	214	10	0	1	214	843	630	1.53e-94	340
EL240_RS15965	73	98.289	409	7	0	273	681	463	55	0.0	717
EL240_RS15965	74	99.216	255	2	0	18	272	1	255	3.37e-130	460
EL240_RS15965	57	90.074	272	25	2	1	271	4242	4512	2.12e-97	351
EL240_RS15990	73	98.778	409	5	0	273	681	463	55	0.0	728
EL240_RS15990	74	99.216	255	2	0	18	272	1	255	3.37e-130	460
EL240_RS15990	57	90.074	272	25	2	1	271	4242	4512	2.12e-97	351
FOV01_RS13270	25	88.922	334	37	0	2	335	1703	1370	6.45e-116	412
FOV01_RS13340	25	98.413	378	6	0	1	378	30631	30254	0.0	665
FOV01_RS13345	49	90.647	417	39	0	1	417	6081	5665	8.89e-158	555
FOV01_RS13395	49	86.022	372	52	0	1	372	3268	2897	5.26e-112	399
FOV01_RS13400	49	99.487	390	2	0	1	390	4261	3872	0.0	710
FOV01_RS13405	49	98.913	276	3	0	1	276	4536	4261	1.29e-140	494
FOV01_RS13410	49	99.614	1035	4	0	1	1035	5560	4526	0.0	1890
FOV01_RS13415	49	100.000	113	0	0	203	315	5665	5553	6.02e-55	209
FOV01_RS13465	49	94.495	218	12	0	1	218	5882	5665	3.33e-92	337
FOV01_RS13570	45	86.861	137	18	0	1	137	10226	10090	2.26e-37	154
FOV01_RS13575	49	99.394	165	1	0	1	165	256	92	4.42e-82	300
FOV01_RS13580	49	98.355	2493	41	0	1	2493	2705	213	0.0	4377
FOV01_RS13595	73	99.511	409	2	0	273	681	463	55	0.0	745
FOV01_RS13595	74	99.608	255	1	0	18	272	1	255	7.25e-132	466
FOV01_RS13595	57	90.441	272	24	2	1	271	4242	4512	4.55e-99	357
FOV01_RS13630	41	96.078	255	10	0	1	255	4452	4198	2.64e-117	416
FOV01_RS13635	41	96.380	221	8	0	1	221	4087	3867	9.70e-102	364
FOV01_RS13645	41	94.291	543	31	0	31	573	3868	3326	0.0	832
FOV01_RS13665	73	99.511	409	2	0	273	681	463	55	0.0	745
FOV01_RS13665	74	99.608	255	1	0	18	272	1	255	7.25e-132	466
FOV01_RS13665	57	90.441	272	24	2	1	271	4242	4512	4.55e-99	357
FOV01_RS13670	74	99.408	169	1	0	18	186	1	169	1.17e-84	307
FOV01_RS13675	74	100.000	88	0	0	18	105	1	88	1.39e-41	163
FOV01_RS13720	73	99.511	409	2	0	273	681	463	55	0.0	745
FOV01_RS13720	74	99.608	255	1	0	18	272	1	255	7.25e-132	466
FOV01_RS13720	57	90.441	272	24	2	1	271	4242	4512	4.55e-99	357
FOV01_RS13780	53	98.203	612	11	0	612	1223	5442	6053	0.0	1070
FOV01_RS13780	42	100.000	190	0	0	1	190	190	1	4.20e-97	351
FOV01_RS13785	42	99.111	225	2	0	1	225	843	619	4.99e-114	405
FOV01_RS13790	42	93.443	122	8	0	1	122	1401	1280	4.60e-47	182
FOV01_RS13795	42	98.667	300	4	0	1	300	1734	1435	2.98e-152	532
FOV01_RS13800	42	98.058	618	12	0	1	618	2392	1775	0.0	1075
HTF90_RS00005	63	75.841	1130	240	27	19	1128	1028	2144	5.81e-155	544
HTF90_RS00005	58	75.332	1131	253	24	17	1134	1271	154	9.78e-148	520
HTF90_RS00045	67	99.358	467	3	0	368	834	1835	1369	0.0	846
HTF90_RS00050	67	86.509	593	76	4	1	591	1363	773	0.0	649
HTF90_RS00055	67	89.615	260	24	3	1	259	645	388	1.43e-90	327
HTG14_RS00030	73	97.805	410	8	1	273	682	463	55	0.0	706
HTG14_RS00030	74	96.471	255	9	0	18	272	1	255	1.59e-118	422
HTG14_RS00030	57	87.868	272	31	2	1	271	4242	4512	2.15e-87	318
HTG14_RS00160	73	98.778	409	5	0	273	681	463	55	0.0	728
HTG14_RS00160	74	99.216	255	2	0	18	272	1	255	3.37e-130	460
HTG14_RS00160	57	90.074	272	25	2	1	271	4242	4512	2.12e-97	351
HTG14_RS00175	41	94.291	543	31	0	31	573	3868	3326	0.0	832
HTG14_RS00185	41	96.380	221	8	0	1	221	4087	3867	9.70e-102	364
HTG14_RS00190	41	96.078	255	10	0	1	255	4452	4198	2.64e-117	416
HTG24_RS00060	53	98.039	612	12	0	612	1223	5442	6053	0.0	1064
HTG24_RS00060	42	100.000	190	0	0	1	190	190	1	4.20e-97	351
HTG24_RS00065	42	99.556	225	1	0	1	225	843	619	1.07e-115	411
HTG24_RS00085	42	99.333	300	2	0	1	300	1734	1435	1.38e-155	544
HTG24_RS00090	42	97.249	618	17	0	1	618	2392	1775	0.0	1048
HTG24_RS00215	25	87.202	336	41	2	1	335	1704	1370	1.82e-106	381
HTG24_RS00290	25	98.187	386	7	0	1	386	30631	30246	0.0	675
HTG24_RS00295	49	87.112	419	50	4	1	417	6081	5665	9.22e-133	472
HTG24_RS00310	41	100.000	35	0	0	2487	2521	4565	4531	1.18e-10	65.8
HTG28_RS00030	73	97.805	410	8	1	273	682	463	55	0.0	706
HTG28_RS00030	74	96.471	255	9	0	18	272	1	255	1.59e-118	422
HTG28_RS00030	57	87.868	272	31	2	1	271	4242	4512	2.15e-87	318
HTG28_RS00160	73	98.778	409	5	0	273	681	463	55	0.0	728
HTG28_RS00160	74	99.216	255	2	0	18	272	1	255	3.37e-130	460
HTG28_RS00160	57	90.074	272	25	2	1	271	4242	4512	2.12e-97	351
HTG28_RS00175	41	94.291	543	31	0	31	573	3868	3326	0.0	832
HTG28_RS00185	41	96.380	221	8	0	1	221	4087	3867	9.70e-102	364
HTG28_RS00190	41	96.078	255	10	0	1	255	4452	4198	2.64e-117	416
HTG27_RS00030	73	97.805	410	8	1	273	682	463	55	0.0	706
HTG27_RS00030	74	96.471	255	9	0	18	272	1	255	1.59e-118	422
HTG27_RS00030	57	87.868	272	31	2	1	271	4242	4512	2.15e-87	318
HTG27_RS00160	73	98.778	409	5	0	273	681	463	55	0.0	728
HTG27_RS00160	74	99.216	255	2	0	18	272	1	255	3.37e-130	460
HTG27_RS00160	57	90.074	272	25	2	1	271	4242	4512	2.12e-97	351
HTG27_RS00175	41	94.291	543	31	0	31	573	3868	3326	0.0	832
HTG27_RS00185	41	96.380	221	8	0	1	221	4087	3867	9.70e-102	364
HTG27_RS00190	41	96.078	255	10	0	1	255	4452	4198	2.64e-117	416
HTG21_RS00030	73	97.805	410	8	1	273	682	463	55	0.0	706
HTG21_RS00030	74	96.471	255	9	0	18	272	1	255	1.59e-118	422
HTG21_RS00030	57	87.868	272	31	2	1	271	4242	4512	2.15e-87	318
HTG21_RS00155	73	98.778	409	5	0	273	681	463	55	0.0	728
HTG21_RS00155	74	99.216	255	2	0	18	272	1	255	3.37e-130	460
HTG21_RS00155	57	90.074	272	25	2	1	271	4242	4512	2.12e-97	351
HTG21_RS00170	41	94.291	543	31	0	31	573	3868	3326	0.0	832
HTG21_RS00180	41	96.380	221	8	0	1	221	4087	3867	9.70e-102	364
HTG21_RS00185	41	96.078	255	10	0	1	255	4452	4198	2.64e-117	416
HTG44_RS00030	73	98.049	410	7	1	273	682	463	55	0.0	712
HTG44_RS00030	74	96.471	255	9	0	18	272	1	255	1.59e-118	422
HTG44_RS00030	57	87.868	272	31	2	1	271	4242	4512	2.15e-87	318
HTG44_RS00160	73	98.533	409	6	0	273	681	463	55	0.0	723
HTG44_RS00160	74	99.216	255	2	0	18	272	1	255	3.37e-130	460
HTG44_RS00160	57	90.074	272	25	2	1	271	4242	4512	2.12e-97	351
HTG44_RS00175	41	94.291	543	31	0	31	573	3868	3326	0.0	832
HTG44_RS00185	41	96.380	221	8	0	1	221	4087	3867	9.70e-102	364
HTG44_RS00190	41	96.078	255	10	0	1	255	4452	4198	2.64e-117	416
HTK17_RS00020	73	98.044	409	8	0	273	681	463	55	0.0	712
HTK17_RS00020	74	99.216	255	2	0	18	272	1	255	3.37e-130	460
HTK17_RS00020	57	90.074	272	25	2	1	271	4242	4512	2.12e-97	351
HTK17_RS00025	44	100.000	51	0	0	718	768	59	9	4.46e-20	95.3
HTK17_RS00025	77	100.000	47	0	0	722	768	1	47	7.47e-18	87.9
HTK17_RS00055	73	98.044	409	8	0	273	681	463	55	0.0	712
HTK17_RS00055	74	99.216	255	2	0	18	272	1	255	3.37e-130	460
HTK17_RS00055	57	90.074	272	25	2	1	271	4242	4512	2.12e-97	351
HTK17_RS00060	67	98.715	467	6	0	368	834	1835	1369	0.0	830
HTK17_RS00065	67	85.811	592	82	2	1	591	1363	773	2.72e-180	627
HTK17_RS00075	58	80.789	989	174	12	9	989	1288	308	0.0	760
HTK17_RS00075	77	98.864	88	1	0	990	1077	1	88	7.93e-39	158
HTK17_RS00075	44	100.000	55	0	0	990	1044	55	1	3.77e-22	102
HTK17_RS00080	73	99.511	409	2	0	273	681	463	55	0.0	745
HTK17_RS00080	74	99.216	255	2	0	18	272	1	255	3.37e-130	460
HTK17_RS00080	57	90.074	272	25	2	1	271	4242	4512	2.12e-97	351
HTK17_RS00095	73	99.756	409	1	0	273	681	463	55	0.0	750
HTK17_RS00095	74	99.608	255	1	0	18	272	1	255	7.25e-132	466
HTK17_RS00095	57	90.441	272	24	2	1	271	4242	4512	4.55e-99	357
HTK17_RS00145	73	99.511	409	2	0	273	681	463	55	0.0	745
HTK17_RS00145	74	98.824	255	3	0	18	272	1	255	1.57e-128	455
HTK17_RS00145	57	90.441	272	24	2	1	271	4242	4512	4.55e-99	357
HTK17_RS00160	73	99.511	409	2	0	273	681	463	55	0.0	745
HTK17_RS00160	74	99.216	255	2	0	18	272	1	255	3.37e-130	460
HTK17_RS00160	57	90.074	272	25	2	1	271	4242	4512	2.12e-97	351
HTK17_RS00240	41	95.922	1128	44	1	1	1126	4452	3325	0.0	1827
HTK17_RS00285	45	87.437	199	25	0	5	203	7787	7589	3.22e-61	230
HTK17_RS00295	42	76.991	339	68	10	37	370	8675	8342	1.49e-47	185
HTK17_RS00310	64	98.920	926	10	0	1	926	926	1	0.0	1655
HTK17_RS00315	64	100.000	357	0	0	1	357	1283	927	0.0	660
HTK17_RS00390	73	99.511	409	2	0	273	681	463	55	0.0	745
HTK17_RS00390	74	99.608	255	1	0	18	272	1	255	7.25e-132	466
HTK17_RS00390	57	90.441	272	24	2	1	271	4242	4512	4.55e-99	357
HTK87_RS00065	53	93.750	1152	71	1	1	1152	347	1497	0.0	1727
HTK87_RS00195	25	81.737	334	61	0	2	335	1703	1370	6.74e-76	279
HTL21_RS00025	73	99.511	409	2	0	273	681	463	55	0.0	745
HTL21_RS00025	74	99.608	255	1	0	18	272	1	255	7.25e-132	466
HTL21_RS00025	57	90.441	272	24	2	1	271	4242	4512	4.55e-99	357
HTL21_RS00060	73	99.511	409	2	0	273	681	463	55	0.0	745
HTL21_RS00060	74	99.608	255	1	0	18	272	1	255	7.25e-132	466
HTL21_RS00060	57	90.441	272	24	2	1	271	4242	4512	4.55e-99	357
HTL21_RS00110	73	99.511	409	2	0	273	681	463	55	0.0	745
HTL21_RS00110	74	99.608	255	1	0	18	272	1	255	7.25e-132	466
HTL21_RS00110	57	90.441	272	24	2	1	271	4242	4512	4.55e-99	357
HTL21_RS00140	73	99.511	409	2	0	273	681	463	55	0.0	745
HTL21_RS00140	74	99.216	255	2	0	18	272	1	255	3.37e-130	460
HTL21_RS00140	57	90.074	272	25	2	1	271	4242	4512	2.12e-97	351
HTL21_RS00205	73	99.511	409	2	0	273	681	463	55	0.0	745
HTL21_RS00205	74	99.608	255	1	0	18	272	1	255	7.25e-132	466
HTL21_RS00205	57	90.441	272	24	2	1	271	4242	4512	4.55e-99	357
HTL02_RS00005	73	99.511	409	2	0	273	681	463	55	0.0	745
HTL02_RS00005	74	99.608	255	1	0	18	272	1	255	7.25e-132	466
HTL02_RS00005	57	90.441	272	24	2	1	271	4242	4512	4.55e-99	357
HTL02_RS00035	73	99.511	409	2	0	273	681	463	55	0.0	745
HTL02_RS00035	74	99.216	255	2	0	18	272	1	255	3.37e-130	460
HTL02_RS00035	57	90.074	272	25	2	1	271	4242	4512	2.12e-97	351
HTL02_RS00100	73	99.511	409	2	0	273	681	463	55	0.0	745
HTL02_RS00100	74	99.608	255	1	0	18	272	1	255	7.25e-132	466
HTL02_RS00100	57	90.441	272	24	2	1	271	4242	4512	4.55e-99	357
HTL02_RS00135	73	99.511	409	2	0	273	681	463	55	0.0	745
HTL02_RS00135	74	99.608	255	1	0	18	272	1	255	7.25e-132	466
HTL02_RS00135	57	90.441	272	24	2	1	271	4242	4512	4.55e-99	357
HTL57_RS00220	53	85.554	1156	158	8	1	1152	347	1497	0.0	1201
HTL57_RS00400	17	77.329	322	71	2	1	321	26220	26540	1.26e-48	189
HTL57_RS00670	49	82.298	322	52	5	1	321	6720	6403	2.30e-74	274
HTM13_RS00005	73	98.267	404	7	0	273	676	463	60	0.0	708
HTM13_RS00005	74	99.608	255	1	0	18	272	1	255	7.71e-132	466
HTM13_RS00005	57	90.441	272	24	2	1	271	4242	4512	4.84e-99	357
HTM13_RS00005	77	100.000	47	0	0	677	723	1	47	7.02e-18	87.9
HTM13_RS00005	44	100.000	47	0	0	677	723	55	9	7.02e-18	87.9
HTM13_RS00010	73	98.289	409	7	0	279	687	463	55	0.0	717
HTM13_RS00010	74	99.608	255	1	0	24	278	1	255	7.32e-132	466
HTM13_RS00010	57	90.476	273	24	2	6	277	4241	4512	1.28e-99	359
HTM13_RS00015	53	92.342	444	33	1	1	444	1055	1497	0.0	630
HTQ42_RS00065	64	96.919	357	11	0	1	357	1283	927	3.49e-172	599
HTQ42_RS00070	64	94.595	925	46	4	1	923	926	4	0.0	1428
HTQ42_RS00085	42	78.292	1253	253	18	17	1261	9583	8342	0.0	789
HTQ42_RS00090	45	84.730	537	80	2	1	536	5524	4989	6.27e-153	536
HTQ42_RS00100	45	91.146	192	17	0	1	192	5946	5755	9.59e-71	261
HTQ42_RS00140	45	84.079	559	86	3	19	574	8130	7572	4.61e-153	536
HTQ42_RS00210	64	96.588	381	13	0	1	381	2268	1888	0.0	632
HTQ42_RS00215	64	98.649	222	3	0	1	222	1837	1616	1.06e-110	394
HTQ42_RS00230	49	83.383	337	51	5	1	336	6720	6388	2.22e-84	307
HTQ42_RS00235	49	90.647	417	39	0	1	417	6081	5665	8.89e-158	555
HTV08_RS00025	73	100.000	51	0	0	1	51	51	1	3.05e-20	95.3
HTV08_RS00030	73	99.511	409	2	0	273	681	463	55	0.0	745
HTV08_RS00030	74	99.216	255	2	0	18	272	1	255	3.37e-130	460
HTV08_RS00030	57	90.074	272	25	2	1	271	4242	4512	2.12e-97	351
HTV08_RS00040	73	99.756	409	1	0	273	681	463	55	0.0	750
HTV08_RS00040	74	99.608	255	1	0	18	272	1	255	7.25e-132	466
HTV08_RS00040	57	90.441	272	24	2	1	271	4242	4512	4.55e-99	357
HTV08_RS00045	67	85.642	592	83	2	1	591	1363	773	1.26e-178	621
HTV08_RS00050	67	89.615	260	24	3	1	259	645	388	1.43e-90	327
HTV08_RS00065	58	76.190	1155	235	37	9	1143	1288	154	7.42e-164	573
HTV08_RS00090	67	85.128	585	87	0	7	591	1357	773	5.93e-172	599
HTW12_RS00005	73	99.511	409	2	0	273	681	463	55	0.0	745
HTW12_RS00005	74	99.608	255	1	0	18	272	1	255	7.25e-132	466
HTW12_RS00005	57	90.441	272	24	2	1	271	4242	4512	4.55e-99	357
HTW12_RS00010	77	100.000	37	0	0	936	972	1	37	3.44e-12	69.4
HTW12_RS00010	44	100.000	37	0	0	936	972	55	19	3.44e-12	69.4
HTW12_RS00040	73	99.511	409	2	0	273	681	463	55	0.0	745
HTW12_RS00040	74	99.608	255	1	0	18	272	1	255	7.25e-132	466
HTW12_RS00040	57	90.441	272	24	2	1	271	4242	4512	4.55e-99	357
HTW12_RS00200	34	96.085	562	20	2	1	561	561	1	0.0	915
HTW12_RS00200	58	74.491	639	130	28	1	623	1741	2362	3.31e-65	246
HTW12_RS00205	34	87.207	555	71	0	7	561	2236	1682	0.0	632
HTW12_RS00215	73	99.511	409	2	0	272	680	463	55	0.0	745
HTW12_RS00215	74	99.216	255	1	1	18	271	1	255	1.21e-129	459
HTW12_RS00215	57	90.074	272	24	3	1	270	4242	4512	7.61e-97	350
HTW12_RS00220	73	100.000	51	0	0	1	51	51	1	3.05e-20	95.3
HTW12_RS00255	67	85.128	585	87	0	7	591	1357	773	5.93e-172	599
HTW12_RS00280	58	76.190	1155	235	37	9	1143	1288	154	7.42e-164	573
HTW12_RS00295	67	89.615	260	24	3	1	259	645	388	1.43e-90	327
HTW12_RS00300	67	85.642	592	83	2	1	591	1363	773	1.26e-178	621
HTW12_RS00305	73	99.756	409	1	0	273	681	463	55	0.0	750
HTW12_RS00305	74	99.608	255	1	0	18	272	1	255	7.25e-132	466
HTW12_RS00305	57	90.441	272	24	2	1	271	4242	4512	4.55e-99	357
HTW12_RS00315	73	99.511	409	2	0	273	681	463	55	0.0	745
HTW12_RS00315	74	99.216	255	2	0	18	272	1	255	3.37e-130	460
HTW12_RS00315	57	90.074	272	25	2	1	271	4242	4512	2.12e-97	351
HTW12_RS00320	26	88.235	102	12	0	1	102	3068	2967	1.70e-28	122
HTW12_RS00345	42	84.737	760	109	7	21	776	6388	5632	0.0	754
HTW12_RS00350	42	89.899	198	17	1	1	198	6736	6542	5.97e-68	252
HTW12_RS00355	42	98.370	184	3	0	1	184	7241	7424	1.16e-89	324
HTW12_RS00355	35	83.333	60	10	0	21	80	7053	7112	4.66e-09	56.5
HTW12_RS00360	42	94.130	477	28	0	1	477	8120	7644	0.0	726
HTW12_RS00365	42	99.476	1335	7	0	1	1335	9593	8259	0.0	2427
HTW12_RS00370	42	99.228	777	6	0	1	777	10366	9590	0.0	1402
HTW12_RS00370	45	80.360	555	105	4	1	553	5524	4972	2.36e-117	418
HTW12_RS00375	42	99.251	267	2	0	1	267	10793	10527	2.70e-137	483
HTW12_RS00380	42	99.454	183	1	0	1	183	10982	10800	1.90e-92	333
HTW12_RS00400	45	86.861	137	18	0	1	137	10226	10090	2.26e-37	154
HTW12_RS00405	49	98.788	165	2	0	1	165	256	92	2.06e-80	294
HTW12_RS00410	49	99.158	2493	21	0	1	2493	2705	213	0.0	4488
HTW12_RS00415	49	100.000	459	0	0	1	459	3268	2810	0.0	848
HTW12_RS00420	49	100.000	483	0	0	1	483	3840	3358	0.0	893
HTW12_RS00425	49	100.000	390	0	0	1	390	4261	3872	0.0	721
HTW12_RS00430	49	99.638	276	1	0	1	276	4536	4261	5.95e-144	505
HTW12_RS00435	49	98.647	1035	14	0	1	1035	5560	4526	0.0	1834
HTW12_RS00440	49	100.000	113	0	0	203	315	5665	5553	6.02e-55	209
HTW12_RS00485	49	96.403	417	15	0	1	417	6081	5665	0.0	688
HTW12_RS00490	49	83.383	337	51	5	1	336	6720	6388	2.22e-84	307
HTW12_RS00505	64	98.649	222	3	0	1	222	1837	1616	1.06e-110	394
HTW12_RS00510	64	94.751	381	20	0	1	381	2268	1888	1.74e-170	593
HTW12_RS00605	73	99.022	409	4	0	273	681	463	55	0.0	734
HTW12_RS00605	74	99.608	255	1	0	18	272	1	255	7.25e-132	466
HTW12_RS00605	57	90.441	272	24	2	1	271	4242	4512	4.55e-99	357
HTX01_RS00010	73	99.511	409	2	0	273	681	463	55	0.0	745
HTX01_RS00010	74	99.608	255	1	0	18	272	1	255	7.25e-132	466
HTX01_RS00010	57	90.441	272	24	2	1	271	4242	4512	4.55e-99	357
HTX01_RS00030	73	99.511	409	2	0	273	681	463	55	0.0	745
HTX01_RS00030	74	99.608	255	1	0	18	272	1	255	7.25e-132	466
HTX01_RS00030	57	90.441	272	24	2	1	271	4242	4512	4.55e-99	357
HTX01_RS00035	77	100.000	37	0	0	1044	1080	1	37	3.84e-12	69.4
HTX01_RS00035	44	100.000	37	0	0	1044	1080	55	19	3.84e-12	69.4
HTX01_RS00070	73	99.511	409	2	0	273	681	463	55	0.0	745
HTX01_RS00070	74	99.216	255	2	0	18	272	1	255	3.37e-130	460
HTX01_RS00070	57	90.074	272	25	2	1	271	4242	4512	2.12e-97	351
HTX01_RS00080	73	99.511	409	2	0	273	681	463	55	0.0	745
HTX01_RS00080	74	99.216	255	2	0	18	272	1	255	3.37e-130	460
HTX01_RS00080	57	90.074	272	25	2	1	271	4242	4512	2.12e-97	351
HTX01_RS00095	73	99.756	409	1	0	273	681	463	55	0.0	750
HTX01_RS00095	74	99.608	255	1	0	18	272	1	255	7.25e-132	466
HTX01_RS00095	57	90.441	272	24	2	1	271	4242	4512	4.55e-99	357
HTX01_RS00100	73	100.000	51	0	0	1	51	51	1	3.05e-20	95.3
HTX01_RS00130	73	99.511	409	2	0	270	678	463	55	0.0	745
HTX01_RS00130	74	98.431	255	1	3	18	269	1	255	9.40e-126	446
HTX01_RS00130	57	89.338	272	24	5	1	268	4242	4512	5.90e-93	337
HTX01_RS00175	73	99.511	409	2	0	271	679	463	55	0.0	745
HTX01_RS00175	74	98.824	255	1	2	18	270	1	255	5.63e-128	453
HTX01_RS00175	57	89.706	272	24	4	1	269	4242	4512	3.53e-95	344
HTX46_RS00070	64	94.751	381	20	0	1	381	2268	1888	1.74e-170	593
HTX46_RS00075	64	98.649	222	3	0	1	222	1837	1616	1.06e-110	394
HTX46_RS00090	49	83.383	337	51	5	1	336	6720	6388	2.22e-84	307
HTX46_RS00095	49	96.403	417	15	0	1	417	6081	5665	0.0	688
HTX46_RS00140	49	100.000	113	0	0	203	315	5665	5553	6.02e-55	209
HTX46_RS00145	49	98.647	1035	14	0	1	1035	5560	4526	0.0	1834
HTX46_RS00150	49	99.275	276	2	0	1	276	4536	4261	2.77e-142	499
HTX46_RS00155	49	100.000	390	0	0	1	390	4261	3872	0.0	721
HTX46_RS00160	49	100.000	483	0	0	1	483	3840	3358	0.0	893
HTX46_RS00165	49	99.782	459	1	0	1	459	3268	2810	0.0	843
HTX46_RS00170	49	99.559	2493	11	0	1	2493	2705	213	0.0	4543
HTX46_RS00175	49	98.047	256	5	0	1	256	256	1	5.50e-126	446
HTX46_RS00180	45	100.000	137	0	0	1	137	10226	10090	2.17e-67	254
HTX46_RS00200	42	99.454	183	1	0	1	183	10982	10800	1.90e-92	333
HTX46_RS00205	42	99.251	267	2	0	1	267	10793	10527	2.70e-137	483
HTX46_RS00210	42	99.228	777	6	0	1	777	10366	9590	0.0	1402
HTX46_RS00210	45	80.360	555	105	4	1	553	5524	4972	2.36e-117	418
HTX46_RS00215	42	99.476	1335	7	0	1	1335	9593	8259	0.0	2427
HTX46_RS00220	42	94.130	477	28	0	1	477	8120	7644	0.0	726
HTX46_RS00225	42	98.370	184	3	0	1	184	7241	7424	1.16e-89	324
HTX46_RS00225	35	83.333	60	10	0	21	80	7053	7112	4.66e-09	56.5
HTX46_RS00230	42	97.436	156	4	0	112	267	11360	11205	2.96e-72	267
HTX46_RS00230	42	93.701	127	6	2	1	126	7197	7072	6.59e-49	189
HTX46_RS00230	45	90.506	158	14	1	110	267	6497	6341	1.82e-54	207
HTX46_RS00235	42	89.899	198	17	1	1	198	6736	6542	5.97e-68	252
HTX46_RS00295	73	99.511	409	2	0	273	681	463	55	0.0	745
HTX46_RS00295	74	99.608	255	1	0	18	272	1	255	7.25e-132	466
HTX46_RS00295	57	90.441	272	24	2	1	271	4242	4512	4.55e-99	357
A6B47_RS14290	49	98.319	357	6	0	1	357	7788	7432	1.60e-180	627
A6B47_RS14475	45	87.828	419	51	0	145	563	8004	7586	1.02e-139	492
A6B47_RS14495	45	92.879	660	36	4	1	649	848	189	0.0	948
A6B47_RS14500	45	95.031	161	8	0	1	161	163	3	1.52e-68	254
A6B47_RS15520	45	93.333	150	10	0	2	151	1013	864	3.58e-59	222
A6B47_RS14555	26	91.368	1031	89	0	1	1031	2081	1051	0.0	1411
A6B47_RS14560	26	89.319	646	67	2	1	645	992	348	0.0	809
A6B47_RS14630	39	96.221	979	25	1	57	1023	18254	17276	0.0	1592
A6B47_RS14655	69	96.667	150	5	0	1	150	1309	1458	1.57e-67	250
A6B47_RS14660	49	84.419	353	47	6	1	349	6081	5733	2.48e-94	340
A6B47_RS14685	69	97.156	211	6	0	1	211	1192	1402	1.76e-99	357
A6B47_RS14690	69	95.763	118	5	0	1	118	697	814	7.49e-50	191
A6B47_RS14695	69	93.600	125	8	0	5	129	276	400	1.53e-48	187
A6B47_RS14695	69	100.000	59	0	0	122	180	555	613	3.42e-25	110
A6B47_RS14955	53	96.970	231	7	0	22	252	1	231	5.68e-109	388
A6B47_RS14990	49	98.599	357	5	0	1	357	7788	7432	0.0	632
A6B47_RS15005	49	90.647	417	39	0	1	417	6081	5665	8.89e-158	555
A6B47_RS15050	49	100.000	113	0	0	203	315	5665	5553	6.02e-55	209
A6B47_RS15055	49	98.551	1035	15	0	1	1035	5560	4526	0.0	1829
A6B47_RS15060	49	99.638	276	1	0	1	276	4536	4261	5.95e-144	505
A6B47_RS15065	49	100.000	390	0	0	1	390	4261	3872	0.0	721
A6B47_RS15070	49	100.000	483	0	0	1	483	3840	3358	0.0	893
A6B47_RS15075	49	100.000	459	0	0	1	459	3268	2810	0.0	848
A6B47_RS15080	49	99.238	2493	19	0	1	2493	2705	213	0.0	4499
A6B47_RS15085	49	97.656	256	6	0	1	256	256	1	2.56e-124	440
A6B47_RS15090	45	99.270	137	1	0	1	137	10226	10090	1.01e-65	248
A6B47_RS15115	45	98.876	267	3	0	1	267	9479	9213	1.26e-135	477
A6B47_RS15120	45	98.182	495	9	0	1	495	9180	8686	0.0	865
A6B47_RS15125	45	99.760	417	1	0	1	417	8588	8172	0.0	765
A6B47_RS15130	45	87.847	576	70	0	1	576	8148	7573	0.0	676
A6B47_RS15140	45	98.872	266	3	0	2	267	7452	7187	4.52e-135	475
A6B47_RS15145	45	98.188	276	5	0	1	276	7194	6919	2.79e-137	483
A6B47_RS15155	45	96.774	186	6	0	1	186	6116	5931	9.06e-86	311
A6B47_RS15160	45	95.312	192	9	0	1	192	5946	5755	4.37e-84	305
A6B47_RS15165	45	94.494	781	41	2	1	780	5524	4745	0.0	1203
A6B47_RS15165	42	80.790	557	101	6	1	554	10366	9813	3.04e-121	431
A6B47_RS15170	45	98.413	1260	20	0	1	1260	4745	3486	0.0	2217
A6B47_RS15180	45	94.513	729	40	0	1	729	2836	2108	0.0	1125
A6B47_RS15185	45	93.674	411	26	0	1	411	1897	1487	4.03e-177	616
A6B47_RS15190	45	97.050	339	10	0	1	339	1401	1063	7.21e-164	571
A6B47_RS15525	45	93.103	174	12	0	1	174	1014	841	3.99e-69	255
A6B47_RS15260	42	93.789	161	10	0	143	303	779	619	5.69e-65	243
A6B47_RS15265	53	97.561	615	12	2	612	1226	5442	6053	0.0	1050
A6B47_RS15265	42	100.000	190	0	0	1	190	190	1	4.21e-97	351
DTO64_RS16040	77	100.000	47	0	0	350	396	1	47	3.75e-18	87.9
DTO64_RS16040	44	100.000	47	0	0	350	396	55	9	3.75e-18	87.9
DTO64_RS16045	73	99.511	409	2	0	273	681	463	55	0.0	745
DTO64_RS16045	74	99.216	255	2	0	18	272	1	255	3.37e-130	460
DTO64_RS16085	73	99.412	340	2	0	273	612	463	124	1.80e-177	617
DTO64_RS16085	74	99.216	255	2	0	18	272	1	255	3.20e-130	460
DTO64_RS16105	73	99.412	340	2	0	273	612	463	124	1.80e-177	617
DTO64_RS16105	74	99.216	255	2	0	18	272	1	255	3.20e-130	460
DTO64_RS16150	46	100.000	87	0	0	1	87	1879	1965	3.95e-41	161
DTO64_RS16160	46	100.000	201	0	0	1	201	2685	2485	4.47e-104	372
DTO64_RS16165	46	96.593	1761	58	1	1	1761	9357	7599	0.0	2918
DTO64_RS16165	46	96.195	1761	66	1	1	1761	4533	2774	0.0	2880
DTO64_RS16175	46	94.949	297	15	0	1	297	418	122	3.04e-132	466
DTO64_RS16175	46	94.276	297	17	0	1	297	5504	5208	6.57e-129	455
DTO64_RS16180	46	78.571	728	126	24	14	723	1261	546	6.00e-128	453
DTO64_RS16180	46	76.081	740	140	28	10	723	6360	5632	2.25e-97	351
DTO64_RS16200	49	100.000	113	0	0	203	315	5665	5553	6.02e-55	209
DTO64_RS16205	49	99.903	1035	1	0	1	1035	5560	4526	0.0	1906
DTO64_RS16210	49	99.638	276	1	0	1	276	4536	4261	5.95e-144	505
DTO64_RS16215	49	100.000	390	0	0	1	390	4261	3872	0.0	721
DTO64_RS16220	49	100.000	483	0	0	1	483	3840	3358	0.0	893
DTO64_RS16225	49	99.782	459	1	0	1	459	3268	2810	0.0	843
DTO64_RS16230	49	99.238	2493	19	0	1	2493	2705	213	0.0	4499
DTO64_RS16235	49	98.795	166	2	0	1	166	256	91	5.77e-81	296
DTO64_RS16245	49	97.647	85	2	0	1	85	175	91	4.84e-36	147
DTO64_RS16275	45	100.000	267	0	0	1	267	9479	9213	1.25e-140	494
DTO64_RS16280	45	100.000	495	0	0	1	495	9180	8686	0.0	915
DTO64_RS16285	45	100.000	417	0	0	1	417	8588	8172	0.0	771
DTO64_RS16290	45	100.000	585	0	0	1	585	8148	7564	0.0	1081
DTO64_RS16295	45	99.625	267	1	0	1	267	7453	7187	5.80e-139	488
DTO64_RS16300	45	100.000	276	0	0	1	276	7194	6919	1.28e-145	510
DTO64_RS16310	45	100.000	186	0	0	1	186	6116	5931	8.93e-96	344
DTO64_RS16315	45	100.000	147	0	0	1	147	5901	5755	3.27e-74	272
DTO64_RS16320	45	100.000	780	0	0	1	780	5524	4745	0.0	1441
DTO64_RS16320	42	80.360	555	105	4	1	553	10366	9814	2.37e-117	418
DTO64_RS16325	45	100.000	1260	0	0	1	1260	4745	3486	0.0	2327
DTO64_RS16335	45	100.000	729	0	0	1	729	2836	2108	0.0	1347
DTO64_RS16340	45	100.000	411	0	0	1	411	1897	1487	0.0	760
DTO64_RS16345	45	100.000	339	0	0	1	339	1401	1063	1.52e-180	627
DTO64_RS17015	45	100.000	174	0	0	1	174	1014	841	3.88e-89	322
DTO64_RS16350	45	100.000	660	0	0	1	660	848	189	0.0	1219
DTO64_RS16845	45	100.000	99	0	0	1	99	99	1	2.21e-47	183
DTO64_RS16410	34	87.421	477	60	0	7	483	2236	1760	4.91e-157	549
DTO64_RS16415	73	99.511	409	2	0	273	681	463	55	0.0	745
DTO64_RS16415	74	99.216	255	2	0	18	272	1	255	3.37e-130	460
DTO64_RS16415	57	90.074	272	25	2	1	271	4242	4512	2.12e-97	351
DTO64_RS16440	42	97.735	618	14	0	1	618	2392	1775	0.0	1064
DTO64_RS16445	42	99.667	300	1	0	1	300	1734	1435	2.96e-157	549
DTO64_RS16450	42	100.000	150	0	0	1	150	1401	1252	8.19e-76	278
DTO64_RS16455	53	100.000	606	0	0	1	606	2165	1560	0.0	1120
DTO64_RS16460	53	99.933	2988	2	0	1	2988	2290	5277	0.0	5507
DTO64_RS16525	42	91.925	161	13	0	143	303	779	619	5.73e-60	226
DTO64_RS16530	42	97.895	190	4	0	1	190	190	1	5.92e-91	329
DTO64_RS16535	53	100.000	606	0	0	1	606	2165	1560	0.0	1120
DTO64_RS16540	53	99.933	2988	2	0	1	2988	2290	5277	0.0	5507
DTO64_RS16545	53	98.042	613	12	0	204	816	5442	6054	0.0	1066
DTO64_RS16620	49	99.688	320	1	0	1	320	7788	7469	2.55e-168	586
DTO64_RS16625	53	99.933	2988	2	0	1	2988	2290	5277	0.0	5507
DTO64_RS16630	53	100.000	606	0	0	1	606	2165	1560	0.0	1120
DTO64_RS16645	73	99.511	409	2	0	273	681	463	55	0.0	745
DTO64_RS16645	74	99.608	255	1	0	18	272	1	255	7.25e-132	466
DTO64_RS16645	57	90.441	272	24	2	1	271	4242	4512	4.55e-99	357
DTO64_RS16665	49	83.680	337	50	5	1	336	6720	6388	4.78e-86	313
DTO64_RS16670	49	94.005	417	25	0	1	417	6081	5665	0.0	632
DTO64_RS16715	49	100.000	113	0	0	203	315	5665	5553	6.02e-55	209
DTO64_RS16720	49	99.903	1035	1	0	1	1035	5560	4526	0.0	1906
DTO64_RS16725	49	99.638	276	1	0	1	276	4536	4261	5.95e-144	505
DTO64_RS16730	49	100.000	390	0	0	1	390	4261	3872	0.0	721
DTO64_RS16735	49	99.564	459	2	0	1	459	3268	2810	0.0	837
DTO64_RS16740	49	99.118	2493	22	0	1	2493	2705	213	0.0	4482
DTO64_RS16745	49	99.394	165	1	0	1	165	256	92	4.43e-82	300
DTO64_RS16750	45	86.861	137	18	0	1	137	10226	10090	2.26e-37	154
DTO64_RS16760	73	99.511	409	2	0	273	681	463	55	0.0	745
DTO64_RS16760	74	99.608	255	1	0	18	272	1	255	7.25e-132	466
DTO64_RS16760	57	90.441	272	24	2	1	271	4242	4512	4.55e-99	357
DTO64_RS16770	73	99.511	409	2	0	273	681	463	55	0.0	745
DTO64_RS16770	74	99.608	255	1	0	18	272	1	255	7.25e-132	466
DTO64_RS16770	57	90.441	272	24	2	1	271	4242	4512	4.55e-99	357
DTO64_RS16800	73	99.511	409	2	0	273	681	463	55	0.0	745
DTO64_RS16800	74	99.608	255	1	0	18	272	1	255	7.25e-132	466
DTO64_RS16800	57	90.441	272	24	2	1	271	4242	4512	4.55e-99	357
GKQ57_RS13970	49	98.599	357	5	0	1	357	7788	7432	0.0	632
GKQ57_RS13990	49	83.680	337	50	5	1	336	6720	6388	4.78e-86	313
GKQ57_RS13995	49	93.780	418	24	2	1	417	6081	5665	1.86e-179	627
GKQ57_RS14115	42	77.040	1311	272	26	17	1314	9583	8289	0.0	726
GKQ57_RS14120	45	83.574	554	89	2	1	553	5524	4972	2.25e-147	518
GKQ57_RS14130	45	91.146	192	17	0	1	192	5946	5755	9.59e-71	261
GKQ57_RS14160	45	84.740	557	70	8	19	572	8130	7586	2.82e-155	544
GKQ57_RS14235	42	78.404	213	46	0	16	228	3050	2838	1.14e-33	139
GKQ57_RS14315	42	91.925	161	13	0	143	303	779	619	5.73e-60	226
GKQ57_RS14320	53	98.529	612	9	0	612	1223	5442	6053	0.0	1081
GKQ57_RS14320	42	97.895	190	4	0	1	190	190	1	1.97e-90	329
GKQ57_RS14360	45	89.051	137	15	0	1	137	10226	10090	2.25e-42	171
GKQ57_RS14380	45	99.625	267	1	0	1	267	9479	9213	5.80e-139	488
GKQ57_RS14385	45	97.963	491	10	0	1	491	9180	8690	0.0	852
GKQ57_RS14395	45	97.842	417	9	0	1	417	8588	8172	0.0	721
GKQ57_RS14400	45	96.410	585	21	0	1	585	8148	7564	0.0	965
GKQ57_RS14405	45	99.625	267	1	0	1	267	7453	7187	5.80e-139	488
GKQ57_RS14410	45	97.826	276	6	0	1	276	7194	6919	1.30e-135	477
GKQ57_RS14415	45	97.312	186	5	0	1	186	6116	5931	1.95e-87	316
GKQ57_RS14420	45	96.875	192	6	0	1	192	5946	5755	4.34e-89	322
GKQ57_RS14425	45	98.205	780	14	0	1	780	5524	4745	0.0	1363
GKQ57_RS14425	42	80.431	557	103	6	1	554	10366	9813	6.59e-118	420
GKQ57_RS14430	45	98.571	1260	18	0	1	1260	4745	3486	0.0	2228
GKQ57_RS14435	45	97.119	729	21	0	1	729	2836	2108	0.0	1230
GKQ57_RS14440	45	96.594	411	14	0	1	411	1897	1487	0.0	682
GKQ57_RS14445	45	97.935	339	7	0	1	339	1401	1063	7.16e-169	588
GKQ57_RS14530	41	94.924	197	10	0	995	1191	13383	13579	2.29e-84	309
GKQ57_RS14575	41	95.333	600	28	0	1	600	14074	14673	0.0	953
GKQ57_RS14615	42	91.304	161	14	0	143	303	779	619	2.67e-58	220
GKQ57_RS14620	53	98.529	612	9	0	612	1223	5442	6053	0.0	1081
GKQ57_RS14620	42	98.947	190	2	0	1	190	190	1	9.09e-94	340
SAW_RS16675	64	96.919	357	11	0	1	357	1283	927	3.49e-172	599
SAW_RS16680	64	94.270	925	49	4	1	923	926	4	0.0	1411
SAW_RS16695	42	77.651	1311	264	27	17	1314	9583	8289	0.0	771
SAW_RS16700	45	85.018	554	81	2	1	553	5524	4972	1.03e-160	562
SAW_RS16705	45	92.857	84	6	0	508	591	5712	5629	1.56e-28	122
SAW_RS16710	45	91.146	192	17	0	1	192	5946	5755	9.59e-71	261
SAW_RS16755	45	84.249	546	78	6	19	556	8130	7585	9.90e-150	525
SAW_RS16770	45	96.515	660	23	0	1	660	848	189	0.0	1092
SAW_RS16780	32	84.173	695	106	3	1	693	17331	18023	0.0	671
SAW_RS16835	26	89.216	102	11	0	1	102	3068	2967	3.66e-30	128
SAW_RS16870	42	93.789	161	10	0	143	303	779	619	5.69e-65	243
SAW_RS16875	53	98.042	613	12	0	612	1224	5442	6054	0.0	1066
SAW_RS16875	42	100.000	190	0	0	1	190	190	1	4.20e-97	351
SAW_RS16895	1	99.830	1179	2	0	1	1179	258401	259579	0.0	2167
SAW_RS16955	49	99.720	357	1	0	1	357	7788	7432	0.0	654
SAW_RS16980	49	83.680	337	50	5	1	336	6720	6388	4.78e-86	313
SAW_RS16985	49	94.005	417	25	0	1	417	6081	5665	0.0	632
SAW_RS17050	73	100.000	54	0	0	1	54	54	1	1.78e-21	100
SAW_RS17055	73	99.511	409	2	0	273	681	463	55	0.0	745
SAW_RS17055	74	99.608	255	1	0	18	272	1	255	7.25e-132	466
SAW_RS17055	57	90.441	272	24	2	1	271	4242	4512	4.55e-99	357
SAW_RS17190	73	99.511	409	2	0	273	681	463	55	0.0	745
SAW_RS17190	74	99.608	255	1	0	18	272	1	255	7.25e-132	466
SAW_RS17190	57	90.441	272	24	2	1	271	4242	4512	4.55e-99	357
SAW_RS17225	73	99.511	409	2	0	273	681	463	55	0.0	745
SAW_RS17225	74	99.608	255	1	0	18	272	1	255	7.25e-132	466
SAW_RS17225	57	90.441	272	24	2	1	271	4242	4512	4.55e-99	357
SAW_RS17260	73	99.511	409	2	0	273	681	463	55	0.0	745
SAW_RS17260	74	99.608	255	1	0	18	272	1	255	7.25e-132	466
SAW_RS17260	57	90.441	272	24	2	1	271	4242	4512	4.55e-99	357
SAW_RS17265	34	88.434	562	63	2	1	561	561	1	0.0	676
SAW_RS17270	34	88.889	558	61	1	7	564	2236	1680	0.0	686
