pAMalpha1_p1	114	100.000	821	0	0	557	1377	7758	6938	0.0	1517
pAMalpha1_p1	190	99.820	555	1	0	1	555	1165	1719	0.0	1020
pAMalpha1_p3	114	100.000	1263	0	0	1	1263	6374	5112	0.0	2333
pAMalpha1_p4	141	94.667	225	12	0	1	225	2296	2520	2.19e-97	350
pAMalpha1_p5	141	94.613	297	16	0	1	297	1877	2173	1.31e-130	460
pAMalpha1_p6	141	75.968	749	143	28	1	723	1012	1749	2.09e-97	351
pAMalpha1_p9	141	96.548	1680	58	0	1	1680	2927	4606	0.0	2782
pMG2200_49	16	83.784	555	88	2	1	554	27548	28101	1.25e-149	525
pMG2200_51	16	91.954	174	14	0	1	174	27144	27317	8.00e-66	244
pMG2200_58	16	84.452	566	73	8	1	563	24924	25477	2.61e-155	544
pMG2200_59	39	81.734	323	55	4	1	321	21686	21366	3.33e-72	267
pMG2200_84	189	90.048	623	59	3	1	621	116	737	0.0	804
pMG2200_84	184	87.460	622	76	2	1	621	346	966	0.0	715
pMG2200_86	189	91.319	288	25	0	1	288	754	1041	1.31e-110	394
pMG2200_86	184	89.583	288	30	0	1	288	983	1270	2.85e-102	366
pMG2200_85	189	100.000	105	0	0	1	105	1035	1139	4.56e-51	195
pMG2200_85	184	96.190	105	4	0	1	105	1264	1368	2.14e-44	172
pMG2200_87	166	77.487	1146	240	16	1713	2849	1424	288	0.0	671
pMG2200_89	189	96.396	111	4	0	1	111	1135	1245	1.06e-47	183
pMG2200_90	189	93.810	210	13	0	1	210	1319	1528	2.06e-87	316
pMG2200_95	159	95.238	294	14	0	1	294	377	84	2.81e-132	466
pMG2200_104	143	97.386	306	8	0	1	306	1227	1532	6.11e-149	521
pMG2200_105	143	96.825	1071	34	0	1606	2676	3145	4215	0.0	1790
pMG2200_105	143	95.289	934	40	3	1	932	1543	2474	0.0	1478
pMG2200_108	16	95.369	3930	167	7	1	3927	320	4237	0.0	6235
pMG2200_109	16	97.812	320	7	0	1	320	4335	4654	2.28e-158	553
pCF10_04	159	95.563	293	10	3	1	292	377	87	2.81e-132	466
pCF10_12	143	94.751	381	20	0	1	381	274	654	1.61e-170	593
pCF10_13	143	97.802	273	6	0	1	273	654	926	5.54e-134	472
pCF10_14	143	97.312	186	5	0	1	186	1227	1412	1.83e-87	316
pCF10_15	143	97.081	2672	74	3	1	2670	1543	4212	0.0	4499
pCF10_16	16	96.988	3918	118	0	1	3918	320	4237	0.0	6582
pCF10_17	16	96.639	357	12	0	1	357	4299	4655	1.50e-170	593
pCF10_39	16	79.533	557	108	6	1	554	27548	28101	1.32e-109	392
pCF10_41	16	91.146	192	17	0	1	192	27126	27317	8.87e-71	261
pCF10_48	16	83.189	577	94	3	1	574	24924	25500	9.25e-150	525
pCF10_49	39	82.675	329	54	3	4	330	21693	21366	7.31e-79	289
pCF10_50	161	98.343	1026	16	1	1	1026	80	1104	0.0	1799
pCF10_51	161	99.634	273	1	0	1	273	2022	2294	2.54e-142	499
pCF10_52	161	97.227	541	15	0	1	541	2793	3333	0.0	917
pCF10_53	189	90.514	622	58	1	1	621	116	737	0.0	821
pCF10_53	184	89.050	621	68	0	1	621	346	966	0.0	771
pCF10_54	189	95.833	288	12	0	10	297	754	1041	2.81e-132	466
pCF10_54	184	92.593	297	22	0	1	297	974	1270	1.33e-120	427
pCF10_55	189	99.111	225	2	0	1	225	1035	1259	4.62e-114	405
pCF10_55	184	91.593	226	14	3	1	225	1264	1485	1.34e-84	307
pCF10_56	189	94.286	210	12	0	1	210	1319	1528	4.43e-89	322
pAM373_p08	166	77.487	1146	240	16	1713	2849	1424	288	0.0	671
pAM373_p13	16	80.431	557	103	6	1	554	27548	28101	6.07e-118	420
pAM373_p15	16	81.040	327	52	10	1	321	26813	27135	9.41e-68	252
pAM373_p15	181	94.231	52	1	2	73	123	700	650	1.69e-15	78.7
pAM373_p16	16	94.253	174	9	1	1	174	26689	26861	6.14e-72	265
pAM373_p16	181	88.194	144	17	0	1	144	897	754	3.83e-44	172
pAM373_p17	16	92.949	156	11	0	49	204	26576	26731	9.63e-61	228
pAM373_p18	16	98.214	504	9	0	1	504	22498	23001	0.0	881
pAM373_p22	16	87.755	245	15	11	29	261	21290	21531	6.17e-74	272
pAM373_p23	16	93.186	998	64	4	1	996	18942	19937	0.0	1463
pAM373_p23	16	83.679	772	119	6	1419	2188	20407	21173	0.0	721
pAM373_p24	16	98.423	2346	37	0	1	2346	16610	18955	0.0	4128
pAM373_p25	16	98.830	342	4	0	1	342	16251	16592	1.43e-175	610
pAM373_p26	16	99.238	2493	19	0	1	2493	13748	16240	0.0	4499
pAM373_p27	16	99.795	975	2	0	1	975	13703	12729	0.0	1790
pAM373_p28	16	99.123	570	5	0	1	570	12222	12791	0.0	1026
pAM373_p29	16	98.971	486	5	0	1	486	11707	12192	0.0	870
pAM373_p30	16	99.487	390	2	0	1	390	11161	11550	0.0	710
pAM373_p31	16	98.551	276	4	0	1	276	10886	11161	5.57e-139	488
pAM373_p32	16	98.463	846	13	0	1	846	10051	10896	0.0	1491
pAM373_p33	16	99.048	315	3	0	1	315	9555	9869	2.87e-162	566
pAM373_p34	16	99.700	333	1	0	1	333	9223	9555	1.39e-175	610
pAM373_p35	16	98.867	618	7	0	1	618	8538	9155	0.0	1103
pAM373_p36	16	99.764	1272	3	0	1	1272	7264	8535	0.0	2333
pAM373_p37	16	99.071	861	8	0	1	861	6378	7238	0.0	1546
pAM373_p38	16	98.749	879	11	0	1	879	5480	6358	0.0	1563
pAM373_p39	16	99.234	261	2	0	1	261	5209	5469	5.28e-134	472
HS082_RS00030	143	96.325	381	14	0	1	381	274	654	1.59e-180	627
HS082_RS00035	143	99.099	222	2	0	1	222	705	926	2.12e-112	399
HS082_RS00045	16	96.683	3919	128	2	1	3918	320	4237	0.0	6516
HS082_RS00050	16	94.521	365	12	1	1	365	4299	4655	2.02e-159	556
HS082_RS00180	16	84.685	555	83	2	1	554	27548	28101	5.71e-158	553
HS082_RS00185	16	91.954	87	7	0	505	591	27357	27443	1.45e-28	122
HS082_RS00190	16	91.146	192	17	0	1	192	27126	27317	8.87e-71	261
HS082_RS00225	16	84.629	566	72	8	1	563	24924	25477	5.60e-157	549
HS082_RS00230	39	82.353	204	32	4	5	206	21559	21358	1.88e-44	174
HS082_RS00310	159	97.115	1317	38	0	1	1317	2796	1480	0.0	2222
HS082_RS00315	159	89.178	499	52	2	1	498	1475	978	9.98e-179	621
HS082_RS00325	201	98.238	681	12	0	1	681	735	55	0.0	1192
HS082_RS00355	200	99.583	960	4	0	1	960	98	1057	0.0	1751
HS082_RS00390	189	98.995	597	6	0	1	597	141	737	0.0	1070
HS082_RS00390	184	94.975	597	30	0	1	597	370	966	0.0	937
HS082_RS00395	189	99.653	288	1	0	1	288	754	1041	1.23e-150	527
HS082_RS00395	184	95.139	288	14	0	1	288	983	1270	5.91e-129	455
HS082_RS00400	189	99.111	225	2	0	1	225	1035	1259	4.62e-114	405
HS082_RS00400	184	92.478	226	12	3	1	225	1264	1485	6.19e-88	318
HS082_RS00405	189	99.048	210	2	0	1	210	1319	1528	9.33e-106	377
HS082_RS00420	159	96.032	252	10	0	1	252	3163	2912	1.12e-115	411
HS082_RS00425	159	90.895	1318	118	2	1	1317	2796	1480	0.0	1768
HS082_RS00430	159	76.209	517	104	14	1	512	1475	973	1.19e-68	255
HS082_RS00440	159	91.667	312	8	2	1	312	377	84	3.06e-117	416
pWZ1668_p10	173	99.827	578	1	0	1310	1887	2463	1886	0.0	1062
pWZ1668_p11	173	99.933	1488	1	0	1	1488	1633	146	0.0	2743
pWZ1668_p12	166	78.454	1035	213	10	8	1037	1317	288	0.0	667
pWZ1668_p13	198	80.392	1173	218	11	1	1167	101	1267	0.0	881
pWZ1668_p15	173	100.000	146	0	0	1	146	146	1	1.43e-73	270
pWZ1668_p15	55	99.180	122	1	0	66	187	13629	13508	1.46e-58	220
pWZ1668_p16	55	97.727	176	3	1	1	176	12401	12227	6.51e-83	302
pWZ1668_p19	55	96.990	897	27	0	1	897	13402	12506	0.0	1507
pWZ1668_p20	181	97.849	93	2	0	181	273	2019	1927	1.36e-40	161
pWZ1668_p21	181	98.160	163	3	0	1	163	1925	1763	5.91e-78	285
pWZ1668_p21	55	94.737	76	4	0	84	159	11818	11743	6.34e-28	119
pWZ1668_p32	181	96.684	573	19	0	1	573	1634	1062	0.0	953
pWZ1668_p32	55	95.956	544	22	0	1	544	1189	646	0.0	883
pWZ1668_p33	181	99.371	318	2	0	1	318	621	304	1.34e-165	577
pWZ1668_p34	181	92.832	279	20	0	1	279	293	15	1.09e-113	405
pTW9_p01	189	95.008	621	30	1	1	620	116	736	0.0	974
pTW9_p01	184	94.355	620	35	0	1	620	346	965	0.0	952
pTW9_p07	159	96.259	294	10	1	1	294	377	85	1.00e-136	481
pTW9_p16	143	96.296	297	11	0	1	297	1227	1523	6.20e-139	488
pTW9_p17	143	95.705	1071	46	0	1603	2673	3145	4215	0.0	1724
pTW9_p17	143	95.182	934	41	3	1	932	1543	2474	0.0	1472
pTW9_p20	16	95.869	2227	92	0	1665	3891	2011	4237	0.0	3603
pTW9_p20	16	94.081	794	47	0	1	794	320	1113	0.0	1206
pTW9_p21	16	98.754	321	4	0	1	321	4335	4655	6.29e-164	571
pTW9_p22	16	96.512	258	9	0	1	258	4677	4934	1.16e-120	427
pTW9_p23	16	99.617	261	1	0	1	261	5209	5469	1.13e-135	477
pTW9_p24	16	99.090	879	8	0	1	879	5480	6358	0.0	1580
pTW9_p25	16	99.187	861	7	0	1	861	6378	7238	0.0	1552
pTW9_p26	16	99.292	1272	9	0	1	1272	7264	8535	0.0	2300
pTW9_p27	16	98.220	618	11	0	1	618	8538	9155	0.0	1081
pTW9_p28	16	97.898	333	7	0	1	333	9223	9555	1.41e-165	577
pTW9_p29	16	99.048	315	3	0	1	315	9555	9869	2.87e-162	566
pTW9_p30	16	98.551	1035	15	0	1	1035	9862	10896	0.0	1829
pTW9_p31	16	99.617	261	1	0	1	261	10901	11161	1.13e-135	477
pTW9_p32	16	99.744	390	1	0	1	390	11161	11550	0.0	715
pTW9_p34	16	86.022	372	52	0	1	372	11707	12078	4.59e-112	399
pTW9_p35	16	98.845	2510	29	0	56	2565	13731	16240	0.0	4475
pTW9_p36	16	99.415	342	2	0	1	342	16251	16592	6.59e-179	621
pTW9_p37	16	99.020	2346	23	0	1	2346	16610	18955	0.0	4205
pTW9_p38	16	98.078	2237	40	3	1	2234	18957	21193	0.0	3890
pTW9_p39	16	98.227	564	10	0	223	786	21944	22507	0.0	987
pTW9_p40	16	95.092	489	24	0	1	489	22513	23001	0.0	771
pTW9_p41	16	93.590	156	10	0	49	204	26576	26731	2.07e-62	233
pTW9_p42	16	82.493	377	59	7	1	372	26761	27135	2.30e-89	324
pTW9_p42	181	94.231	52	1	2	124	174	700	650	1.97e-15	78.7
pTW9_p44	16	80.431	557	103	6	1	554	27548	28101	6.07e-118	420
pTW9_p47	16	90.506	158	14	1	254	411	26575	26731	2.66e-54	207
pTW9_p48	201	98.399	687	11	0	1	687	741	55	0.0	1208
pTW9_p50	201	90.476	336	32	0	1	336	741	406	1.52e-125	444
pTW9_p55	201	85.320	688	99	2	1	687	741	55	0.0	710
pTW9_p63	173	99.886	1759	1	1	344	2101	1759	1	0.0	3236
pTW9_p63	55	99.200	125	1	0	2021	2145	13629	13505	3.99e-59	226
pTW9_p64	55	97.802	182	3	1	1	182	12407	12227	3.09e-86	313
pTW9_p68	173	100.000	216	0	0	35	250	216	1	2.86e-112	399
pTW9_p68	55	97.600	125	3	0	170	294	13629	13505	1.11e-56	215
pTW9_p69	55	95.878	558	23	0	1	558	13402	12845	0.0	904
pTW9_p79	55	99.415	342	2	0	1	342	12847	12506	6.59e-179	621
pTW9_p80	55	96.759	216	7	0	1	216	12407	12192	9.69e-101	361
pTW9_p81	55	97.070	273	8	0	1	273	12175	11903	1.20e-130	460
pTW9_p82	55	100.000	78	0	0	1	78	11901	11824	3.20e-36	145
pTW9_p84	181	96.415	781	28	0	14	794	1842	1062	0.0	1288
pTW9_p84	55	94.526	548	30	0	218	765	1193	646	0.0	846
pTW9_p84	55	93.607	219	14	0	1	219	11831	11613	3.87e-90	327
pTW9_p85	181	98.944	284	3	0	1	284	284	1	4.51e-145	508
pTW9_p90	181	97.255	255	6	1	1	254	1441	1187	8.70e-122	431
pTW9_p90	55	96.863	255	7	1	1	254	996	742	4.05e-120	425
pTW9_p95	181	99.371	318	2	0	1	318	621	304	1.34e-165	577
pTW9_p96	181	100.000	293	0	0	1	293	293	1	7.72e-155	542
pTW9_p97	201	97.321	336	9	0	1	336	741	406	6.67e-164	571
pTW9_p98	201	98.399	687	11	0	1	687	741	55	0.0	1208
HS307_RS00015	201	96.460	339	12	0	1	339	393	55	1.44e-160	560
HS307_RS00035	173	96.194	578	22	0	1310	1887	2463	1886	0.0	946
HS307_RS00070	201	100.000	51	0	0	1	51	51	1	2.82e-20	95.3
HS307_RS00075	201	98.825	681	8	0	1	681	735	55	0.0	1214
HS307_RS00095	201	98.238	681	12	0	1	681	735	55	0.0	1192
HS307_RS00165	201	98.238	681	12	0	1	681	735	55	0.0	1192
HXI36_RS00025	201	98.385	681	11	0	1	681	735	55	0.0	1197
HXI36_RS00045	173	98.154	596	10	1	344	938	1759	1164	0.0	1038
HXI36_RS00060	173	100.000	1174	0	0	1	1174	1174	1	0.0	2169
HXI36_RS00060	55	99.200	125	1	0	1094	1218	13629	13505	2.25e-59	226
HXI36_RS00065	55	97.802	182	3	1	1	182	12407	12227	3.09e-86	313
HXI36_RS00080	173	100.000	216	0	0	2	217	216	1	2.53e-112	399
HXI36_RS00080	55	97.600	125	3	0	137	261	13629	13505	9.82e-57	215
HXI36_RS00085	55	96.878	897	28	0	1	897	13402	12506	0.0	1502
HXI36_RS00090	55	96.667	210	7	0	1	210	12401	12192	2.03e-97	350
HXI36_RS00095	55	97.070	273	8	0	1	273	12175	11903	1.20e-130	460
HXI36_RS00100	181	96.415	781	28	0	84	864	1842	1062	0.0	1288
HXI36_RS00100	55	94.526	548	30	0	288	835	1193	646	0.0	846
HXI36_RS00100	55	95.156	289	14	0	1	289	11901	11613	5.16e-129	457
HXI36_RS00105	181	99.057	318	3	0	1	318	621	304	6.23e-164	571
HXI36_RS00110	181	100.000	284	0	0	1	284	284	1	7.90e-150	525
HXI36_RS00205	147	100.000	37	0	0	235	271	1710	1746	8.49e-13	69.4
HXI36_RS00210	201	98.385	681	11	0	1	681	735	55	0.0	1197
HXI36_RS00250	55	95.652	897	39	0	1	897	13402	12506	0.0	1441
HXI36_RS00255	55	96.667	210	7	0	1	210	12401	12192	2.03e-97	350
HXI36_RS00260	55	99.267	273	2	0	1	273	12175	11903	1.18e-140	494
HXI36_RS00265	55	94.787	211	11	0	1	211	11901	11691	3.32e-91	329
HXI36_RS00265	181	99.219	128	1	0	84	211	1842	1715	9.63e-62	231
HXI36_RS00265	201	100.000	47	0	0	212	258	809	763	2.21e-18	87.9
HXI36_RS00270	201	98.385	681	11	0	1	681	735	55	0.0	1197
HS679_RS00005	147	97.436	39	1	0	247	285	1710	1748	3.20e-12	67.6
HS679_RS00025	173	96.642	1757	58	1	346	2101	1757	1	0.0	2916
HS679_RS00025	55	92.800	125	9	0	2021	2145	13629	13505	8.77e-46	182
HS679_RS00030	55	97.802	182	3	1	1	182	12407	12227	3.09e-86	313
HS679_RS00040	173	94.907	216	11	0	26	241	216	1	6.14e-94	339
HS679_RS00040	55	92.800	125	9	0	161	285	13629	13505	1.09e-46	182
HS679_RS00045	55	96.990	897	27	0	1	897	13402	12506	0.0	1507
HS679_RS00050	55	98.571	210	3	0	1	210	12401	12192	4.34e-104	372
HS679_RS00055	181	97.849	93	2	0	181	273	2019	1927	1.36e-40	161
HS679_RS00060	181	98.380	864	14	0	1	864	1925	1062	0.0	1519
HS679_RS00060	55	94.526	548	30	0	288	835	1193	646	0.0	846
HS679_RS00060	55	88.350	206	24	0	84	289	11818	11613	3.38e-66	248
HS679_RS00065	181	100.000	318	0	0	1	318	621	304	6.19e-169	588
HS679_RS00070	181	99.648	284	1	0	1	284	284	1	3.68e-148	520
D686_p38	173	99.827	578	1	0	1310	1887	2463	1886	0.0	1062
D686_p34	173	99.939	1633	1	0	1	1633	1633	1	0.0	3011
D686_p34	55	99.200	125	1	0	1553	1677	13629	13505	3.11e-59	226
D686_p33	55	97.727	176	3	1	1	176	12401	12227	6.51e-83	302
D686_p31	55	96.990	897	27	0	1	897	13402	12506	0.0	1507
D686_p30	55	98.148	216	4	0	1	216	12407	12192	9.62e-106	377
D686_p10	181	97.849	93	2	0	181	273	2019	1927	1.36e-40	161
D686_p09	181	98.148	162	3	0	1	162	1925	1764	1.56e-77	283
D686_p09	55	94.737	76	4	0	84	159	11818	11743	4.67e-28	119
D686_p11	181	97.151	702	20	0	1	702	1763	1062	0.0	1186
D686_p11	55	95.803	548	23	0	126	673	1193	646	0.0	885
D686_p41	181	99.371	318	2	0	1	318	621	304	1.34e-165	577
D686_p12	181	92.832	279	20	0	1	279	293	15	1.09e-113	405
D686_p1037	173	99.827	578	1	0	1310	1887	2463	1886	0.0	1062
D686_p1007	166	78.437	691	139	10	403	1088	288	973	2.83e-124	442
D686_p1007	166	77.966	531	109	8	1148	1674	288	814	2.98e-89	326
D686_p1007	173	100.000	115	0	0	1	115	1624	1510	2.42e-55	213
D686_p1038	166	77.312	1146	242	16	1713	2849	1424	288	0.0	660
D686_p1033	173	100.000	1165	0	0	1	1165	1165	1	0.0	2152
D686_p1033	55	99.200	125	1	0	1085	1209	13629	13505	2.23e-59	226
D686_p1032	55	97.727	176	3	1	1	176	12401	12227	6.51e-83	302
D686_p1030	55	96.990	897	27	0	1	897	13402	12506	0.0	1507
D686_p1029	55	98.148	216	4	0	1	216	12407	12192	9.62e-106	377
D686_p1010	181	97.849	93	2	0	181	273	2019	1927	1.36e-40	161
D686_p1009	181	98.148	162	3	0	1	162	1925	1764	1.56e-77	283
D686_p1009	55	94.737	76	4	0	84	159	11818	11743	4.67e-28	119
D686_p1011	181	97.151	702	20	0	1	702	1763	1062	0.0	1186
D686_p1011	55	95.803	548	23	0	126	673	1193	646	0.0	885
D686_p1042	181	99.371	318	2	0	1	318	621	304	1.34e-165	577
D686_p1012	181	92.832	279	20	0	1	279	293	15	1.09e-113	405
EFD32_RS15010	173	99.886	1759	1	1	344	2101	1759	1	0.0	3236
EFD32_RS15010	55	99.200	125	1	0	2021	2145	13629	13505	3.99e-59	226
EFD32_RS15015	55	97.802	182	3	1	1	182	12407	12227	3.51e-86	313
EFD32_RS16155	173	100.000	216	0	0	2	217	216	1	2.53e-112	399
EFD32_RS16155	55	97.600	125	3	0	137	261	13629	13505	9.82e-57	215
EFD32_RS15030	55	96.321	897	33	0	1	897	13402	12506	0.0	1474
EFD32_RS15035	55	96.667	210	7	0	1	210	12401	12192	2.03e-97	350
EFD32_RS15040	55	99.267	273	2	0	1	273	12175	11903	1.18e-140	494
EFD32_RS16160	181	95.044	686	34	0	84	769	1842	1157	0.0	1079
EFD32_RS16160	55	97.718	482	11	0	288	769	1193	712	0.0	830
EFD32_RS16160	55	95.911	269	11	0	1	269	11901	11633	6.29e-123	436
EFD32_RS15355	17	77.346	309	67	3	34	340	15546	15853	6.91e-46	180
EFD32_RS15410	189	93.960	596	36	0	1	596	141	736	0.0	902
EFD32_RS15410	184	92.114	596	47	0	1	596	370	965	0.0	841
EFD32_RS15460	159	85.072	1313	191	5	1	1310	2796	1486	0.0	1334
CGZ46_RS14430	201	97.962	687	14	0	1	687	741	55	0.0	1192
CGZ46_RS14470	35	100.000	120	0	0	1	120	10581	10700	2.46e-59	222
CGZ46_RS14475	35	100.000	315	0	0	1	315	10723	11037	2.85e-167	582
CGZ46_RS14480	35	100.000	387	0	0	1	387	11053	11439	0.0	715
CGZ46_RS14485	35	100.000	1386	0	0	1	1386	11468	12853	0.0	2560
CGZ46_RS14490	35	100.000	153	0	0	1	153	12856	13008	1.46e-77	283
CGZ46_RS14495	35	100.000	1206	0	0	1	1206	13031	14236	0.0	2228
CGZ46_RS14500	35	100.000	222	0	0	1	222	14279	14500	9.78e-116	411
CGZ46_RS14505	35	100.000	498	0	0	1	498	14617	15114	0.0	920
CGZ46_RS14510	35	100.000	507	0	0	1	507	15089	15595	0.0	937
CGZ46_RS14515	35	99.918	2448	2	0	1	2448	15579	18026	0.0	4510
CGZ46_RS14520	35	100.000	2178	0	0	1	2178	18029	20206	0.0	4023
CGZ46_RS14525	35	99.800	1002	2	0	1	1002	20203	21204	0.0	1840
CGZ46_RS14530	35	100.000	933	0	0	1	933	21201	22133	0.0	1724
CGZ46_RS14535	35	100.000	87	0	0	1	87	22408	22494	3.66e-41	161
CGZ46_RS14540	190	100.000	971	0	0	950	1920	1	971	0.0	1794
CGZ46_RS14540	35	100.000	847	0	0	1	847	22510	23356	0.0	1565
CGZ46_RS14545	190	100.000	51	0	0	1	51	1081	1131	1.83e-21	95.3
CGZ46_RS14550	114	100.000	821	0	0	557	1377	7758	6938	0.0	1517
CGZ46_RS14550	190	99.640	555	2	0	1	555	1165	1719	0.0	1014
CGZ46_RS14565	114	100.000	1263	0	0	1	1263	6374	5112	0.0	2333
CGZ46_RS14570	114	95.376	173	4	4	391	561	5021	5191	1.29e-73	272
CGZ46_RS14630	159	91.468	293	24	1	1	293	377	86	8.04e-113	401
CGZ46_RS14640	159	76.621	509	100	13	12	515	1467	973	7.14e-71	263
CGZ46_RS14665	189	88.542	288	33	0	1	288	754	1041	2.87e-97	350
CGZ46_RS14665	184	87.500	288	36	0	1	288	983	1270	2.89e-92	333
CGZ46_RS14670	189	94.472	597	33	0	1	597	141	737	0.0	920
CGZ46_RS14670	184	94.137	597	35	0	1	597	370	966	0.0	909
CGZ46_RS14790	16	85.227	528	76	2	1	527	27548	28074	1.25e-154	542
CGZ46_RS14800	16	91.954	174	14	0	1	174	27144	27317	8.00e-66	244
CGZ46_RS14835	16	85.938	576	66	8	1	573	24924	25487	1.53e-172	601
CGZ46_RS14895	189	90.635	598	54	2	1	597	141	737	0.0	793
CGZ46_RS14895	184	87.458	598	73	2	1	597	370	966	0.0	688
CGZ46_RS14900	189	95.775	284	12	0	1	284	754	1037	4.52e-130	459
CGZ46_RS14900	184	92.933	283	20	0	1	283	983	1265	3.57e-116	412
CGZ46_RS14960	143	97.638	381	9	0	1	381	274	654	0.0	654
CGZ46_RS14965	143	97.059	306	9	0	1	306	1227	1532	2.84e-147	516
CGZ46_RS14970	143	96.919	1071	33	0	1603	2673	3145	4215	0.0	1796
CGZ46_RS14970	143	95.182	934	41	3	1	932	1543	2474	0.0	1472
CGZ46_RS14980	16	96.812	2227	71	0	1665	3891	2011	4237	0.0	3720
CGZ46_RS14980	16	92.704	795	56	2	1	794	320	1113	0.0	1146
CGZ46_RS14985	16	96.629	356	9	1	1	353	4299	4654	6.94e-169	588
FOA09_RS13905	201	98.399	687	11	0	1	687	741	55	0.0	1208
FOA09_RS13910	181	99.524	210	1	0	1	210	621	412	2.01e-107	383
FOA09_RS13915	181	95.726	117	5	0	1	117	1178	1062	2.42e-49	189
FOA09_RS13915	55	96.591	88	3	0	1	88	733	646	1.48e-36	147
FOA09_RS13940	181	91.809	293	24	0	1	293	293	1	8.30e-115	409
FOA09_RS13945	181	99.057	318	3	0	1	318	621	304	6.23e-164	571
FOA09_RS13960	181	98.488	463	7	0	45	507	1524	1062	0.0	817
FOA09_RS13960	55	96.767	433	14	0	46	478	1078	646	0.0	723
FOA09_RS13975	181	97.254	437	12	0	1	437	1925	1489	0.0	741
FOA09_RS13975	55	89.320	206	22	0	84	289	11818	11613	8.24e-70	259
FOA09_RS13975	55	88.028	142	17	0	288	429	1193	1052	1.43e-42	169
FOA09_RS13980	181	100.000	93	0	0	181	273	2019	1927	6.29e-44	172
FOA09_RS13985	55	98.148	216	4	0	1	216	12407	12192	9.62e-106	377
FOA09_RS13990	55	97.213	897	25	0	1	897	13402	12506	0.0	1519
FOA09_RS13995	173	100.000	216	0	0	2	217	216	1	2.53e-112	399
FOA09_RS13995	55	97.600	125	3	0	137	261	13629	13505	9.82e-57	215
FOA09_RS14015	55	97.802	182	3	1	1	182	12407	12227	3.09e-86	313
FOA09_RS14020	173	94.536	1757	95	1	346	2101	1757	1	0.0	2712
FOA09_RS14030	201	98.253	687	12	0	1	687	741	55	0.0	1203
FOA09_RS14130	201	98.399	687	11	0	1	687	741	55	0.0	1208
FOA09_RS14180	16	80.431	557	103	6	1	554	27548	28101	6.07e-118	420
FOA09_RS14195	16	96.115	489	19	0	1	489	22513	23001	0.0	798
FOA09_RS14200	16	98.227	564	10	0	166	729	21944	22507	0.0	987
FOA09_RS14205	16	98.837	86	0	1	1	86	21371	21287	4.89e-38	152
FOA09_RS14210	16	98.091	2252	40	3	1	2249	18942	21193	0.0	3917
FOA09_RS14215	16	99.020	2346	23	0	1	2346	16610	18955	0.0	4205
FOA09_RS14220	16	99.415	342	2	0	1	342	16251	16592	6.59e-179	621
FOA09_RS14225	16	98.757	2493	31	0	1	2493	13748	16240	0.0	4433
FOA09_RS14230	16	86.022	372	52	0	1	372	11707	12078	4.59e-112	399
FOA09_RS14240	16	99.746	393	1	0	1	393	11158	11550	0.0	721
FOA09_RS14245	16	99.638	276	1	0	1	276	10886	11161	5.53e-144	505
FOA09_RS14250	16	98.551	1035	15	0	1	1035	9862	10896	0.0	1829
FOA09_RS14255	16	99.048	315	3	0	1	315	9555	9869	2.87e-162	566
FOA09_RS14260	16	97.561	369	9	0	1	369	9187	9555	0.0	632
FOA09_RS14265	16	98.382	618	10	0	1	618	8538	9155	0.0	1086
FOA09_RS14270	16	99.292	1272	9	0	1	1272	7264	8535	0.0	2300
FOA09_RS14275	16	99.187	861	7	0	1	861	6378	7238	0.0	1552
FOA09_RS14280	16	99.090	879	8	0	1	879	5480	6358	0.0	1580
FOA09_RS14285	16	99.617	261	1	0	1	261	5209	5469	1.13e-135	477
FOA09_RS14290	16	97.403	385	10	0	1	385	4677	5061	0.0	656
FOA09_RS14295	16	98.039	357	4	1	1	354	4299	4655	8.85e-178	617
FOA09_RS14300	16	95.824	2227	93	0	1665	3891	2011	4237	0.0	3598
FOA09_RS14300	16	94.081	794	47	0	1	794	320	1113	0.0	1206
FOA09_RS14320	143	95.705	1071	46	0	1603	2673	3145	4215	0.0	1724
FOA09_RS14320	143	95.289	934	40	3	1	932	1543	2474	0.0	1478
FOA09_RS14325	143	96.296	297	11	0	1	297	1227	1523	6.20e-139	488
FOA09_RS14370	159	96.259	294	10	1	1	294	377	85	1.00e-136	481
FOA09_RS14390	201	98.399	687	11	0	1	687	741	55	0.0	1208
FOA09_RS14395	189	95.134	596	29	0	1	596	141	736	0.0	941
FOA09_RS14395	184	94.295	596	34	0	1	596	370	965	0.0	913
FOA09_RS14410	201	98.399	687	11	0	1	687	741	55	0.0	1208
EYB36_RS00010	16	99.284	419	1	2	1	419	24484	24900	0.0	756
EYB36_RS00015	16	87.197	578	71	3	1	577	24924	25499	0.0	654
EYB36_RS00025	16	99.248	266	2	0	2	267	25620	25885	8.99e-137	481
EYB36_RS00030	16	98.551	276	4	0	1	276	25878	26153	5.57e-139	488
EYB36_RS00035	16	97.849	186	4	0	1	186	26956	27141	3.87e-89	322
EYB36_RS00040	16	91.954	174	14	0	1	174	27144	27317	8.00e-66	244
EYB36_RS00045	16	90.805	87	8	0	505	591	27357	27443	6.74e-27	117
EYB36_RS00050	16	85.606	528	74	2	1	527	27548	28074	5.76e-158	553
EYB36_RS00060	16	96.388	609	22	0	1	609	30236	30844	0.0	1003
EYB36_RS00065	16	94.161	411	24	0	1	411	31175	31585	1.72e-180	627
EYB36_RS00070	16	97.640	339	8	0	1	339	31671	32009	3.08e-167	582
EYB36_RS00075	16	96.515	660	23	0	1	660	32224	32883	0.0	1092
EYB36_RS00205	201	98.399	687	11	0	1	687	741	55	0.0	1208
EYB36_RS00280	201	98.399	687	11	0	1	687	741	55	0.0	1208
EYB36_RS00285	189	90.301	598	56	2	1	597	141	737	0.0	782
EYB36_RS00285	184	87.458	598	73	2	1	597	370	966	0.0	688
EYB36_RS00290	189	90.972	288	26	0	1	288	754	1041	6.08e-109	388
EYB36_RS00290	184	90.625	288	27	0	1	288	983	1270	2.83e-107	383
EYB36_RS00295	189	98.667	225	3	0	1	225	1035	1259	2.15e-112	399
EYB36_RS00295	184	91.150	226	15	3	1	225	1264	1485	6.23e-83	302
EYB36_RS00300	189	98.454	194	3	0	1	194	1319	1512	3.24e-95	342
EYB36_RS00355	159	95.548	292	12	1	1	292	377	87	2.81e-132	466
EYB36_RS00380	198	80.392	1173	218	11	1	1167	101	1267	0.0	881
EYB36_RS00395	198	80.392	1173	218	11	1	1167	101	1267	0.0	881
EYB36_RS00400	16	99.327	1188	8	0	1	1188	17768	18955	0.0	2150
EYB36_RS00405	16	98.845	2252	23	3	1	2249	18942	21193	0.0	4012
EYB36_RS00410	16	98.837	86	0	1	1	86	21371	21287	4.89e-38	152
EYB36_RS00415	16	98.227	564	10	0	166	729	21944	22507	0.0	987
EYB36_RS00420	16	98.978	489	5	0	1	489	22513	23001	0.0	876
EYB36_RS00425	16	99.251	267	2	0	1	267	23593	23859	2.50e-137	483
EYB36_RS00430	16	97.963	491	10	0	1	491	23892	24382	0.0	852
EYB36_RS00515	166	77.487	1146	240	16	1713	2849	1424	288	0.0	671
EYB36_RS00520	173	92.857	336	23	1	344	678	1759	1424	5.13e-138	486
EYB36_RS00530	201	98.399	687	11	0	1	687	741	55	0.0	1208
EYB36_RS00570	16	96.255	267	10	0	1	267	25619	25885	5.48e-124	438
EYB36_RS00575	16	93.478	276	18	0	1	276	25878	26153	1.24e-115	411
EYB36_RS00750	16	80.431	557	103	6	1	554	27548	28101	6.07e-118	420
EYB36_RS00765	16	95.092	489	24	0	1	489	22513	23001	0.0	771
EYB36_RS00770	16	100.000	759	0	0	1	759	21749	22507	0.0	1402
EYB36_RS00775	16	99.425	2259	13	0	1	2259	18942	21200	0.0	4100
EYB36_RS00780	16	99.233	2346	18	0	1	2346	16610	18955	0.0	4233
EYB36_RS00785	16	99.415	342	2	0	1	342	16251	16592	6.59e-179	621
EYB36_RS00790	16	98.797	2493	30	0	1	2493	13748	16240	0.0	4438
EYB36_RS00795	16	86.022	372	52	0	1	372	11707	12078	4.59e-112	399
EYB36_RS00805	16	99.746	393	1	0	1	393	11158	11550	0.0	721
EYB36_RS00810	16	99.638	276	1	0	1	276	10886	11161	5.53e-144	505
EYB36_RS00815	16	98.744	1035	13	0	1	1035	9862	10896	0.0	1840
EYB36_RS00820	16	98.413	315	5	0	1	315	9555	9869	6.21e-159	555
EYB36_RS00825	16	97.561	369	9	0	1	369	9187	9555	0.0	632
EYB36_RS00830	16	97.896	618	13	0	1	618	8538	9155	0.0	1070
EYB36_RS00835	16	99.286	140	1	0	8	147	8396	8535	1.10e-68	254
EYB36_RS00845	16	99.559	1135	5	0	1	1135	7264	8398	0.0	2069
EYB36_RS00850	16	99.324	444	3	0	346	789	6795	7238	0.0	804
EYB36_RS00850	16	97.990	398	5	3	1	397	6378	6773	0.0	688
EYB36_RS00855	16	99.090	879	8	0	1	879	5480	6358	0.0	1580
EYB36_RS00860	16	99.617	261	1	0	1	261	5209	5469	1.13e-135	477
EYB36_RS00865	16	97.922	385	8	0	1	385	4677	5061	0.0	667
EYB36_RS00870	16	98.039	357	4	1	1	354	4299	4655	8.85e-178	617
EYB36_RS00875	16	94.950	3921	192	5	1	3918	320	4237	0.0	6139
EYB36_RS00895	143	95.892	1071	44	0	1603	2673	3145	4215	0.0	1735
EYB36_RS00895	143	95.596	931	37	3	1	929	1543	2471	0.0	1489
EYB36_RS00900	143	97.037	270	8	0	1	270	1263	1532	5.51e-129	455
EYB36_RS00905	143	97.375	381	10	0	1	381	274	654	0.0	649
EYB36_RS00940	159	94.558	294	16	0	1	294	377	84	6.09e-129	455
EYB36_RS00950	159	81.910	199	36	0	12	210	1467	1269	6.79e-43	169
BZG32_RS16190	16	99.746	393	1	0	1	393	11158	11550	0.0	721
BZG32_RS16195	16	99.638	276	1	0	1	276	10886	11161	5.53e-144	505
BZG32_RS16200	16	99.903	1035	1	0	1	1035	9862	10896	0.0	1906
BZG32_RS16205	16	98.413	315	5	0	1	315	9555	9869	6.21e-159	555
BZG32_RS16210	16	98.103	369	7	0	1	369	9187	9555	0.0	643
BZG32_RS16215	16	98.382	618	10	0	1	618	8538	9155	0.0	1086
BZG32_RS16220	16	99.371	1272	8	0	1	1272	7264	8535	0.0	2305
BZG32_RS16225	16	98.490	861	13	0	1	861	6378	7238	0.0	1519
BZG32_RS16230	16	99.204	879	7	0	1	879	5480	6358	0.0	1585
BZG32_RS16235	16	99.617	261	1	0	1	261	5209	5469	1.13e-135	477
BZG32_RS16240	16	97.662	385	9	0	1	385	4677	5061	0.0	662
BZG32_RS16245	16	98.039	357	4	1	1	354	4299	4655	8.85e-178	617
BZG32_RS16250	16	96.318	2227	82	0	1665	3891	2011	4237	0.0	3659
BZG32_RS16250	16	94.081	794	47	0	1	794	320	1113	0.0	1206
BZG32_RS16270	143	95.612	1071	47	0	511	1581	3145	4215	0.0	1718
BZG32_RS16275	201	98.399	687	11	0	1	687	741	55	0.0	1208
BZG32_RS16280	143	94.320	581	29	3	1	579	1543	2121	0.0	887
BZG32_RS16285	143	95.286	297	14	0	1	297	1227	1523	6.24e-134	472
BZG32_RS16335	159	85.366	287	42	0	1	287	377	91	1.06e-81	298
BZG32_RS16370	189	95.181	249	12	0	1	249	1280	1528	1.12e-110	394
BZG32_RS16375	189	97.778	225	5	0	1	225	1035	1259	4.65e-109	388
BZG32_RS16375	184	90.708	226	16	3	1	225	1264	1485	2.90e-81	296
BZG32_RS16380	189	97.569	288	7	0	1	288	754	1041	1.25e-140	494
BZG32_RS16380	184	94.444	288	16	0	1	288	983	1270	1.28e-125	444
BZG32_RS16385	189	96.817	597	19	0	1	597	141	737	0.0	998
BZG32_RS16385	184	95.645	597	26	0	1	597	370	966	0.0	959
BZG32_RS16430	201	98.399	687	11	0	1	687	741	55	0.0	1208
BZG32_RS16440	198	80.392	1173	218	11	1	1167	101	1267	0.0	881
BZG32_RS16470	201	98.399	687	11	0	1	687	741	55	0.0	1208
BZG32_RS16485	201	98.399	687	11	0	1	687	741	55	0.0	1208
BZG32_RS16490	136	100.000	498	0	0	1	498	472	969	0.0	920
BZG32_RS16495	136	99.808	522	1	0	1	522	1562	1041	0.0	959
BZG32_RS17420	136	100.000	120	0	0	1	120	3296	3177	3.53e-59	222
BZG32_RS17420	136	96.875	64	1	1	103	165	1568	1505	3.71e-24	106
BZG32_RS16515	201	98.399	687	11	0	1	687	741	55	0.0	1208
BZG32_RS16520	201	100.000	37	0	0	483	519	809	773	1.67e-12	69.4
BZG32_RS16555	16	80.790	557	101	6	1	554	27548	28101	2.73e-121	431
BZG32_RS16575	16	94.683	489	26	0	1	489	22513	23001	0.0	760
BZG32_RS16600	16	93.687	998	59	4	1	996	18942	19937	0.0	1491
BZG32_RS16600	16	83.787	771	120	4	1419	2188	20407	21173	0.0	726
BZG32_RS16605	16	98.636	2346	32	0	1	2346	16610	18955	0.0	4156
BZG32_RS16610	16	99.415	342	2	0	1	342	16251	16592	6.59e-179	621
BZG32_RS16615	16	98.716	2493	32	0	1	2493	13748	16240	0.0	4427
BZG32_RS16620	16	86.559	372	50	0	1	372	11707	12078	2.12e-115	411
BZG32_RS16660	16	98.103	580	11	0	30	609	8576	9155	0.0	1011
BZG32_RS16665	16	98.103	369	7	0	1	369	9187	9555	0.0	643
BZG32_RS16670	16	99.048	315	3	0	1	315	9555	9869	2.87e-162	566
BZG32_RS16675	16	98.551	1035	15	0	1	1035	9862	10896	0.0	1829
BZG32_RS16680	16	99.638	276	1	0	1	276	10886	11161	5.53e-144	505
BZG32_RS16685	16	99.746	393	1	0	1	393	11158	11550	0.0	721
BZG32_RS16695	16	86.022	372	52	0	1	372	11707	12078	4.59e-112	399
BZG32_RS16700	16	98.757	2493	31	0	1	2493	13748	16240	0.0	4433
BZG32_RS16705	16	85.833	240	23	6	1	232	16251	16487	1.68e-65	244
BZG32_RS16710	16	96.762	2347	74	2	1	2346	16610	18955	0.0	3912
BZG32_RS16715	16	99.602	2259	9	0	1	2259	18942	21200	0.0	4122
BZG32_RS16720	16	100.000	759	0	0	1	759	21749	22507	0.0	1402
BZG32_RS16725	16	100.000	489	0	0	1	489	22513	23001	0.0	904
BZG32_RS16735	16	100.000	267	0	0	1	267	23593	23859	1.15e-140	494
BZG32_RS16740	16	100.000	495	0	0	1	495	23892	24386	0.0	915
BZG32_RS16745	16	100.000	417	0	0	1	417	24484	24900	0.0	771
BZG32_RS16750	16	100.000	585	0	0	1	585	24924	25508	0.0	1081
BZG32_RS16755	16	100.000	267	0	0	1	267	25619	25885	1.15e-140	494
BZG32_RS16760	16	100.000	276	0	0	1	276	25878	26153	1.19e-145	510
BZG32_RS16770	16	100.000	186	0	0	1	186	26956	27141	8.27e-96	344
BZG32_RS16775	16	100.000	147	0	0	1	147	27171	27317	3.03e-74	272
BZG32_RS16780	16	98.333	780	13	0	1	780	27548	28327	0.0	1369
BZG32_RS16785	16	98.492	1260	19	0	1	1260	28327	29586	0.0	2222
BZG32_RS16795	16	100.000	729	0	0	1	729	30236	30964	0.0	1347
BZG32_RS16800	16	100.000	411	0	0	1	411	31175	31585	0.0	760
BZG32_RS16805	16	100.000	339	0	0	1	339	31671	32009	1.40e-180	627
BZG32_RS16810	16	100.000	660	0	0	1	660	32224	32883	0.0	1219
BZG32_RS17425	16	93.706	143	9	0	1	143	33012	33154	5.66e-57	215
BZG32_RS16820	161	100.000	1461	0	0	1	1461	80	1540	0.0	2699
BZG32_RS16825	161	100.000	390	0	0	1	390	1905	2294	0.0	721
BZG32_RS16835	161	99.261	541	4	0	1	541	2793	3333	0.0	977
BZG32_RS16865	184	97.268	183	5	0	343	525	1	183	2.55e-85	311
BZG32_RS16875	201	98.238	681	12	0	1	681	735	55	0.0	1192
BZG32_RS16920	166	75.481	1040	235	19	1835	2864	1317	288	1.79e-138	490
BZG32_RS16925	173	93.064	346	24	0	1	346	346	1	2.21e-144	507
BZG32_RS16925	55	98.400	125	2	0	266	390	13629	13505	3.23e-58	220
BZG32_RS16930	55	97.802	182	3	1	1	182	12407	12227	3.51e-86	313
BZG32_RS16945	173	100.000	216	0	0	2	217	216	1	2.53e-112	399
BZG32_RS16945	55	97.600	125	3	0	137	261	13629	13505	9.82e-57	215
BZG32_RS16995	55	95.652	897	39	0	1	897	13402	12506	0.0	1441
BZG32_RS17000	55	96.667	210	7	0	1	210	12401	12192	2.03e-97	350
BZG32_RS17005	55	100.000	252	0	0	1	252	12175	11924	2.58e-132	466
BZG32_RS17010	201	98.253	687	12	0	1	687	741	55	0.0	1203
BZG32_RS17040	159	94.558	294	16	0	1	294	377	84	6.09e-129	455
BZG32_RS17060	201	98.220	618	11	0	1	618	741	124	0.0	1081
BMT03_RS13330	201	97.380	687	12	3	1	681	741	55	0.0	1164
BMT03_RS13375	201	98.390	497	8	0	1	497	741	245	0.0	874
BMT03_RS13400	201	98.947	95	1	0	1	95	149	55	6.80e-44	171
BMT03_RS13405	201	96.311	244	9	0	1	244	393	150	6.53e-113	401
BMT03_RS13430	173	97.840	1759	37	1	344	2101	1759	1	0.0	3037
BMT03_RS13430	55	99.200	125	1	0	2021	2145	13629	13505	3.99e-59	226
BMT03_RS13435	55	97.324	897	24	0	1	897	13402	12506	0.0	1524
BMT03_RS13440	55	96.759	216	7	0	1	216	12407	12192	9.69e-101	361
BMT03_RS13445	55	97.070	273	8	0	1	273	12175	11903	1.20e-130	460
BMT03_RS13450	181	96.159	781	30	0	84	864	1842	1062	0.0	1277
BMT03_RS13450	55	94.343	548	31	0	288	835	1193	646	0.0	841
BMT03_RS13450	55	95.156	289	14	0	1	289	11901	11613	5.16e-129	457
BMT03_RS13475	201	99.274	413	3	0	1	413	741	329	0.0	747
BMT03_RS13475	201	98.106	264	5	0	524	787	318	55	3.62e-130	460
BMT03_RS13570	201	99.697	330	1	0	1	330	741	412	1.57e-173	604
BMT03_RS13570	201	95.238	357	11	1	431	781	411	55	3.45e-160	560
BMT03_RS13670	201	100.000	32	0	0	137	168	1	32	2.99e-10	60.2
BMT03_RS13675	201	99.467	375	2	0	1	375	741	367	0.0	682
BMT03_RS13675	201	96.795	312	10	0	476	787	366	55	1.64e-148	521
BMT03_RS13690	190	80.658	972	185	3	965	1935	1	970	0.0	750
BMT03_RS13695	114	88.024	167	20	0	2	168	4102	3936	6.07e-52	198
BMT03_RS13700	201	97.361	341	9	0	339	679	395	55	2.29e-166	580
CG806_RS00015	114	95.376	173	4	4	391	561	5021	5191	1.29e-73	272
CG806_RS00020	114	100.000	1263	0	0	1	1263	6374	5112	0.0	2333
CG806_RS00030	114	100.000	821	0	0	557	1377	7758	6938	0.0	1517
CG806_RS00030	190	99.820	555	1	0	1	555	1165	1719	0.0	1020
CG806_RS14700	190	100.000	51	0	0	1	51	1081	1131	1.83e-21	95.3
CG806_RS00035	190	100.000	971	0	0	950	1920	1	971	0.0	1794
CG806_RS00035	35	100.000	847	0	0	1	847	22510	23356	0.0	1565
CG806_RS00040	35	100.000	87	0	0	1	87	22408	22494	3.66e-41	161
CG806_RS00050	35	100.000	933	0	0	1	933	21201	22133	0.0	1724
CG806_RS00055	35	99.900	1002	1	0	1	1002	20203	21204	0.0	1845
CG806_RS00060	35	100.000	2178	0	0	1	2178	18029	20206	0.0	4023
CG806_RS00065	35	100.000	2448	0	0	1	2448	15579	18026	0.0	4521
CG806_RS00070	35	100.000	507	0	0	1	507	15089	15595	0.0	937
CG806_RS00075	35	100.000	498	0	0	1	498	14617	15114	0.0	920
CG806_RS00080	35	100.000	222	0	0	1	222	14279	14500	9.78e-116	411
CG806_RS00085	35	99.834	1206	2	0	1	1206	13031	14236	0.0	2217
CG806_RS00090	35	100.000	153	0	0	1	153	12856	13008	1.46e-77	283
CG806_RS00095	35	99.911	1128	1	0	1	1128	11726	12853	0.0	2078
CG806_RS00140	16	96.495	428	12	3	1	425	20766	21193	0.0	704
CG806_RS00145	16	97.674	86	1	1	1	86	21371	21287	2.28e-36	147
CG806_RS00150	16	98.227	564	10	0	166	729	21944	22507	0.0	987
CG806_RS00155	16	94.888	489	24	1	1	488	22513	23001	0.0	763
CG806_RS00175	16	80.431	557	103	6	1	554	27548	28101	6.07e-118	420
CG806_RS00315	189	94.472	597	33	0	1	597	141	737	0.0	920
CG806_RS00315	184	94.137	597	35	0	1	597	370	966	0.0	909
CG806_RS00320	189	88.542	288	33	0	1	288	754	1041	2.87e-97	350
CG806_RS00320	184	87.500	288	36	0	1	288	983	1270	2.89e-92	333
CG806_RS00350	159	76.621	509	100	13	12	515	1467	973	7.14e-71	263
CG806_RS00365	159	91.468	293	24	1	1	293	377	86	8.04e-113	401
CG806_RS00375	166	77.400	1146	241	16	1713	2849	1424	288	0.0	665
CG806_RS00420	16	84.280	528	81	2	1	527	27548	28074	2.72e-146	514
CG806_RS00430	16	91.954	174	14	0	1	174	27144	27317	8.00e-66	244
CG806_RS00475	16	83.391	578	91	5	1	574	24924	25500	1.99e-151	531
CG806_RS00480	39	83.082	331	54	2	1	330	21695	21366	3.38e-82	300
CG806_RS00485	161	97.878	1461	31	0	1	1461	80	1540	0.0	2527
CG806_RS00490	161	99.733	375	1	0	1	375	1920	2294	0.0	688
CG806_RS00495	161	98.319	238	4	0	165	402	2551	2314	1.10e-117	418
CG806_RS00510	184	94.472	597	33	0	1	597	370	966	0.0	920
CG806_RS00510	189	92.965	597	42	0	1	597	141	737	0.0	870
CG806_RS00530	159	95.349	129	6	0	1	129	3256	3384	2.70e-54	206
CG806_RS00535	159	98.413	252	4	0	1	252	3163	2912	1.11e-125	444
CG806_RS00540	159	91.040	1317	118	0	1	1317	2796	1480	0.0	1779
CG806_RS00545	159	87.000	500	61	4	1	498	1475	978	2.21e-160	560
CG806_RS00580	166	77.400	1146	241	16	1713	2849	1424	288	0.0	665
CG806_RS00600	143	97.113	381	11	0	1	381	274	654	0.0	643
CG806_RS00610	143	99.673	306	1	0	1	306	1227	1532	1.29e-160	560
CG806_RS00615	143	98.204	2673	48	0	1	2673	1543	4215	0.0	4671
CG806_RS00625	16	97.958	3918	77	1	1	3915	320	4237	0.0	6789
CG806_RS00630	16	98.319	357	6	0	1	357	4299	4655	1.48e-180	627
CG806_RS00775	173	99.943	1759	0	1	344	2101	1759	1	0.0	3241
CG806_RS00775	55	99.200	125	1	0	2021	2145	13629	13505	3.99e-59	226
CG806_RS00780	55	97.802	182	3	1	1	182	12407	12227	3.09e-86	313
CG806_RS00800	173	100.000	216	0	0	2	217	216	1	2.53e-112	399
CG806_RS00800	55	97.600	125	3	0	137	261	13629	13505	9.82e-57	215
CG806_RS00805	55	97.213	897	25	0	1	897	13402	12506	0.0	1519
CG806_RS00810	55	96.759	216	7	0	1	216	12407	12192	9.69e-101	361
CG806_RS00815	55	97.070	273	8	0	1	273	12175	11903	1.20e-130	460
CG806_RS00820	55	100.000	78	0	0	1	78	11901	11824	3.20e-36	145
CG806_RS00835	159	96.259	294	10	1	1	294	377	85	1.00e-136	481
CG806_RS00865	201	97.962	687	14	0	1	687	741	55	0.0	1192
CG806_RS00935	141	96.650	1761	57	1	1	1761	2848	4606	0.0	2924
CG806_RS00955	141	75.968	749	143	28	1	723	1012	1749	2.09e-97	351
CG806_RS00960	141	94.276	297	17	0	1	297	1877	2173	6.09e-129	455
F1M88_RS14080	201	98.253	687	12	0	1	687	741	55	0.0	1203
F1M88_RS14085	55	95.794	856	36	0	1	856	13402	12547	0.0	1382
F1M88_RS14085	201	100.000	32	0	0	857	888	1	32	1.75e-09	60.2
F1M88_RS14090	173	100.000	216	0	0	2	217	216	1	2.53e-112	399
F1M88_RS14090	55	97.600	125	3	0	137	261	13629	13505	9.82e-57	215
C7I31_RS14080	201	97.797	681	15	0	1	681	735	55	0.0	1175
C7I31_RS14085	166	99.663	297	1	0	1	297	466	170	1.26e-155	544
C7I31_RS14125	147	99.352	463	3	0	51	513	2190	2652	0.0	839
C7I31_RS14125	199	86.193	507	70	0	7	513	559	53	4.84e-157	549
C7I31_RS14145	184	77.241	290	64	2	2	290	957	1245	9.36e-43	169
C7I31_RS14150	184	97.585	621	15	0	1	621	346	966	0.0	1064
C7I31_RS14150	189	95.498	622	27	1	1	621	116	737	0.0	992
C7I31_RS14210	16	87.437	199	25	0	5	203	25285	25483	2.98e-61	230
C7I31_RS14305	201	97.504	681	13	1	1	677	735	55	0.0	1160
C7I32_RS15250	16	99.896	963	1	0	1	963	13691	12729	0.0	1773
C7I32_RS15255	16	100.000	489	0	0	1	489	12303	12791	0.0	904
C7I32_RS15260	16	99.588	486	2	0	1	486	11707	12192	0.0	887
C7I32_RS15265	16	100.000	390	0	0	1	390	11161	11550	0.0	721
C7I32_RS15270	16	100.000	276	0	0	1	276	10886	11161	1.19e-145	510
C7I32_RS15275	16	100.000	1035	0	0	1	1035	9862	10896	0.0	1912
C7I32_RS15280	16	98.730	315	4	0	1	315	9555	9869	1.34e-160	560
C7I32_RS15285	16	97.602	417	10	0	1	417	9139	9555	0.0	715
C7I32_RS15290	16	97.411	618	16	0	1	618	8538	9155	0.0	1053
C7I32_RS15295	16	99.286	140	1	0	8	147	8396	8535	1.10e-68	254
C7I32_RS15310	16	99.383	1135	7	0	1	1135	7264	8398	0.0	2058
C7I32_RS15315	16	97.902	858	9	5	1	849	6381	7238	0.0	1476
C7I32_RS15320	16	99.431	879	5	0	1	879	5480	6358	0.0	1596
C7I32_RS15325	16	100.000	261	0	0	1	261	5209	5469	2.44e-137	483
C7I32_RS15330	16	99.740	385	1	0	1	385	4677	5061	0.0	706
C7I32_RS15335	16	100.000	357	0	0	1	357	4299	4655	0.0	660
C7I32_RS15340	16	95.637	3919	169	2	1	3918	320	4237	0.0	6288
C7I32_RS15350	143	96.486	2675	90	3	1	2673	1543	4215	0.0	4416
C7I32_RS15355	143	95.425	306	14	0	1	306	1227	1532	6.20e-139	488
C7I32_RS15365	143	97.375	381	10	0	1	381	274	654	0.0	649
C7I32_RS15405	159	95.918	294	11	1	1	294	377	85	4.67e-135	475
C7I32_RS15415	166	77.400	1146	241	16	1713	2849	1424	288	0.0	665
C7I32_RS15430	159	76.228	509	102	13	12	515	1467	973	1.55e-67	252
C7I32_RS15545	16	80.610	557	102	6	1	554	27548	28101	1.31e-119	425
C7I32_RS15565	16	95.092	489	24	0	1	489	22513	23001	0.0	771
C7I32_RS15570	16	98.227	564	10	0	223	786	21944	22507	0.0	987
C7I32_RS15580	16	98.801	2252	24	3	1	2249	18942	21193	0.0	4006
C7I32_RS15585	16	98.849	2346	27	0	1	2346	16610	18955	0.0	4183
C7I32_RS15590	16	99.747	396	0	1	1	395	16197	16592	0.0	725
C7I32_RS15595	16	99.479	2493	13	0	1	2493	13748	16240	0.0	4532
C7I32_RS15605	16	96.981	2352	65	4	1	2352	16610	18955	0.0	3945
C7I32_RS15610	16	99.646	2259	8	0	1	2259	18942	21200	0.0	4128
C7I32_RS15615	16	100.000	786	0	0	1	786	21722	22507	0.0	1452
C7I32_RS15620	16	100.000	489	0	0	1	489	22513	23001	0.0	904
C7I32_RS15625	16	99.251	267	2	0	1	267	23593	23859	2.50e-137	483
C7I32_RS15630	16	98.788	495	6	0	1	495	23892	24386	0.0	881
C7I32_RS15635	16	99.041	417	4	0	1	417	24484	24900	0.0	749
C7I32_RS15640	16	96.239	585	22	0	1	585	24924	25508	0.0	959
C7I32_RS15645	16	100.000	267	0	0	1	267	25619	25885	1.15e-140	494
C7I32_RS15650	16	98.551	276	4	0	1	276	25878	26153	5.57e-139	488
C7I32_RS15660	16	100.000	186	0	0	1	186	26956	27141	8.27e-96	344
C7I32_RS15665	16	97.917	192	4	0	1	192	27126	27317	1.85e-92	333
C7I32_RS15670	16	85.444	529	73	4	1	527	27548	28074	2.68e-156	547
C7I32_RS15685	16	96.708	729	24	0	1	729	30236	30964	0.0	1214
C7I32_RS15690	16	99.270	411	3	0	1	411	31175	31585	0.0	743
C7I32_RS15695	16	95.870	339	14	0	1	339	31671	32009	3.13e-157	549
C7I32_RS15725	159	76.031	509	103	13	12	515	1467	973	7.19e-66	246
C7I32_RS15740	159	95.548	292	12	1	1	292	377	87	2.81e-132	466
C7I32_RS15775	143	97.113	381	11	0	1	381	274	654	0.0	643
C7I32_RS15785	143	96.732	306	10	0	1	306	1227	1532	1.32e-145	510
C7I32_RS15790	143	95.612	1071	47	0	1606	2676	3145	4215	0.0	1718
C7I32_RS15790	143	95.396	934	39	3	1	932	1543	2474	0.0	1483
C7I32_RS15800	16	96.250	3920	143	4	1	3918	320	4237	0.0	6421
C7I32_RS15805	16	97.479	357	6	1	1	354	4299	4655	1.92e-174	606
C7I32_RS15810	16	94.211	190	10	1	1	190	4677	4865	7.88e-79	289
C7I32_RS15810	16	92.742	124	9	0	229	352	4938	5061	4.95e-46	180
C7I32_RS15815	16	100.000	261	0	0	1	261	5209	5469	2.44e-137	483
C7I32_RS15820	16	98.749	879	11	0	1	879	5480	6358	0.0	1563
C7I32_RS15825	16	99.301	858	6	0	1	858	6381	7238	0.0	1552
C7I32_RS15830	16	99.295	1135	8	0	1	1135	7264	8398	0.0	2052
C7I32_RS15845	16	99.286	140	1	0	8	147	8396	8535	1.10e-68	254
C7I32_RS15850	16	98.382	618	10	0	1	618	8538	9155	0.0	1086
C7I32_RS15855	16	98.321	417	7	0	1	417	9139	9555	0.0	732
C7I32_RS15860	16	98.730	315	4	0	1	315	9555	9869	1.34e-160	560
C7I32_RS15865	16	99.420	1035	6	0	1	1035	9862	10896	0.0	1879
C7I32_RS15870	16	99.275	276	2	0	1	276	10886	11161	2.57e-142	499
C7I32_RS15875	16	98.974	390	4	0	1	390	11161	11550	0.0	699
C7I32_RS15880	16	95.885	486	20	0	1	486	11707	12192	0.0	787
C7I32_RS15885	16	98.664	524	7	0	2	525	12268	12791	0.0	929
C7I32_RS15900	16	98.757	2493	31	0	1	2493	13748	16240	0.0	4433
C7I32_RS15945	166	77.400	1146	241	16	1713	2849	1424	288	0.0	665
DOU32_RS14345	201	98.678	681	9	0	1	681	735	55	0.0	1208
DOU32_RS14390	201	98.385	681	11	0	1	681	735	55	0.0	1197
DOU32_RS14480	16	79.713	557	107	6	1	554	27548	28101	2.85e-111	398
DOU32_RS14490	16	91.146	192	17	0	1	192	27126	27317	8.87e-71	261
DOU32_RS14540	201	98.678	681	9	0	1	681	735	55	0.0	1208
DOU32_RS14615	159	95.578	294	13	0	1	294	377	84	6.04e-134	472
DOU32_RS14645	189	98.454	194	3	0	1	194	1319	1512	3.24e-95	342
DOU32_RS14650	189	98.667	225	3	0	1	225	1035	1259	2.15e-112	399
DOU32_RS14650	184	91.150	226	15	3	1	225	1264	1485	6.23e-83	302
DOU32_RS14655	189	91.083	314	28	0	2	315	728	1041	5.08e-120	425
DOU32_RS14655	184	91.083	314	28	0	2	315	957	1270	5.08e-120	425
DOU32_RS14660	189	89.888	623	60	3	1	621	116	737	0.0	798
DOU32_RS14660	184	87.299	622	77	2	1	621	346	966	0.0	710
DOU31_RS14415	201	98.678	681	9	0	1	681	735	55	0.0	1208
DOU31_RS14450	201	98.385	681	11	0	1	681	735	55	0.0	1197
DOU31_RS14495	201	98.532	681	10	0	1	681	735	55	0.0	1203
DOU31_RS14585	189	89.888	623	60	3	1	621	116	737	0.0	798
DOU31_RS14585	184	87.299	622	77	2	1	621	346	966	0.0	710
DOU31_RS14590	189	91.083	314	28	0	2	315	728	1041	5.08e-120	425
DOU31_RS14590	184	91.083	314	28	0	2	315	957	1270	5.08e-120	425
DOU31_RS14595	189	98.667	225	3	0	1	225	1035	1259	2.15e-112	399
DOU31_RS14595	184	91.150	226	15	3	1	225	1264	1485	6.23e-83	302
DOU31_RS14600	189	98.454	194	3	0	1	194	1319	1512	3.24e-95	342
DOU31_RS14630	159	95.578	294	13	0	1	294	377	84	6.04e-134	472
DOU31_RS14765	201	97.944	681	14	0	1	681	735	55	0.0	1181
DOU31_RS14905	16	98.599	357	5	0	1	357	4299	4655	0.0	632
DOU31_RS14910	16	97.710	2227	51	0	1656	3882	2011	4237	0.0	3831
DOU31_RS14910	16	97.355	794	12	1	1	785	320	1113	0.0	1341
DOU31_RS14915	16	100.000	108	0	0	283	390	1	108	4.21e-52	200
DOU31_RS14920	143	97.949	195	4	0	1	195	4294	4488	4.05e-94	339
DOU31_RS14935	143	96.359	1071	39	0	1603	2673	3145	4215	0.0	1762
DOU31_RS14935	143	96.348	931	30	3	1	929	1543	2471	0.0	1528
DOU31_RS14940	143	98.467	261	4	0	1	261	1263	1523	1.18e-130	460
DOU31_RS14950	143	100.000	381	0	0	1	381	274	654	0.0	704
DOU31_RS14980	159	100.000	300	0	0	1	300	377	78	5.90e-159	555
DOU31_RS14985	159	98.810	84	1	0	1	84	715	632	7.57e-38	150
DOU31_RS14995	159	99.213	508	3	1	1	508	1475	969	0.0	915
DOU31_RS15000	159	97.115	1317	38	0	1	1317	2796	1480	0.0	2222
DOU31_RS15005	159	99.206	252	2	0	1	252	3163	2912	5.12e-129	455
DOU31_RS15035	189	96.785	622	19	1	1	621	116	737	0.0	1037
DOU31_RS15035	184	92.754	621	45	0	1	621	346	966	0.0	898
DOU31_RS15095	199	86.675	758	99	2	154	910	809	53	0.0	839
DOU31_RS15095	147	99.136	463	4	0	448	910	2190	2652	0.0	833
DR75_RS00005	16	94.695	509	7	1	1	509	22513	23001	0.0	773
DR75_RS00015	16	98.227	564	10	0	223	786	21944	22507	0.0	987
DR75_RS00025	16	98.801	2252	24	3	1	2249	18942	21193	0.0	4006
DR75_RS00030	16	96.726	2352	71	4	1	2352	16610	18955	0.0	3912
DR75_RS00075	159	96.167	287	11	0	1	287	377	91	2.13e-133	470
DR75_RS15320	166	77.487	1146	240	16	1710	2846	1424	288	0.0	671
DR75_RS00160	109	99.751	401	1	0	560	960	447	47	0.0	736
DR75_RS00160	109	94.937	79	4	0	1	79	503	425	6.62e-29	124
DR75_RS00165	200	99.583	960	4	0	1	960	98	1057	0.0	1751
DR75_RS00190	16	97.935	339	7	0	1	339	31671	32009	6.63e-169	588
DR75_RS00195	16	96.594	411	14	0	1	411	31175	31585	0.0	682
DR75_RS00200	16	97.119	729	21	0	1	729	30236	30964	0.0	1230
DR75_RS00205	16	99.762	1260	3	0	1	1260	28327	29586	0.0	2311
DR75_RS00210	16	98.333	780	13	0	1	780	27548	28327	0.0	1369
DR75_RS00215	16	97.279	147	4	0	1	147	27171	27317	1.42e-67	250
DR75_RS00220	16	97.312	186	5	0	1	186	26956	27141	1.80e-87	316
DR75_RS00225	16	97.826	276	6	0	1	276	25878	26153	1.20e-135	477
DR75_RS00230	16	100.000	267	0	0	1	267	25619	25885	1.15e-140	494
DR75_RS00235	16	96.410	585	21	0	1	585	24924	25508	0.0	965
DR75_RS00240	16	97.842	417	9	0	1	417	24484	24900	0.0	721
DR75_RS00250	16	97.963	491	10	0	1	491	23892	24382	0.0	852
DR75_RS00255	16	99.625	267	1	0	1	267	23593	23859	5.37e-139	488
DR75_RS00320	184	95.628	183	8	0	343	525	1	183	2.56e-80	294
DR75_RS00325	189	90.048	623	59	3	1	621	116	737	0.0	804
DR75_RS00325	184	87.781	622	74	2	1	621	346	966	0.0	726
DR75_RS00330	189	95.541	314	14	0	2	315	728	1041	2.28e-143	503
DR75_RS00330	184	95.541	314	14	0	2	315	957	1270	2.28e-143	503
DR75_RS00335	189	98.667	225	3	0	1	225	1035	1259	2.15e-112	399
DR75_RS00335	184	91.593	226	14	3	1	225	1264	1485	1.34e-84	307
DR75_RS00340	189	97.423	194	5	0	1	194	1319	1512	7.37e-92	331
DR75_RS15350	166	77.400	1146	239	18	1711	2845	1424	288	0.0	664
DR75_RS00415	16	96.403	2224	79	1	3	2226	2015	4237	0.0	3663
DR75_RS00420	16	98.039	357	7	0	1	357	4299	4655	6.90e-179	621
DR75_RS00545	16	85.045	555	81	2	1	554	27548	28101	2.64e-161	564
DR75_RS00555	16	91.146	192	17	0	1	192	27126	27317	8.87e-71	261
EF_RS15805	143	98.163	381	7	0	1	381	274	654	0.0	665
EF_RS15810	143	95.623	297	13	0	1	297	1227	1523	1.34e-135	477
EF_RS15815	143	97.081	2672	74	3	1	2670	1543	4212	0.0	4499
EF_RS15820	16	97.039	3918	116	0	1	3918	320	4237	0.0	6593
EF_RS15825	16	96.639	357	12	0	1	357	4299	4655	1.50e-170	593
EF_RS15930	16	79.533	557	108	6	1	554	27548	28101	1.32e-109	392
EF_RS15940	16	91.146	192	17	0	1	192	27126	27317	8.87e-71	261
EF_RS15970	16	83.362	577	93	3	1	574	24924	25500	1.99e-151	531
EF_RS15975	39	82.298	322	55	2	1	321	21686	21366	1.54e-75	278
EF_RS15980	161	97.947	1461	30	0	1	1461	80	1540	0.0	2532
EF_RS16005	198	80.392	1173	218	11	1	1167	101	1267	0.0	881
EF_RS16045	159	95.976	1317	53	0	1	1317	2796	1480	0.0	2139
EF_RS16050	159	91.142	508	43	2	1	507	1475	969	0.0	688
EF_RS16055	159	97.619	84	2	0	1	84	715	632	3.52e-36	145
EF_RS16060	159	96.599	294	10	0	1	294	377	84	6.00e-139	488
EF_RS16080	201	97.944	681	14	0	1	681	735	55	0.0	1181
EF_RS16090	198	80.392	1173	218	11	1	1167	101	1267	0.0	881
EF_RS16100	201	100.000	37	0	0	1011	1047	809	773	3.44e-12	69.4
EF_RS16105	201	98.385	681	11	0	1	681	735	55	0.0	1197
EF_RS16115	189	96.624	622	20	1	1	621	116	737	0.0	1031
EF_RS16115	184	95.652	621	27	0	1	621	346	966	0.0	998
EF_RS16120	189	96.129	310	12	0	2	311	728	1037	1.75e-144	507
EF_RS16120	184	93.528	309	20	0	2	310	957	1265	1.38e-130	460
EF_RS16135	159	98.016	252	5	0	1	252	3163	2912	5.15e-124	438
EF_RS16140	159	90.585	1317	124	0	1	1317	2796	1480	0.0	1746
EF_RS16145	159	87.174	499	62	2	1	498	1475	978	4.74e-162	566
EF_RS16190	201	98.385	681	11	0	1	681	735	55	0.0	1197
EF_RS16205	201	98.385	681	11	0	1	681	735	55	0.0	1197
EF_RS16220	201	98.385	681	11	0	1	681	735	55	0.0	1197
EF_RS16225	201	100.000	38	0	0	455	492	810	773	4.39e-13	71.3
EF_RS16255	16	80.790	557	101	6	1	554	27548	28101	2.73e-121	431
EF_RS16270	16	94.683	489	26	0	1	489	22513	23001	0.0	760
EF_RS16280	16	93.687	998	59	4	1	996	18942	19937	0.0	1491
EF_RS16280	16	83.787	771	120	4	1419	2188	20407	21173	0.0	726
EF_RS16285	16	98.636	2346	32	0	1	2346	16610	18955	0.0	4156
EF_RS16290	16	99.495	396	2	0	1	396	16197	16592	0.0	721
EF_RS16295	16	98.676	2493	33	0	1	2493	13748	16240	0.0	4421
EF_RS16300	16	86.559	372	50	0	1	372	11707	12078	2.12e-115	411
EF_RS16305	16	99.744	390	1	0	1	390	11161	11550	0.0	715
EF_RS16310	16	99.638	276	1	0	1	276	10886	11161	5.53e-144	505
EF_RS16315	16	99.903	1035	1	0	1	1035	9862	10896	0.0	1906
EF_RS16320	16	98.413	315	5	0	1	315	9555	9869	6.21e-159	555
EF_RS16325	16	98.321	417	7	0	1	417	9139	9555	0.0	732
EF_RS16330	16	98.382	618	10	0	1	618	8538	9155	0.0	1086
EF_RS16335	16	98.821	1272	15	0	1	1272	7264	8535	0.0	2266
EF_RS16340	16	98.485	858	13	0	1	858	6381	7238	0.0	1513
EF_RS16345	16	99.204	879	7	0	1	879	5480	6358	0.0	1585
EF_RS16350	16	99.617	261	1	0	1	261	5209	5469	1.13e-135	477
EF_RS16355	16	97.662	385	9	0	1	385	4677	5061	0.0	662
EF_RS16360	16	98.039	357	4	1	1	354	4299	4655	8.85e-178	617
EF_RS16365	16	96.318	2227	82	0	1665	3891	2011	4237	0.0	3659
EF_RS16365	16	94.081	794	47	0	1	794	320	1113	0.0	1206
EF_RS16375	143	95.612	1071	47	0	1603	2673	3145	4215	0.0	1718
EF_RS16375	143	95.274	931	40	3	1	929	1543	2471	0.0	1472
EF_RS16380	143	95.286	297	14	0	1	297	1227	1523	6.24e-134	472
EF_RS16390	201	98.385	681	11	0	1	681	735	55	0.0	1197
EF_RS16405	198	80.392	1173	218	11	1	1167	101	1267	0.0	881
EF_RS16420	198	80.392	1173	218	11	1	1167	101	1267	0.0	881
EF_RS16425	201	98.385	681	11	0	1	681	735	55	0.0	1197
EF_RS16465	189	96.785	622	19	1	1	621	116	737	0.0	1037
EF_RS16465	184	95.813	621	26	0	1	621	346	966	0.0	1003
EF_RS16470	189	97.569	288	7	0	1	288	754	1041	1.25e-140	494
EF_RS16470	184	94.444	288	16	0	1	288	983	1270	1.28e-125	444
EF_RS16475	189	97.778	225	5	0	1	225	1035	1259	4.65e-109	388
EF_RS16475	184	90.708	226	16	3	1	225	1264	1485	2.90e-81	296
EF_RS16480	189	95.238	210	10	0	1	210	1319	1528	2.05e-92	333
EL279_RS14650	189	94.364	621	34	1	1	620	116	736	0.0	952
EL279_RS14650	184	93.548	620	40	0	1	620	346	965	0.0	924
EL279_RS14685	159	99.333	300	2	0	1	300	377	78	1.28e-155	544
EL279_RS14715	143	100.000	381	0	0	1	381	274	654	0.0	704
EL279_RS14725	143	97.386	306	8	0	1	306	1227	1532	6.11e-149	521
EL279_RS14730	143	95.425	1071	49	0	1606	2676	3145	4215	0.0	1707
EL279_RS14730	143	95.182	934	41	3	1	932	1543	2474	0.0	1472
EL279_RS14740	16	95.765	3920	162	4	1	3918	320	4237	0.0	6316
EL279_RS14745	16	98.599	357	5	0	1	357	4299	4655	0.0	632
EL279_RS14750	16	97.662	385	9	0	1	385	4677	5061	0.0	662
EL279_RS14755	16	100.000	261	0	0	1	261	5209	5469	2.44e-137	483
EL279_RS14760	16	98.976	879	9	0	1	879	5480	6358	0.0	1574
EL279_RS14765	16	96.620	858	11	1	1	840	6381	7238	0.0	1408
EL279_RS14770	16	99.292	1272	9	0	1	1272	7264	8535	0.0	2300
EL279_RS14775	16	97.896	618	13	0	1	618	8538	9155	0.0	1070
EL279_RS14780	16	97.362	417	11	0	1	417	9139	9555	0.0	710
EL279_RS14790	16	99.000	300	3	0	1	300	9570	9869	5.94e-154	538
EL279_RS14795	16	98.647	1035	14	0	1	1035	9862	10896	0.0	1834
EL279_RS14800	16	99.638	276	1	0	1	276	10886	11161	5.53e-144	505
EL279_RS14805	16	99.744	390	1	0	1	390	11161	11550	0.0	715
EL279_RS14815	16	86.022	372	52	0	1	372	11707	12078	4.59e-112	399
EL279_RS14820	16	98.757	2493	31	0	1	2493	13748	16240	0.0	4433
EL279_RS14825	16	99.495	396	2	0	1	396	16197	16592	0.0	721
EL279_RS14830	16	99.020	2346	23	0	1	2346	16610	18955	0.0	4205
EL279_RS14835	16	98.091	2252	40	3	1	2249	18942	21193	0.0	3917
EL279_RS14845	16	98.227	564	10	0	223	786	21944	22507	0.0	987
EL279_RS14850	16	96.115	489	19	0	1	489	22513	23001	0.0	798
EL279_RS14870	16	80.431	557	103	6	1	554	27548	28101	6.07e-118	420
EL279_RS14895	201	98.385	681	11	0	1	681	735	55	0.0	1197
EL279_RS14905	201	84.018	682	107	2	1	681	735	55	0.0	654
EL279_RS14940	201	85.191	682	99	2	1	681	735	55	0.0	699
EL279_RS14970	201	98.532	681	10	0	1	681	735	55	0.0	1203
EL279_RS14975	136	100.000	498	0	0	1	498	472	969	0.0	920
EL279_RS14980	136	99.949	1953	1	0	1	1953	2993	1041	0.0	3602
EL279_RS14985	136	99.578	237	1	0	1	237	3236	3000	2.24e-122	433
EL279_RS14990	173	96.187	1757	66	1	40	1795	1757	1	0.0	2872
EL279_RS14995	55	97.547	897	22	0	1	897	13402	12506	0.0	1535
EL279_RS15000	55	96.667	210	7	0	1	210	12401	12192	2.03e-97	350
EL279_RS15005	181	98.925	93	1	0	181	273	2019	1927	2.93e-42	167
EL279_RS15010	181	95.023	864	43	0	1	864	1925	1062	0.0	1358
EL279_RS15010	55	97.263	548	15	0	288	835	1193	646	0.0	929
EL279_RS15010	55	94.175	206	12	0	84	289	11818	11613	3.29e-86	315
EL279_RS15015	181	98.976	293	3	0	1	293	293	1	7.90e-150	525
EL279_RS15040	201	98.385	681	11	0	1	681	735	55	0.0	1197
EL279_RS15055	199	99.830	1179	2	0	1	1179	1231	53	0.0	2167
EL279_RS15055	147	86.364	462	63	0	718	1179	2191	2652	2.50e-143	505
EL279_RS15095	173	100.000	116	0	0	26	141	216	101	4.93e-57	215
EL279_RS15185	199	99.830	1179	2	0	1	1179	1231	53	0.0	2167
EL279_RS15185	147	86.364	462	63	0	718	1179	2191	2652	2.50e-143	505
EL279_RS15290	143	97.190	1744	49	0	253	1996	1804	3547	0.0	2950
EL279_RS15295	16	96.296	108	4	0	282	389	1	108	1.97e-45	178
EL279_RS15300	16	92.997	3941	230	14	1	3918	320	4237	0.0	5707
EL279_RS15575	189	94.212	622	35	1	1	621	116	737	0.0	948
EL279_RS15575	184	93.881	621	38	0	1	621	346	966	0.0	937
EL279_RS15585	184	91.262	206	14	4	1	204	1264	1467	1.00e-75	278
EL279_RS15585	189	89.000	200	20	2	1	199	1035	1233	2.83e-66	246
EL279_RS15610	159	98.810	252	3	0	1	252	3163	2912	2.38e-127	449
EL279_RS15615	159	89.522	1317	138	0	1	1317	2796	1480	0.0	1668
EL279_RS15620	159	87.800	500	57	4	1	498	1475	978	4.71e-167	582
EL279_RS15655	173	95.909	1760	69	3	344	2101	1759	1	0.0	2848
EL279_RS15660	55	96.878	897	28	0	1	897	13402	12506	0.0	1502
EL279_RS15665	55	99.048	210	2	0	1	210	12401	12192	9.33e-106	377
EL279_RS15670	55	82.437	279	37	11	1	273	12175	11903	2.85e-62	233
EL279_RS15670	181	100.000	93	0	0	181	273	2019	1927	6.29e-44	172
EL279_RS15675	181	96.412	864	31	0	1	864	1925	1062	0.0	1424
EL279_RS15675	55	90.876	548	50	0	288	835	1193	646	0.0	736
EL279_RS15675	55	89.806	206	21	0	84	289	11818	11613	3.36e-71	265
EL279_RS15710	181	99.686	318	1	0	1	318	621	304	2.88e-167	582
EL279_RS15720	181	91.549	284	24	0	1	284	284	1	8.36e-110	392
EL279_RS15850	35	99.678	933	3	0	1	933	21201	22133	0.0	1707
EL279_RS15855	35	98.291	117	2	0	1	117	22378	22494	2.40e-54	206
EL279_RS15860	190	97.219	971	27	0	950	1920	1	971	0.0	1644
EL279_RS15860	35	93.262	846	57	0	1	846	22510	23355	0.0	1247
EL279_RS15865	114	100.000	168	0	0	1	168	4103	3936	7.48e-86	311
EL279_RS15870	114	100.000	354	0	0	1	354	3523	3876	0.0	654
EL279_RS15880	114	100.000	182	0	0	1	182	3018	2837	3.32e-93	337
EL279_RS15900	201	97.504	681	17	0	1	681	735	55	0.0	1164
EL279_RS15915	201	98.238	681	12	0	1	681	735	55	0.0	1192
EL279_RS15960	201	99.853	681	1	0	1	681	735	55	0.0	1253
EL279_RS15985	201	98.678	681	9	0	1	681	735	55	0.0	1208
EL240_RS14655	189	94.364	621	34	1	1	620	116	736	0.0	952
EL240_RS14655	184	93.548	620	40	0	1	620	346	965	0.0	924
EL240_RS14690	159	99.333	300	2	0	1	300	377	78	1.28e-155	544
EL240_RS14720	143	100.000	381	0	0	1	381	274	654	0.0	704
EL240_RS14730	143	97.386	306	8	0	1	306	1227	1532	6.11e-149	521
EL240_RS14735	143	95.425	1071	49	0	1606	2676	3145	4215	0.0	1707
EL240_RS14735	143	95.182	934	41	3	1	932	1543	2474	0.0	1472
EL240_RS14745	16	95.765	3920	162	4	1	3918	320	4237	0.0	6316
EL240_RS14750	16	98.599	357	5	0	1	357	4299	4655	0.0	632
EL240_RS14755	16	97.662	385	9	0	1	385	4677	5061	0.0	662
EL240_RS14760	16	100.000	261	0	0	1	261	5209	5469	2.44e-137	483
EL240_RS14765	16	98.976	879	9	0	1	879	5480	6358	0.0	1574
EL240_RS14770	16	96.620	858	11	1	1	840	6381	7238	0.0	1408
EL240_RS14775	16	99.292	1272	9	0	1	1272	7264	8535	0.0	2300
EL240_RS14780	16	97.896	618	13	0	1	618	8538	9155	0.0	1070
EL240_RS14785	16	97.362	417	11	0	1	417	9139	9555	0.0	710
EL240_RS14795	16	99.000	300	3	0	1	300	9570	9869	5.94e-154	538
EL240_RS14800	16	98.647	1035	14	0	1	1035	9862	10896	0.0	1834
EL240_RS14805	16	99.638	276	1	0	1	276	10886	11161	5.53e-144	505
EL240_RS14810	16	99.744	390	1	0	1	390	11161	11550	0.0	715
EL240_RS14820	16	86.022	372	52	0	1	372	11707	12078	4.59e-112	399
EL240_RS14825	16	98.757	2493	31	0	1	2493	13748	16240	0.0	4433
EL240_RS14830	16	99.495	396	2	0	1	396	16197	16592	0.0	721
EL240_RS14835	16	99.020	2346	23	0	1	2346	16610	18955	0.0	4205
EL240_RS14840	16	98.091	2252	40	3	1	2249	18942	21193	0.0	3917
EL240_RS14850	16	98.227	564	10	0	223	786	21944	22507	0.0	987
EL240_RS14855	16	96.115	489	19	0	1	489	22513	23001	0.0	798
EL240_RS14875	16	80.431	557	103	6	1	554	27548	28101	6.07e-118	420
EL240_RS14900	201	98.385	681	11	0	1	681	735	55	0.0	1197
EL240_RS14910	201	84.018	682	107	2	1	681	735	55	0.0	654
EL240_RS14945	201	85.191	682	99	2	1	681	735	55	0.0	699
EL240_RS14975	201	98.532	681	10	0	1	681	735	55	0.0	1203
EL240_RS14980	136	100.000	498	0	0	1	498	472	969	0.0	920
EL240_RS14985	136	99.949	1953	1	0	1	1953	2993	1041	0.0	3602
EL240_RS14990	136	99.578	237	1	0	1	237	3236	3000	2.24e-122	433
EL240_RS14995	173	96.187	1757	66	1	40	1795	1757	1	0.0	2872
EL240_RS15000	55	97.547	897	22	0	1	897	13402	12506	0.0	1535
EL240_RS15005	55	96.667	210	7	0	1	210	12401	12192	2.03e-97	350
EL240_RS15010	181	98.925	93	1	0	181	273	2019	1927	2.93e-42	167
EL240_RS15015	181	95.023	864	43	0	1	864	1925	1062	0.0	1358
EL240_RS15015	55	97.263	548	15	0	288	835	1193	646	0.0	929
EL240_RS15015	55	94.175	206	12	0	84	289	11818	11613	3.29e-86	315
EL240_RS15020	181	98.976	293	3	0	1	293	293	1	7.90e-150	525
EL240_RS15045	201	98.385	681	11	0	1	681	735	55	0.0	1197
EL240_RS15060	199	99.830	1179	2	0	1	1179	1231	53	0.0	2167
EL240_RS15060	147	86.364	462	63	0	718	1179	2191	2652	2.50e-143	505
EL240_RS15100	173	100.000	116	0	0	26	141	216	101	4.93e-57	215
EL240_RS15190	199	99.830	1179	2	0	1	1179	1231	53	0.0	2167
EL240_RS15190	147	86.364	462	63	0	718	1179	2191	2652	2.50e-143	505
EL240_RS15295	143	97.190	1744	49	0	253	1996	1804	3547	0.0	2950
EL240_RS15300	16	96.296	108	4	0	282	389	1	108	1.97e-45	178
EL240_RS15305	16	92.997	3941	230	14	1	3918	320	4237	0.0	5707
EL240_RS15580	189	94.212	622	35	1	1	621	116	737	0.0	948
EL240_RS15580	184	93.881	621	38	0	1	621	346	966	0.0	937
EL240_RS15590	184	91.262	206	14	4	1	204	1264	1467	1.00e-75	278
EL240_RS15590	189	89.000	200	20	2	1	199	1035	1233	2.83e-66	246
EL240_RS15615	159	98.810	252	3	0	1	252	3163	2912	2.38e-127	449
EL240_RS15620	159	89.522	1317	138	0	1	1317	2796	1480	0.0	1668
EL240_RS15625	159	87.800	500	57	4	1	498	1475	978	4.71e-167	582
EL240_RS15660	173	95.909	1760	69	3	344	2101	1759	1	0.0	2848
EL240_RS15665	55	96.878	897	28	0	1	897	13402	12506	0.0	1502
EL240_RS15670	55	99.048	210	2	0	1	210	12401	12192	9.33e-106	377
EL240_RS15675	55	82.437	279	37	11	1	273	12175	11903	2.85e-62	233
EL240_RS15675	181	100.000	93	0	0	181	273	2019	1927	6.29e-44	172
EL240_RS15680	181	96.412	864	31	0	1	864	1925	1062	0.0	1424
EL240_RS15680	55	90.876	548	50	0	288	835	1193	646	0.0	736
EL240_RS15680	55	89.806	206	21	0	84	289	11818	11613	3.36e-71	265
EL240_RS15715	181	99.686	318	1	0	1	318	621	304	2.88e-167	582
EL240_RS15725	181	91.549	284	24	0	1	284	284	1	8.36e-110	392
EL240_RS15855	35	99.678	933	3	0	1	933	21201	22133	0.0	1707
EL240_RS15860	35	98.291	117	2	0	1	117	22378	22494	2.40e-54	206
EL240_RS15865	190	97.219	971	27	0	950	1920	1	971	0.0	1644
EL240_RS15865	35	93.262	846	57	0	1	846	22510	23355	0.0	1247
EL240_RS15870	114	100.000	168	0	0	1	168	4103	3936	7.48e-86	311
EL240_RS15875	114	100.000	354	0	0	1	354	3523	3876	0.0	654
EL240_RS15885	114	100.000	182	0	0	1	182	3018	2837	3.32e-93	337
EL240_RS15905	201	97.504	681	17	0	1	681	735	55	0.0	1164
EL240_RS15920	201	98.238	681	12	0	1	681	735	55	0.0	1192
EL240_RS15965	201	99.853	681	1	0	1	681	735	55	0.0	1253
EL240_RS15990	201	98.678	681	9	0	1	681	735	55	0.0	1208
FOV01_RS13345	16	91.890	3872	274	27	1	3855	320	4168	0.0	5374
FOV01_RS13355	143	94.096	1084	64	0	2	1085	3132	4215	0.0	1663
FOV01_RS13360	143	95.910	929	38	0	1	929	1543	2471	0.0	1539
FOV01_RS13360	143	94.545	330	14	2	1293	1618	3717	4046	9.61e-144	507
FOV01_RS13365	143	97.712	306	7	0	1	306	1227	1532	1.31e-150	527
FOV01_RS13390	16	99.298	570	4	0	1	570	12222	12791	0.0	1031
FOV01_RS13395	16	99.588	486	2	0	1	486	11707	12192	0.0	887
FOV01_RS13400	16	99.231	390	3	0	1	390	11161	11550	0.0	704
FOV01_RS13405	16	98.913	276	3	0	1	276	10886	11161	1.20e-140	494
FOV01_RS13410	16	99.614	1035	4	0	1	1035	9862	10896	0.0	1890
FOV01_RS13415	16	98.413	315	5	0	1	315	9555	9869	6.21e-159	555
FOV01_RS13420	16	98.721	391	5	0	1	391	9139	9529	0.0	695
FOV01_RS13425	16	98.382	618	10	0	1	618	8538	9155	0.0	1086
FOV01_RS13430	16	100.000	141	0	0	6	146	8395	8535	6.50e-71	261
FOV01_RS13435	16	99.125	1143	9	1	1	1142	7264	8406	0.0	2054
FOV01_RS13440	16	98.951	858	0	1	1	849	6381	7238	0.0	1526
FOV01_RS13445	16	99.204	879	7	0	1	879	5480	6358	0.0	1585
FOV01_RS13450	16	98.851	261	3	0	1	261	5209	5469	2.45e-132	466
FOV01_RS13460	16	98.880	357	4	0	1	357	4299	4655	0.0	638
FOV01_RS13465	16	96.988	3719	112	0	1	3719	519	4237	0.0	6248
FOV01_RS13510	159	96.939	294	8	1	1	294	377	85	4.64e-140	492
FOV01_RS13515	166	98.883	179	2	0	6	184	685	507	1.38e-88	320
FOV01_RS13550	16	97.955	489	10	0	1	489	22513	23001	0.0	848
FOV01_RS13555	16	98.759	564	7	0	223	786	21944	22507	0.0	1003
FOV01_RS13565	16	96.314	2252	80	3	1	2249	18942	21193	0.0	3696
FOV01_RS13570	16	99.147	2346	20	0	1	2346	16610	18955	0.0	4222
FOV01_RS13575	16	99.747	396	0	1	1	395	16197	16592	0.0	725
FOV01_RS13580	16	99.398	2493	15	0	1	2493	13748	16240	0.0	4521
FOV01_RS13585	16	99.282	557	4	0	1	557	13691	13135	0.0	1007
FOV01_RS13595	201	98.385	681	11	0	1	681	735	55	0.0	1197
FOV01_RS13665	201	98.385	681	11	0	1	681	735	55	0.0	1197
FOV01_RS13670	201	100.000	186	0	0	1	186	735	550	8.27e-96	344
FOV01_RS13675	201	100.000	105	0	0	1	105	735	631	4.56e-51	195
FOV01_RS13720	201	98.385	681	11	0	1	681	735	55	0.0	1197
FOV01_RS13760	159	96.939	294	8	1	1	294	377	85	4.64e-140	492
HTG14_RS00030	201	98.534	682	9	1	1	682	735	55	0.0	1203
HTG14_RS00035	181	100.000	240	0	0	1	240	1925	1686	1.15e-125	444
HTG14_RS00035	55	90.323	155	15	0	84	238	11818	11664	2.13e-53	204
HTG14_RS00040	55	83.871	279	33	11	1	273	12175	11903	6.07e-69	255
HTG14_RS00040	181	100.000	93	0	0	181	273	2019	1927	6.29e-44	172
HTG14_RS00045	55	99.048	210	2	0	1	210	12401	12192	9.33e-106	377
HTG14_RS00050	55	98.069	725	14	0	59	783	13230	12506	0.0	1262
HTG14_RS00050	198	100.000	56	0	0	3	58	56	1	7.00e-23	104
HTG14_RS00055	198	100.000	1173	0	0	1	1173	101	1273	0.0	2167
HTG14_RS00060	55	98.561	139	2	0	1	139	13360	13222	2.05e-66	246
HTG14_RS00065	173	100.000	216	0	0	2	217	216	1	2.53e-112	399
HTG14_RS00065	55	97.600	125	3	0	137	261	13629	13505	9.82e-57	215
HTG14_RS00140	173	100.000	116	0	0	26	141	216	101	4.93e-57	215
HTG14_RS00160	201	98.972	681	7	0	1	681	735	55	0.0	1219
HTG24_RS00045	159	96.259	294	10	1	1	294	377	85	1.00e-136	481
HTG24_RS00295	16	90.935	3861	302	35	1	3840	320	4153	0.0	5147
HTG24_RS00305	109	99.751	401	1	0	560	960	447	47	0.0	736
HTG24_RS00305	109	94.937	79	4	0	1	79	503	425	6.62e-29	124
HTG24_RS00310	143	94.409	930	52	0	1	930	1543	2472	0.0	1430
HTG24_RS00310	143	84.355	799	121	4	1690	2486	3232	4028	0.0	780
HTG24_RS00310	109	96.364	55	2	0	2478	2532	29	83	1.80e-18	91.6
HTG28_RS00030	201	98.534	682	9	1	1	682	735	55	0.0	1203
HTG28_RS00035	181	100.000	240	0	0	1	240	1925	1686	1.15e-125	444
HTG28_RS00035	55	90.323	155	15	0	84	238	11818	11664	2.13e-53	204
HTG28_RS00040	55	83.871	279	33	11	1	273	12175	11903	6.07e-69	255
HTG28_RS00040	181	100.000	93	0	0	181	273	2019	1927	6.29e-44	172
HTG28_RS00045	55	99.048	210	2	0	1	210	12401	12192	9.33e-106	377
HTG28_RS00050	55	98.069	725	14	0	59	783	13230	12506	0.0	1262
HTG28_RS00050	198	100.000	56	0	0	3	58	56	1	7.00e-23	104
HTG28_RS00055	198	100.000	1173	0	0	1	1173	101	1273	0.0	2167
HTG28_RS00060	55	98.561	139	2	0	1	139	13360	13222	2.05e-66	246
HTG28_RS00065	173	100.000	216	0	0	2	217	216	1	2.53e-112	399
HTG28_RS00065	55	97.600	125	3	0	137	261	13629	13505	9.82e-57	215
HTG28_RS00140	173	100.000	116	0	0	26	141	216	101	4.93e-57	215
HTG28_RS00160	201	98.972	681	7	0	1	681	735	55	0.0	1219
HTG27_RS00030	201	98.534	682	9	1	1	682	735	55	0.0	1203
HTG27_RS00035	181	100.000	240	0	0	1	240	1925	1686	1.15e-125	444
HTG27_RS00035	55	90.323	155	15	0	84	238	11818	11664	2.13e-53	204
HTG27_RS00040	55	83.871	279	33	11	1	273	12175	11903	6.07e-69	255
HTG27_RS00040	181	100.000	93	0	0	181	273	2019	1927	6.29e-44	172
HTG27_RS00045	55	99.048	210	2	0	1	210	12401	12192	9.33e-106	377
HTG27_RS00050	55	98.069	725	14	0	59	783	13230	12506	0.0	1262
HTG27_RS00050	198	100.000	56	0	0	3	58	56	1	7.00e-23	104
HTG27_RS00055	198	100.000	1173	0	0	1	1173	101	1273	0.0	2167
HTG27_RS00060	55	98.561	139	2	0	1	139	13360	13222	2.05e-66	246
HTG27_RS00065	173	100.000	216	0	0	2	217	216	1	2.53e-112	399
HTG27_RS00065	55	97.600	125	3	0	137	261	13629	13505	9.82e-57	215
HTG27_RS00140	173	100.000	116	0	0	26	141	216	101	4.93e-57	215
HTG27_RS00160	201	98.972	681	7	0	1	681	735	55	0.0	1219
HTG21_RS00030	201	98.534	682	9	1	1	682	735	55	0.0	1203
HTG21_RS00035	181	100.000	240	0	0	1	240	1925	1686	1.15e-125	444
HTG21_RS00035	55	90.323	155	15	0	84	238	11818	11664	2.13e-53	204
HTG21_RS00040	55	83.871	279	33	11	1	273	12175	11903	6.07e-69	255
HTG21_RS00040	181	100.000	93	0	0	181	273	2019	1927	6.29e-44	172
HTG21_RS00045	55	99.048	210	2	0	1	210	12401	12192	9.33e-106	377
HTG21_RS00050	55	98.069	725	14	0	59	783	13230	12506	0.0	1262
HTG21_RS00050	198	100.000	56	0	0	3	58	56	1	7.00e-23	104
HTG21_RS00055	198	100.000	1173	0	0	1	1173	101	1273	0.0	2167
HTG21_RS00060	55	98.561	139	2	0	1	139	13360	13222	2.05e-66	246
HTG21_RS00065	173	100.000	216	0	0	2	217	216	1	2.53e-112	399
HTG21_RS00065	55	97.600	125	3	0	137	261	13629	13505	9.82e-57	215
HTG21_RS00140	173	100.000	116	0	0	26	141	216	101	4.93e-57	215
HTG21_RS00155	201	98.972	681	7	0	1	681	735	55	0.0	1219
HTG44_RS00030	201	98.387	682	10	1	1	682	735	55	0.0	1197
HTG44_RS00035	181	100.000	240	0	0	1	240	1925	1686	1.15e-125	444
HTG44_RS00035	55	90.323	155	15	0	84	238	11818	11664	2.13e-53	204
HTG44_RS00040	55	83.871	279	33	11	1	273	12175	11903	6.07e-69	255
HTG44_RS00040	181	100.000	93	0	0	181	273	2019	1927	6.29e-44	172
HTG44_RS00045	55	99.048	210	2	0	1	210	12401	12192	9.33e-106	377
HTG44_RS00050	55	98.069	725	14	0	59	783	13230	12506	0.0	1262
HTG44_RS00050	198	100.000	56	0	0	3	58	56	1	7.00e-23	104
HTG44_RS00055	198	100.000	1173	0	0	1	1173	101	1273	0.0	2167
HTG44_RS00060	55	98.561	139	2	0	1	139	13360	13222	2.05e-66	246
HTG44_RS00065	173	100.000	216	0	0	2	217	216	1	2.53e-112	399
HTG44_RS00065	55	97.600	125	3	0	137	261	13629	13505	9.82e-57	215
HTG44_RS00140	173	100.000	116	0	0	26	141	216	101	4.93e-57	215
HTG44_RS00160	201	98.825	681	8	0	1	681	735	55	0.0	1214
HTK17_RS00005	181	95.680	787	28	1	84	870	1842	1062	0.0	1260
HTK17_RS00005	55	94.322	546	31	0	288	833	1193	648	0.0	837
HTK17_RS00005	55	95.156	289	14	0	1	289	11901	11613	5.20e-129	457
HTK17_RS00010	181	99.057	318	3	0	1	318	621	304	6.23e-164	571
HTK17_RS00015	136	100.000	486	0	0	1	486	472	957	0.0	898
HTK17_RS00020	201	100.000	681	0	0	1	681	735	55	0.0	1258
HTK17_RS00025	201	100.000	50	0	0	719	768	812	763	1.49e-19	93.5
HTK17_RS00055	201	100.000	681	0	0	1	681	735	55	0.0	1258
HTK17_RS00075	201	100.000	88	0	0	990	1077	809	722	1.58e-40	163
HTK17_RS00080	201	98.532	681	10	0	1	681	735	55	0.0	1203
HTK17_RS00095	201	98.825	681	8	0	1	681	735	55	0.0	1214
HTK17_RS00145	201	98.385	681	11	0	1	681	735	55	0.0	1197
HTK17_RS00160	201	98.532	681	10	0	1	681	735	55	0.0	1203
HTK17_RS00170	159	91.468	293	24	1	1	293	377	86	8.04e-113	401
HTK17_RS00180	159	76.621	509	100	13	12	515	1467	973	7.14e-71	263
HTK17_RS00210	189	88.854	314	35	0	2	315	728	1041	2.40e-108	387
HTK17_RS00210	184	88.217	314	37	0	2	315	957	1270	5.19e-105	375
HTK17_RS00215	189	94.534	622	33	1	1	621	116	737	0.0	959
HTK17_RS00215	184	94.364	621	35	0	1	621	346	966	0.0	953
HTK17_RS00285	16	87.437	199	25	0	5	203	25285	25483	2.98e-61	230
HTK17_RS00390	201	98.385	681	11	0	1	681	735	55	0.0	1197
HTK17_RS00395	35	100.000	411	0	0	1	411	19796	20206	0.0	760
HTK17_RS00400	35	99.900	1002	1	0	1	1002	20203	21204	0.0	1845
HTK17_RS00405	35	100.000	933	0	0	1	933	21201	22133	0.0	1724
HTK17_RS00410	35	100.000	117	0	0	1	117	22378	22494	1.11e-57	217
HTK17_RS00415	190	100.000	971	0	0	950	1920	1	971	0.0	1794
HTK17_RS00415	35	100.000	847	0	0	1	847	22510	23356	0.0	1565
HTK17_RS00420	190	98.039	51	1	0	1	51	1081	1131	8.50e-20	89.8
HTK17_RS00425	114	100.000	821	0	0	557	1377	7758	6938	0.0	1517
HTK17_RS00425	190	99.820	555	1	0	1	555	1165	1719	0.0	1020
HTK17_RS00440	114	100.000	1263	0	0	1	1263	6374	5112	0.0	2333
HTK17_RS00445	114	95.376	173	4	4	388	558	5021	5191	1.28e-73	272
HTK17_RS00495	173	100.000	216	0	0	2	217	216	1	2.53e-112	399
HTK17_RS00495	55	97.600	125	3	0	137	261	13629	13505	9.82e-57	215
HTK17_RS00500	55	97.213	897	25	0	1	897	13402	12506	0.0	1519
HTK17_RS00505	55	96.667	210	7	0	1	210	12401	12192	2.03e-97	350
HTK17_RS00510	55	97.070	273	8	0	1	273	12175	11903	1.20e-130	460
HTK87_RS00015	71	83.333	120	17	3	3	121	13048	12931	7.40e-25	108
HTK87_RS00065	159	89.066	1317	144	0	1	1317	2796	1480	0.0	1635
HTK87_RS00070	159	86.200	500	65	4	1	498	1475	978	1.03e-153	538
HTL21_RS00025	201	98.385	681	11	0	1	681	735	55	0.0	1197
HTL21_RS00060	201	98.385	681	11	0	1	681	735	55	0.0	1197
HTL21_RS00070	114	100.000	1263	0	0	1	1263	6374	5112	0.0	2333
HTL21_RS00075	114	100.000	821	0	0	557	1377	7758	6938	0.0	1517
HTL21_RS00075	190	99.820	555	1	0	1	555	1165	1719	0.0	1020
HTL21_RS00080	190	100.000	51	0	0	1	51	1081	1131	1.83e-21	95.3
HTL21_RS00085	190	100.000	971	0	0	950	1920	1	971	0.0	1794
HTL21_RS00085	35	99.882	847	1	0	1	847	22510	23356	0.0	1559
HTL21_RS00090	35	100.000	117	0	0	1	117	22378	22494	1.11e-57	217
HTL21_RS00095	35	100.000	933	0	0	1	933	21201	22133	0.0	1724
HTL21_RS00100	35	99.900	1002	1	0	1	1002	20203	21204	0.0	1845
HTL21_RS00105	35	99.953	2134	1	0	9	2142	18073	20206	0.0	3936
HTL21_RS00110	201	98.385	681	11	0	1	681	735	55	0.0	1197
HTL21_RS00140	201	98.238	681	12	0	1	681	735	55	0.0	1192
HTL21_RS00205	201	98.385	681	11	0	1	681	735	55	0.0	1197
HTL02_RS00005	201	98.385	681	11	0	1	681	735	55	0.0	1197
HTL02_RS00035	201	98.238	681	12	0	1	681	735	55	0.0	1192
HTL02_RS00100	201	98.385	681	11	0	1	681	735	55	0.0	1197
HTL02_RS00135	201	98.385	681	11	0	1	681	735	55	0.0	1197
HTL02_RS00145	114	100.000	1263	0	0	1	1263	6374	5112	0.0	2333
HTL02_RS00150	114	100.000	821	0	0	557	1377	7758	6938	0.0	1517
HTL02_RS00150	190	99.820	555	1	0	1	555	1165	1719	0.0	1020
HTL02_RS00155	190	100.000	51	0	0	1	51	1081	1131	1.83e-21	95.3
HTL02_RS00160	190	100.000	971	0	0	950	1920	1	971	0.0	1794
HTL02_RS00160	35	99.882	847	1	0	1	847	22510	23356	0.0	1559
HTL02_RS00165	35	100.000	117	0	0	1	117	22378	22494	1.11e-57	217
HTL02_RS00170	35	100.000	933	0	0	1	933	21201	22133	0.0	1724
HTL02_RS00175	35	99.900	1002	1	0	1	1002	20203	21204	0.0	1845
HTL02_RS00180	35	99.953	2134	1	0	9	2142	18073	20206	0.0	3936
HTL57_RS00220	159	85.028	1269	188	2	1	1268	2796	1529	0.0	1290
HTL57_RS00300	189	95.082	610	29	1	1	609	116	725	0.0	959
HTL57_RS00300	184	93.924	609	37	0	1	609	346	954	0.0	920
HTL57_RS00400	17	77.329	322	71	2	1	321	15513	15833	1.16e-48	189
HTM13_RS00005	201	99.852	676	1	0	1	676	735	60	0.0	1243
HTM13_RS00005	201	100.000	47	0	0	677	723	809	763	6.49e-18	87.9
HTM13_RS00010	201	99.709	687	2	0	1	687	741	55	0.0	1258
HTM13_RS00015	159	86.700	609	81	0	1	609	2088	1480	0.0	676
HTM13_RS00020	159	76.402	517	103	14	1	512	1475	973	2.55e-70	261
HTM13_RS00030	159	96.939	294	9	0	1	294	377	84	1.29e-140	494
HTM13_RS00065	114	94.798	173	4	5	388	557	5021	5191	2.14e-71	265
HTM13_RS00070	114	100.000	1263	0	0	1	1263	6374	5112	0.0	2333
HTM13_RS00075	114	100.000	821	0	0	557	1377	7758	6938	0.0	1517
HTM13_RS00075	190	99.820	555	1	0	1	555	1165	1719	0.0	1020
HTM13_RS00080	190	100.000	51	0	0	1	51	1081	1131	1.83e-21	95.3
HTM13_RS00085	190	99.897	971	1	0	950	1920	1	971	0.0	1788
HTM13_RS00085	35	100.000	847	0	0	1	847	22510	23356	0.0	1565
HTM13_RS00090	35	97.436	117	2	1	1	116	22378	22494	3.98e-52	198
HTM13_RS00095	35	100.000	933	0	0	1	933	21201	22133	0.0	1724
HTM13_RS00100	35	99.900	1002	1	0	1	1002	20203	21204	0.0	1845
HTM13_RS00105	35	100.000	2178	0	0	1	2178	18029	20206	0.0	4023
HTM13_RS00110	35	100.000	1146	0	0	1	1146	16881	18026	0.0	2117
HTQ42_RS00090	16	85.038	528	77	2	1	527	27548	28074	5.80e-153	536
HTQ42_RS00100	16	91.146	192	17	0	1	192	27126	27317	8.87e-71	261
HTQ42_RS00140	16	83.536	577	92	3	1	574	24924	25500	4.27e-153	536
HTQ42_RS00145	161	99.340	303	2	0	7	309	1238	1540	2.83e-157	549
HTQ42_RS00150	161	99.467	375	2	0	1	375	1920	2294	0.0	682
HTQ42_RS00155	161	98.319	238	4	0	132	369	2551	2314	1.01e-117	418
HTQ42_RS00175	159	76.228	509	102	14	12	515	1467	973	1.55e-67	252
HTQ42_RS00210	143	97.113	381	11	0	1	381	274	654	0.0	643
HTQ42_RS00215	143	99.099	222	2	0	1	222	705	926	2.12e-112	399
HTQ42_RS00220	143	95.926	270	11	0	1	270	1227	1496	5.55e-124	438
HTQ42_RS00225	143	96.161	1068	41	0	1606	2673	3145	4212	0.0	1746
HTQ42_RS00225	143	95.289	934	40	3	1	932	1543	2474	0.0	1478
HTQ42_RS00235	16	95.917	3919	158	2	1	3918	320	4237	0.0	6349
HTQ42_RS00240	16	96.454	141	5	0	1	141	4097	4237	1.36e-62	233
HTQ42_RS00245	16	97.759	357	8	0	1	357	4299	4655	3.21e-177	616
HTV08_RS00025	201	100.000	51	0	0	1	51	51	1	2.82e-20	95.3
HTV08_RS00030	201	98.238	681	12	0	1	681	735	55	0.0	1192
HTV08_RS00040	201	98.825	681	8	0	1	681	735	55	0.0	1214
HTW12_RS00005	201	98.385	681	11	0	1	681	735	55	0.0	1197
HTW12_RS00010	201	100.000	37	0	0	936	972	809	773	3.19e-12	69.4
HTW12_RS00040	201	98.385	681	11	0	1	681	735	55	0.0	1197
HTW12_RS00115	55	97.070	273	8	0	1	273	12175	11903	1.20e-130	460
HTW12_RS00120	55	96.667	210	7	0	1	210	12401	12192	2.03e-97	350
HTW12_RS00125	55	97.213	897	25	0	1	897	13402	12506	0.0	1519
HTW12_RS00130	173	100.000	216	0	0	2	217	216	1	2.53e-112	399
HTW12_RS00130	55	97.600	125	3	0	137	261	13629	13505	9.82e-57	215
HTW12_RS00145	55	97.802	182	3	1	1	182	12407	12227	3.12e-86	313
HTW12_RS00180	173	100.000	116	0	0	26	141	216	101	4.93e-57	215
HTW12_RS00195	55	97.802	182	3	1	1	182	12407	12227	3.09e-86	313
HTW12_RS00200	173	99.943	1759	0	1	344	2101	1759	1	0.0	3241
HTW12_RS00200	55	99.200	125	1	0	2021	2145	13629	13505	3.99e-59	226
HTW12_RS00215	201	98.238	681	11	1	1	680	735	55	0.0	1190
HTW12_RS00220	201	100.000	51	0	0	1	51	51	1	2.82e-20	95.3
HTW12_RS00305	201	98.825	681	8	0	1	681	735	55	0.0	1214
HTW12_RS00315	201	98.238	681	12	0	1	681	735	55	0.0	1192
HTW12_RS00370	16	80.431	557	103	6	1	554	27548	28101	6.07e-118	420
HTW12_RS00385	16	96.115	489	19	0	1	489	22513	23001	0.0	798
HTW12_RS00390	16	98.227	564	10	0	223	786	21944	22507	0.0	987
HTW12_RS00395	16	98.091	2252	40	3	1	2249	18942	21193	0.0	3917
HTW12_RS00400	16	99.020	2346	23	0	1	2346	16610	18955	0.0	4205
HTW12_RS00405	16	99.495	396	2	0	1	396	16197	16592	0.0	721
HTW12_RS00410	16	98.757	2493	31	0	1	2493	13748	16240	0.0	4433
HTW12_RS00415	16	86.022	372	52	0	1	372	11707	12078	4.59e-112	399
HTW12_RS00425	16	99.744	390	1	0	1	390	11161	11550	0.0	715
HTW12_RS00430	16	99.638	276	1	0	1	276	10886	11161	5.53e-144	505
HTW12_RS00435	16	98.647	1035	14	0	1	1035	9862	10896	0.0	1834
HTW12_RS00440	16	99.048	315	3	0	1	315	9555	9869	2.87e-162	566
HTW12_RS00445	16	97.362	417	11	0	1	417	9139	9555	0.0	710
HTW12_RS00450	16	97.896	618	13	0	1	618	8538	9155	0.0	1070
HTW12_RS00455	16	99.292	1272	9	0	1	1272	7264	8535	0.0	2300
HTW12_RS00460	16	96.737	858	10	1	1	840	6381	7238	0.0	1413
HTW12_RS00465	16	98.976	879	9	0	1	879	5480	6358	0.0	1574
HTW12_RS00470	16	100.000	261	0	0	1	261	5209	5469	2.44e-137	483
HTW12_RS00475	16	97.662	385	9	0	1	385	4677	5061	0.0	662
HTW12_RS00480	16	98.599	357	5	0	1	357	4299	4655	0.0	632
HTW12_RS00485	16	95.765	3920	162	4	1	3918	320	4237	0.0	6316
HTW12_RS00495	143	95.425	1071	49	0	1606	2676	3145	4215	0.0	1707
HTW12_RS00495	143	95.182	934	41	3	1	932	1543	2474	0.0	1472
HTW12_RS00500	143	97.386	306	8	0	1	306	1227	1532	6.11e-149	521
HTW12_RS00505	143	100.000	222	0	0	1	222	705	926	9.78e-116	411
HTW12_RS00510	143	100.000	381	0	0	1	381	274	654	0.0	704
HTW12_RS00540	159	99.667	300	1	0	1	300	377	78	2.74e-157	549
HTW12_RS00575	189	94.364	621	34	1	1	620	116	736	0.0	952
HTW12_RS00575	184	93.548	620	40	0	1	620	346	965	0.0	924
HTW12_RS00605	201	98.385	681	11	0	1	681	735	55	0.0	1197
HTW12_RS00630	181	93.515	293	19	0	1	293	293	1	3.81e-123	436
HTW12_RS00635	136	100.000	237	0	0	1	237	3236	3000	4.82e-124	438
HTW12_RS00640	136	99.949	1953	1	0	1	1953	2993	1041	0.0	3602
HTW12_RS00645	136	99.799	498	1	0	1	498	472	969	0.0	915
HTW12_RS00650	181	99.057	318	3	0	1	318	621	304	6.23e-164	571
HTW12_RS00655	181	96.415	781	28	0	45	825	1842	1062	0.0	1288
HTW12_RS00655	55	94.526	548	30	0	249	796	1193	646	0.0	846
HTW12_RS00655	55	93.607	219	14	0	32	250	11831	11613	4.03e-90	327
HTX01_RS00010	201	98.385	681	11	0	1	681	735	55	0.0	1197
HTX01_RS00030	201	98.385	681	11	0	1	681	735	55	0.0	1197
HTX01_RS00035	201	100.000	37	0	0	1044	1080	809	773	3.55e-12	69.4
HTX01_RS00070	201	98.238	681	12	0	1	681	735	55	0.0	1192
HTX01_RS00080	201	98.238	681	12	0	1	681	735	55	0.0	1192
HTX01_RS00095	201	98.825	681	8	0	1	681	735	55	0.0	1214
HTX01_RS00100	201	100.000	51	0	0	1	51	51	1	2.82e-20	95.3
HTX01_RS00130	201	97.944	681	11	3	1	678	735	55	0.0	1177
HTX01_RS00135	35	99.860	714	1	0	1	714	20491	21204	0.0	1314
HTX01_RS00140	35	100.000	933	0	0	1	933	21201	22133	0.0	1724
HTX01_RS00145	35	100.000	117	0	0	1	117	22378	22494	1.11e-57	217
HTX01_RS00150	190	100.000	971	0	0	950	1920	1	971	0.0	1794
HTX01_RS00150	35	100.000	847	0	0	1	847	22510	23356	0.0	1565
HTX01_RS00155	190	100.000	51	0	0	1	51	1081	1131	1.83e-21	95.3
HTX01_RS00160	114	100.000	821	0	0	557	1377	7758	6938	0.0	1517
HTX01_RS00160	190	99.640	555	2	0	1	555	1165	1719	0.0	1014
HTX01_RS00175	201	98.091	681	11	2	1	679	735	55	0.0	1184
HTX46_RS00005	189	95.008	621	30	1	1	620	116	736	0.0	974
HTX46_RS00005	184	94.355	620	35	0	1	620	346	965	0.0	952
HTX46_RS00040	159	98.333	300	5	0	1	300	377	78	1.29e-150	527
HTX46_RS00070	143	100.000	381	0	0	1	381	274	654	0.0	704
HTX46_RS00075	143	100.000	222	0	0	1	222	705	926	9.78e-116	411
HTX46_RS00080	143	97.386	306	8	0	1	306	1227	1532	6.11e-149	521
HTX46_RS00085	143	95.425	1071	49	0	1606	2676	3145	4215	0.0	1707
HTX46_RS00085	143	95.182	934	41	3	1	932	1543	2474	0.0	1472
HTX46_RS00095	16	95.791	3920	161	4	1	3918	320	4237	0.0	6322
HTX46_RS00100	16	98.599	357	5	0	1	357	4299	4655	0.0	632
HTX46_RS00105	16	97.662	385	9	0	1	385	4677	5061	0.0	662
HTX46_RS00110	16	100.000	261	0	0	1	261	5209	5469	2.44e-137	483
HTX46_RS00115	16	98.976	879	9	0	1	879	5480	6358	0.0	1574
HTX46_RS00120	16	96.737	858	10	1	1	840	6381	7238	0.0	1413
HTX46_RS00125	16	99.292	1272	9	0	1	1272	7264	8535	0.0	2300
HTX46_RS00130	16	97.896	618	13	0	1	618	8538	9155	0.0	1070
HTX46_RS00135	16	97.362	417	11	0	1	417	9139	9555	0.0	710
HTX46_RS00140	16	99.048	315	3	0	1	315	9555	9869	2.87e-162	566
HTX46_RS00145	16	98.647	1035	14	0	1	1035	9862	10896	0.0	1834
HTX46_RS00150	16	99.275	276	2	0	1	276	10886	11161	2.57e-142	499
HTX46_RS00155	16	99.744	390	1	0	1	390	11161	11550	0.0	715
HTX46_RS00165	16	86.290	372	51	0	1	372	11707	12078	9.86e-114	405
HTX46_RS00170	16	98.997	2493	25	0	1	2493	13748	16240	0.0	4466
HTX46_RS00175	16	98.788	165	2	0	1	165	16197	16361	1.95e-80	294
HTX46_RS00180	16	97.444	2347	58	2	1	2346	16610	18955	0.0	4000
HTX46_RS00185	16	98.091	2252	40	3	1	2249	18942	21193	0.0	3917
HTX46_RS00190	16	98.227	564	10	0	223	786	21944	22507	0.0	987
HTX46_RS00195	16	96.115	489	19	0	1	489	22513	23001	0.0	798
HTX46_RS00210	16	80.431	557	103	6	1	554	27548	28101	6.07e-118	420
HTX46_RS00230	16	90.506	158	14	1	110	267	26575	26731	1.68e-54	207
HTX46_RS00295	201	98.385	681	11	0	1	681	735	55	0.0	1197
A6B47_RS14475	16	88.293	410	48	0	145	554	25068	25477	9.43e-140	492
A6B47_RS14480	39	80.745	322	59	3	1	320	21686	21366	1.20e-66	248
A6B47_RS14495	16	92.879	660	36	4	1	649	32224	32883	0.0	948
A6B47_RS14500	16	93.750	176	11	0	1	176	32909	33084	6.50e-72	265
A6B47_RS15520	16	95.035	141	7	0	2	142	32059	32199	3.31e-59	222
A6B47_RS14630	104	96.422	1034	25	1	2	1023	7445	8478	0.0	1694
A6B47_RS14665	189	91.489	282	24	0	7	288	760	1041	6.08e-109	388
A6B47_RS14665	184	89.716	282	29	0	7	288	989	1270	1.33e-100	361
A6B47_RS14670	189	93.333	180	12	0	1	180	1035	1214	1.94e-72	267
A6B47_RS14670	184	88.601	193	20	2	1	192	1264	1455	1.97e-62	233
A6B47_RS14680	151	88.401	2483	278	7	25	2502	49	2526	0.0	2981
A6B47_RS14915	184	94.032	620	37	0	1	620	346	965	0.0	941
A6B47_RS14915	189	91.626	621	51	1	1	620	116	736	0.0	857
A6B47_RS14955	159	96.825	252	8	0	1	252	3163	2912	5.19e-119	422
A6B47_RS14995	143	97.386	306	8	0	1	306	1227	1532	6.11e-149	521
A6B47_RS15000	143	96.161	1068	41	0	1606	2673	3145	4212	0.0	1746
A6B47_RS15000	143	95.289	934	40	3	1	932	1543	2474	0.0	1478
A6B47_RS15005	16	95.917	3919	158	2	1	3918	320	4237	0.0	6349
A6B47_RS15010	16	96.919	357	8	1	1	354	4299	4655	4.15e-171	595
A6B47_RS15015	16	85.641	390	46	10	1	385	4677	5061	1.07e-112	401
A6B47_RS15020	16	100.000	261	0	0	1	261	5209	5469	2.44e-137	483
A6B47_RS15025	16	99.204	879	7	0	1	879	5480	6358	0.0	1585
A6B47_RS15030	16	99.184	858	7	0	1	858	6381	7238	0.0	1546
A6B47_RS15035	16	99.292	1272	9	0	1	1272	7264	8535	0.0	2300
A6B47_RS15040	16	98.382	618	10	0	1	618	8538	9155	0.0	1086
A6B47_RS15045	16	97.842	417	9	0	1	417	9139	9555	0.0	721
A6B47_RS15050	16	99.048	315	3	0	1	315	9555	9869	2.87e-162	566
A6B47_RS15055	16	98.551	1035	15	0	1	1035	9862	10896	0.0	1829
A6B47_RS15060	16	99.638	276	1	0	1	276	10886	11161	5.53e-144	505
A6B47_RS15065	16	99.744	390	1	0	1	390	11161	11550	0.0	715
A6B47_RS15075	16	86.022	372	52	0	1	372	11707	12078	4.59e-112	399
A6B47_RS15080	16	98.837	2493	29	0	1	2493	13748	16240	0.0	4444
A6B47_RS15085	16	98.182	165	3	0	1	165	16197	16361	9.09e-79	289
A6B47_RS15090	16	96.804	2347	73	2	1	2346	16610	18955	0.0	3917
A6B47_RS15095	16	99.115	2259	20	0	1	2259	18942	21200	0.0	4061
A6B47_RS15105	16	99.746	786	2	0	1	786	21722	22507	0.0	1441
A6B47_RS15110	16	98.773	489	6	0	1	489	22513	23001	0.0	870
A6B47_RS15115	16	98.876	267	3	0	1	267	23593	23859	1.16e-135	477
A6B47_RS15120	16	98.182	495	9	0	1	495	23892	24386	0.0	865
A6B47_RS15125	16	99.760	417	1	0	1	417	24484	24900	0.0	765
A6B47_RS15130	16	87.847	576	70	0	1	576	24924	25499	0.0	676
A6B47_RS15140	16	99.248	266	2	0	2	267	25620	25885	8.99e-137	481
A6B47_RS15145	16	98.188	276	5	0	1	276	25878	26153	2.59e-137	483
A6B47_RS15155	16	96.774	186	6	0	1	186	26956	27141	8.38e-86	311
A6B47_RS15160	16	95.312	192	9	0	1	192	27126	27317	4.04e-84	305
A6B47_RS15165	16	95.647	781	32	2	1	780	27548	28327	0.0	1253
A6B47_RS15170	16	99.603	1260	5	0	1	1260	28327	29586	0.0	2300
A6B47_RS15180	16	94.513	729	40	0	1	729	30236	30964	0.0	1125
A6B47_RS15185	16	93.674	411	26	0	1	411	31175	31585	3.73e-177	616
A6B47_RS15190	16	97.050	339	10	0	1	339	31671	32009	6.67e-164	571
A6B47_RS15525	16	93.103	174	12	0	1	174	32058	32231	3.70e-69	255
A6B47_RS15240	189	90.048	623	59	3	1	621	116	737	0.0	804
A6B47_RS15240	184	87.460	622	76	2	1	621	346	966	0.0	715
A6B47_RS15245	189	95.860	314	13	0	2	315	728	1041	4.91e-145	508
A6B47_RS15245	184	95.860	314	13	0	2	315	957	1270	4.91e-145	508
A6B47_RS15250	189	98.667	225	3	0	1	225	1035	1259	2.15e-112	399
A6B47_RS15250	184	91.593	226	14	3	1	225	1264	1485	1.34e-84	307
A6B47_RS15255	189	97.938	194	4	0	1	194	1319	1512	1.58e-93	337
A6B47_RS15285	159	95.578	294	13	0	1	294	377	84	6.04e-134	472
DTO64_RS15950	55	97.802	182	3	1	1	182	12407	12227	3.12e-86	313
DTO64_RS15970	173	100.000	216	0	0	2	217	216	1	2.53e-112	399
DTO64_RS15970	55	97.600	125	3	0	137	261	13629	13505	9.82e-57	215
DTO64_RS16025	55	95.652	897	39	0	1	897	13402	12506	0.0	1441
DTO64_RS16030	55	96.190	210	8	0	1	210	12401	12192	9.46e-96	344
DTO64_RS16035	55	99.267	273	2	0	1	273	12175	11903	1.18e-140	494
DTO64_RS16040	55	95.911	269	11	0	1	269	11901	11633	2.99e-123	436
DTO64_RS16040	55	96.825	63	2	0	288	350	1193	1131	9.59e-24	106
DTO64_RS16040	181	94.757	267	14	0	84	350	1842	1576	3.90e-117	416
DTO64_RS16040	201	100.000	47	0	0	350	396	809	763	3.47e-18	87.9
DTO64_RS16045	201	98.238	681	12	0	1	681	735	55	0.0	1192
DTO64_RS17005	159	93.822	259	16	0	30	288	342	84	1.70e-109	390
DTO64_RS16085	201	98.203	612	11	0	1	612	735	124	0.0	1070
DTO64_RS16105	201	98.203	612	11	0	1	612	735	124	0.0	1070
DTO64_RS16165	141	96.593	1761	58	1	1	1761	2848	4606	0.0	2918
DTO64_RS16175	141	94.276	297	17	0	1	297	1877	2173	6.09e-129	455
DTO64_RS16180	141	75.968	749	143	28	1	723	1012	1749	2.09e-97	351
DTO64_RS16190	16	98.103	580	11	0	30	609	8576	9155	0.0	1011
DTO64_RS16195	16	97.842	417	9	0	1	417	9139	9555	0.0	721
DTO64_RS16200	16	98.413	315	5	0	1	315	9555	9869	6.21e-159	555
DTO64_RS16205	16	99.903	1035	1	0	1	1035	9862	10896	0.0	1906
DTO64_RS16210	16	99.638	276	1	0	1	276	10886	11161	5.53e-144	505
DTO64_RS16215	16	99.744	390	1	0	1	390	11161	11550	0.0	715
DTO64_RS16225	16	86.022	372	52	0	1	372	11707	12078	4.59e-112	399
DTO64_RS16230	16	98.757	2493	31	0	1	2493	13748	16240	0.0	4433
DTO64_RS16235	16	88.435	294	23	6	1	286	16197	16487	1.88e-95	344
DTO64_RS16240	16	96.286	1885	68	2	1	1884	16610	18493	0.0	3092
DTO64_RS16245	16	84.038	213	23	6	1	205	16278	16487	1.58e-50	195
DTO64_RS16250	16	96.719	2347	74	3	1	2345	16610	18955	0.0	3904
DTO64_RS16255	16	99.602	2259	9	0	1	2259	18942	21200	0.0	4122
DTO64_RS16260	16	100.000	786	0	0	1	786	21722	22507	0.0	1452
DTO64_RS16265	16	100.000	489	0	0	1	489	22513	23001	0.0	904
DTO64_RS16275	16	100.000	267	0	0	1	267	23593	23859	1.15e-140	494
DTO64_RS16280	16	100.000	495	0	0	1	495	23892	24386	0.0	915
DTO64_RS16285	16	100.000	417	0	0	1	417	24484	24900	0.0	771
DTO64_RS16290	16	100.000	585	0	0	1	585	24924	25508	0.0	1081
DTO64_RS16295	16	100.000	267	0	0	1	267	25619	25885	1.15e-140	494
DTO64_RS16300	16	100.000	276	0	0	1	276	25878	26153	1.19e-145	510
DTO64_RS16310	16	100.000	186	0	0	1	186	26956	27141	8.27e-96	344
DTO64_RS16315	16	100.000	147	0	0	1	147	27171	27317	3.03e-74	272
DTO64_RS16320	16	98.333	780	13	0	1	780	27548	28327	0.0	1369
DTO64_RS16325	16	98.492	1260	19	0	1	1260	28327	29586	0.0	2222
DTO64_RS16335	16	100.000	729	0	0	1	729	30236	30964	0.0	1347
DTO64_RS16340	16	100.000	411	0	0	1	411	31175	31585	0.0	760
DTO64_RS16345	16	100.000	339	0	0	1	339	31671	32009	1.40e-180	627
DTO64_RS17015	16	100.000	174	0	0	1	174	32058	32231	3.59e-89	322
DTO64_RS16350	16	100.000	660	0	0	1	660	32224	32883	0.0	1219
DTO64_RS16845	16	95.055	182	9	0	1	182	32973	33154	1.52e-78	287
DTO64_RS16360	161	100.000	1461	0	0	1	1461	80	1540	0.0	2699
DTO64_RS16365	161	100.000	375	0	0	1	375	1920	2294	0.0	693
DTO64_RS16375	161	99.261	541	4	0	1	541	2793	3333	0.0	977
DTO64_RS16405	184	97.268	183	5	0	343	525	1	183	2.55e-85	311
DTO64_RS16415	201	98.238	681	12	0	1	681	735	55	0.0	1192
DTO64_RS16460	166	75.481	1040	235	19	1835	2864	1317	288	1.79e-138	490
DTO64_RS16465	173	93.064	346	24	0	1	346	346	1	2.21e-144	507
DTO64_RS16465	55	98.400	125	2	0	266	390	13629	13505	3.23e-58	220
DTO64_RS16505	189	96.785	622	19	1	1	621	116	737	0.0	1037
DTO64_RS16505	184	95.813	621	26	0	1	621	346	966	0.0	1003
DTO64_RS16510	189	97.569	288	7	0	1	288	754	1041	1.25e-140	494
DTO64_RS16510	184	94.444	288	16	0	1	288	983	1270	1.28e-125	444
DTO64_RS16515	189	97.778	225	5	0	1	225	1035	1259	4.65e-109	388
DTO64_RS16515	184	90.708	226	16	3	1	225	1264	1485	2.90e-81	296
DTO64_RS16520	189	95.238	210	10	0	1	210	1319	1528	2.05e-92	333
DTO64_RS16540	166	75.481	1040	235	19	1835	2864	1317	288	1.79e-138	490
DTO64_RS17025	159	85.366	287	42	0	1	287	377	91	1.06e-81	298
DTO64_RS16625	166	75.481	1040	235	19	1835	2864	1317	288	1.79e-138	490
DTO64_RS16635	143	95.286	297	14	0	1	297	1227	1523	6.24e-134	472
DTO64_RS16640	143	94.320	581	29	3	1	579	1543	2121	0.0	887
DTO64_RS16645	201	98.385	681	11	0	1	681	735	55	0.0	1197
DTO64_RS16650	143	95.612	1071	47	0	511	1581	3145	4215	0.0	1718
DTO64_RS16670	16	96.318	2227	82	0	1665	3891	2011	4237	0.0	3659
DTO64_RS16670	16	94.081	794	47	0	1	794	320	1113	0.0	1206
DTO64_RS16675	16	98.039	357	4	1	1	354	4299	4655	8.85e-178	617
DTO64_RS16680	16	97.662	385	9	0	1	385	4677	5061	0.0	662
DTO64_RS16685	16	99.617	261	1	0	1	261	5209	5469	1.13e-135	477
DTO64_RS16690	16	99.204	879	7	0	1	879	5480	6358	0.0	1585
DTO64_RS16695	16	98.485	858	13	0	1	858	6381	7238	0.0	1513
DTO64_RS16700	16	99.371	1272	8	0	1	1272	7264	8535	0.0	2305
DTO64_RS16705	16	98.220	618	11	0	1	618	8538	9155	0.0	1081
DTO64_RS16710	16	97.842	417	9	0	1	417	9139	9555	0.0	721
DTO64_RS16715	16	98.413	315	5	0	1	315	9555	9869	6.21e-159	555
DTO64_RS16720	16	99.903	1035	1	0	1	1035	9862	10896	0.0	1906
DTO64_RS16725	16	99.638	276	1	0	1	276	10886	11161	5.53e-144	505
DTO64_RS16730	16	99.744	390	1	0	1	390	11161	11550	0.0	715
DTO64_RS16735	16	86.559	372	50	0	1	372	11707	12078	2.12e-115	411
DTO64_RS16740	16	98.716	2493	32	0	1	2493	13748	16240	0.0	4427
DTO64_RS16745	16	99.495	396	2	0	1	396	16197	16592	0.0	721
DTO64_RS16750	16	98.593	2346	32	1	1	2345	16610	18955	0.0	4148
DTO64_RS16755	16	93.687	998	59	4	1	996	18942	19937	0.0	1491
DTO64_RS16760	201	98.385	681	11	0	1	681	735	55	0.0	1197
DTO64_RS16770	201	98.385	681	11	0	1	681	735	55	0.0	1197
DTO64_RS16790	198	80.392	1173	218	11	1	1167	101	1267	0.0	881
DTO64_RS16800	201	98.385	681	11	0	1	681	735	55	0.0	1197
GKQ57_RS13975	143	97.059	306	9	0	1	306	1227	1532	2.84e-147	516
GKQ57_RS13980	143	96.825	1071	34	0	1606	2676	3145	4215	0.0	1790
GKQ57_RS13980	143	95.289	934	40	3	1	932	1543	2474	0.0	1478
GKQ57_RS13995	16	95.369	3930	167	7	1	3927	320	4237	0.0	6235
GKQ57_RS14000	16	98.034	356	7	0	1	356	4299	4654	2.48e-178	619
GKQ57_RS14120	16	83.784	555	88	2	1	554	27548	28101	1.25e-149	525
GKQ57_RS14130	16	91.146	192	17	0	1	192	27126	27317	8.87e-71	261
GKQ57_RS14160	16	84.452	566	73	8	1	563	24924	25477	2.61e-155	544
GKQ57_RS14165	39	82.353	204	32	4	5	206	21559	21358	1.88e-44	174
GKQ57_RS14295	189	96.785	622	19	1	1	621	116	737	0.0	1037
GKQ57_RS14295	184	95.813	621	26	0	1	621	346	966	0.0	1003
GKQ57_RS14300	189	97.569	288	7	0	1	288	754	1041	1.25e-140	494
GKQ57_RS14300	184	94.444	288	16	0	1	288	983	1270	1.28e-125	444
GKQ57_RS14305	189	97.778	225	5	0	1	225	1035	1259	4.65e-109	388
GKQ57_RS14305	184	90.708	226	16	3	1	225	1264	1485	2.90e-81	296
GKQ57_RS14310	189	95.238	210	10	0	1	210	1319	1528	2.05e-92	333
GKQ57_RS14335	159	95.238	294	14	0	1	294	377	84	2.81e-132	466
GKQ57_RS14360	16	96.896	2352	67	4	1	2352	16610	18955	0.0	3934
GKQ57_RS14365	16	98.712	2252	26	3	1	2249	18942	21193	0.0	3995
GKQ57_RS14370	16	98.227	564	10	0	223	786	21944	22507	0.0	987
GKQ57_RS14375	16	98.569	489	7	0	1	489	22513	23001	0.0	865
GKQ57_RS14380	16	99.625	267	1	0	1	267	23593	23859	5.37e-139	488
GKQ57_RS14385	16	97.963	491	10	0	1	491	23892	24382	0.0	852
GKQ57_RS14395	16	97.842	417	9	0	1	417	24484	24900	0.0	721
GKQ57_RS14400	16	96.410	585	21	0	1	585	24924	25508	0.0	965
GKQ57_RS14405	16	100.000	267	0	0	1	267	25619	25885	1.15e-140	494
GKQ57_RS14410	16	97.826	276	6	0	1	276	25878	26153	1.20e-135	477
GKQ57_RS14415	16	97.312	186	5	0	1	186	26956	27141	1.80e-87	316
GKQ57_RS14420	16	96.875	192	6	0	1	192	27126	27317	4.01e-89	322
GKQ57_RS14425	16	98.333	780	13	0	1	780	27548	28327	0.0	1369
GKQ57_RS14430	16	99.762	1260	3	0	1	1260	28327	29586	0.0	2311
GKQ57_RS14435	16	97.119	729	21	0	1	729	30236	30964	0.0	1230
GKQ57_RS14440	16	96.594	411	14	0	1	411	31175	31585	0.0	682
GKQ57_RS14445	16	97.935	339	7	0	1	339	31671	32009	6.63e-169	588
GKQ57_RS14475	200	99.479	960	5	0	1	960	98	1057	0.0	1746
GKQ57_RS14595	189	94.393	107	6	0	2	108	631	737	3.70e-42	165
GKQ57_RS14595	184	93.458	107	7	0	2	108	860	966	1.72e-40	159
GKQ57_RS14600	189	94.921	315	16	0	1	315	727	1041	1.37e-140	494
GKQ57_RS14600	184	92.698	315	23	0	1	315	956	1270	6.48e-129	455
GKQ57_RS14605	189	98.222	225	4	0	1	225	1035	1259	9.99e-111	394
GKQ57_RS14605	184	91.150	226	15	3	1	225	1264	1485	6.23e-83	302
GKQ57_RS14610	189	94.286	210	12	0	1	210	1319	1528	4.43e-89	322
GKQ57_RS14635	159	96.167	287	11	0	1	287	377	91	2.13e-133	470
SAW_RS16700	16	85.045	555	81	2	1	554	27548	28101	2.64e-161	564
SAW_RS16705	16	91.954	87	7	0	505	591	27357	27443	1.45e-28	122
SAW_RS16710	16	91.146	192	17	0	1	192	27126	27317	8.87e-71	261
SAW_RS16755	16	83.688	564	84	6	1	556	24924	25487	9.16e-150	525
SAW_RS16770	16	96.515	660	23	0	1	660	32224	32883	0.0	1092
SAW_RS16850	189	96.785	622	19	1	1	621	116	737	0.0	1037
SAW_RS16850	184	95.813	621	26	0	1	621	346	966	0.0	1003
SAW_RS16855	189	97.569	288	7	0	1	288	754	1041	1.25e-140	494
SAW_RS16855	184	94.444	288	16	0	1	288	983	1270	1.28e-125	444
SAW_RS16860	189	98.667	225	3	0	1	225	1035	1259	2.15e-112	399
SAW_RS16860	184	91.593	226	14	3	1	225	1264	1485	1.34e-84	307
SAW_RS16865	189	95.735	211	7	2	1	210	1319	1528	4.40e-94	339
SAW_RS16895	199	100.000	1179	0	0	1	1179	1231	53	0.0	2178
SAW_RS16895	147	86.364	462	63	0	718	1179	2191	2652	2.50e-143	505
SAW_RS17455	159	85.366	287	42	0	1	287	377	91	1.06e-81	298
SAW_RS16960	143	95.286	297	14	0	1	297	1227	1523	6.24e-134	472
SAW_RS16965	143	95.612	1071	47	0	1603	2673	3145	4215	0.0	1718
SAW_RS16965	143	95.274	931	40	3	1	929	1543	2471	0.0	1472
SAW_RS16985	16	95.110	2229	105	4	1665	3891	2011	4237	0.0	3509
SAW_RS16985	16	94.081	794	47	0	1	794	320	1113	0.0	1206
SAW_RS16990	16	96.639	357	12	0	1	357	4299	4655	1.50e-170	593
SAW_RS17050	201	100.000	54	0	0	1	54	54	1	1.65e-21	100
SAW_RS17055	201	98.385	681	11	0	1	681	735	55	0.0	1197
SAW_RS17150	114	100.000	1263	0	0	1	1263	6374	5112	0.0	2333
SAW_RS17190	201	98.385	681	11	0	1	681	735	55	0.0	1197
SAW_RS17225	201	98.385	681	11	0	1	681	735	55	0.0	1197
SAW_RS17260	201	98.385	681	11	0	1	681	735	55	0.0	1197
SAW_RS17265	173	88.979	617	65	3	346	960	1757	1142	0.0	760
