pMG2200_01	19	100.0	2532	0	0	1	2532	59779	57248	0.0	4676.0
pMG2200_02	19	100.0	2004	0	0	1	2004	57258	55255	0.0	3701.0
pMG2200_03	19	100.0	381	0	0	1	381	55248	54868	0.0	704.0
pMG2200_04	19	99.94200000000001	1716	0	1	1	1716	54631	52917	0.0	3162.0
pMG2200_05	19	100.0	681	0	0	1	681	52864	52184	0.0	1258.0
pMG2200_06	19	100.0	1152	0	0	1	1152	51974	50823	0.0	2128.0
pMG2200_07	19	100.0	1083	0	0	1	1083	50826	49744	0.0	2001.0
pMG2200_08	19	100.0	243	0	0	1	243	49689	49447	2.5199999999999993e-127	449.0
pMG2200_09	19	100.0	327	0	0	1	327	49446	49120	6.959999999999999e-174	604.0
pMG2200_10	19	100.0	337	0	0	1	337	49028	48692	1.999999999999999e-179	623.0
pMG2200_42	19	100.0	174	0	0	1	174	48563	48390	3.949999999999999e-89	322.0
pMG2200_43	19	100.0	942	0	0	1	942	48383	47442	0.0	1740.0
pMG2200_44	19	100.0	282	0	0	1	282	47070	46789	6.149999999999999e-149	521.0
pMG2200_45	19	100.0	393	0	0	1	393	46796	46404	0.0	726.0
pMG2200_46	19	100.0	2061	0	0	1	2061	46411	44351	0.0	3807.0
pMG2200_47	19	100.0	1659	0	0	1	1659	44274	42616	0.0	3064.0
pMG2200_48	19	100.0	1344	0	0	1	1344	41086	42429	0.0	2483.0
pMG2200_49	19	100.0	774	0	0	1	774	40313	41086	0.0	1430.0
pMG2200_50	19	100.0	552	0	0	1	552	39618	40169	0.0	1020.0
pMG2200_51	19	100.0	174	0	0	1	174	39421	39594	3.949999999999999e-89	322.0
pMG2200_52	19	100.0	186	0	0	1	186	39233	39418	9.089999999999999e-96	344.0
pMG2200_53	19	100.0	201	0	0	1	201	38937	38737	4.5499999999999986e-104	372.0
pMG2200_54	19	100.0	231	0	0	1	231	38405	38635	1.1199999999999997e-120	427.0
pMG2200_55	19	100.0	393	0	0	1	393	38248	37856	0.0	726.0
pMG2200_56	19	100.0	453	0	0	1	453	37790	37338	0.0	837.0
pMG2200_57	19	100.0	153	0	0	1	153	37324	37172	1.61e-77	283.0
pMG2200_58	19	100.0	591	0	0	1	591	37160	36570	0.0	1092.0
pMG2200_59	19	100.0	321	0	0	1	321	36564	36244	1.4799999999999997e-170	593.0
pMG2200_60	19	100.0	246	0	0	1	246	36136	35891	5.4799999999999976e-129	455.0
pMG2200_61	19	100.0	183	0	0	1	183	35837	35655	4.149999999999999e-94	339.0
pMG2200_62	19	100.0	717	0	0	1	717	35460	34744	0.0	1325.0
pMG2200_63	19	100.0	1788	0	0	1	1788	34606	32819	0.0	3302.0
pMG2200_64	19	100.0	636	0	0	1	636	32633	31998	0.0	1175.0
pMG2200_65	19	100.0	432	0	0	1	432	31975	31544	0.0	798.0
pMG2200_66	19	100.0	528	0	0	1	528	31541	31014	0.0	976.0
pMG2200_67	19	100.0	2181	0	0	1	2181	30971	28791	0.0	4028.0
pMG2200_68	19	100.0	543	0	0	1	543	28683	28141	0.0	1003.0
pMG2200_69	19	100.0	576	0	0	1	576	28074	27499	0.0	1064.0
pMG2200_70	19	100.0	333	0	0	1	333	27356	27024	3.2799999999999986e-177	616.0
pMG2200_71	19	100.0	1320	0	0	1	1320	25521	26840	0.0	2438.0
pMG2200_72	19	100.0	141	0	0	1	141	25288	25148	6.8599999999999985e-71	261.0
pMG2200_73	19	100.0	831	0	0	1	831	25061	24231	0.0	1535.0
pMG2200_74	19	100.0	210	0	0	1	210	24168	23959	4.739999999999999e-109	388.0
pMG2200_75	19	100.0	423	0	0	1	423	23043	22621	0.0	782.0
pMG2200_76	19	100.0	567	0	0	1	567	22457	21891	0.0	1048.0
pMG2200_77	19	100.0	198	0	0	1	198	21874	21677	2.0799999999999996e-102	366.0
pMG2200_78	19	100.0	537	0	0	1	537	21650	21114	0.0	992.0
pMG2200_79	19	100.0	1059	0	0	1	1059	19927	20985	0.0	1956.0
pMG2200_80	19	100.0	243	0	0	1	243	19660	19902	2.5199999999999993e-127	449.0
pMG2200_81	19	100.0	243	0	0	1	243	19455	19213	2.5199999999999993e-127	449.0
pMG2200_82	19	100.0	213	0	0	1	213	19127	18915	1.0299999999999997e-110	394.0
pMG2200_83	19	100.0	111	0	0	1	111	18739	18629	2.4799999999999997e-54	206.0
pMG2200_85	19	100.0	105	0	0	1	105	17473	17369	5.02e-51	195.0
pMG2200_89	19	99.09899999999999	111	1	0	1	111	17373	17263	1.15e-52	200.0
pMG2200_90	19	98.104	211	3	1	1	210	17188	16978	2.2199999999999994e-102	366.0
pMG2200_91	19	100.0	303	0	0	1	303	16966	16664	1.4099999999999995e-160	560.0
pMG2200_92	19	99.24799999999999	1329	10	0	1	1329	16237	14909	0.0	2399.0
pMG2200_93	19	100.0	351	0	0	1	351	14912	14562	0.0	649.0
pMG2200_94	19	100.0	213	0	0	1	213	14605	14393	1.0299999999999997e-110	394.0
pMG2200_95	19	100.0	297	0	0	1	297	13961	13665	2.979999999999999e-157	549.0
pMG2200_96	19	100.0	783	0	0	1	783	13411	12629	0.0	1447.0
pMG2200_97	19	100.0	357	0	0	1	357	12636	12280	0.0	660.0
pMG2200_98	19	100.0	1008	0	0	1	1008	12020	11013	0.0	1862.0
pMG2200_99	19	100.0	1638	0	0	1	1638	10854	9217	0.0	3025.0
pMG2200_100	19	100.0	1155	0	0	1	1155	9206	8052	0.0	2134.0
pMG2200_101	19	100.0	954	0	0	1	954	7066	8019	0.0	1762.0
pMG2200_102	19	100.0	72	0	0	1	72	6857	6786	6.84e-33	134.0
pMG2200_103	19	100.0	357	0	0	1	357	6297	5941	0.0	660.0
pMG2200_104	19	100.0	306	0	0	1	306	5359	5054	3.059999999999999e-162	566.0
pMG2200_105	19	99.963	2676	1	0	1	2676	5043	2368	0.0	4937.0
pMG2200_106	19	100.0	279	0	0	1	279	2348	2070	2.829999999999999e-147	516.0
pMG2200_107	19	100.0	336	0	0	1	336	1610	1275	7.119999999999998e-179	621.0
pMG2200_109	19	100.0	321	0	0	1	321	65716	65396	1.4799999999999997e-170	593.0
pMG2200_109	32	96.25	320	12	0	1	320	21173	20854	5.469999999999999e-150	525.0
pMG2200_110	19	100.0	831	0	0	1	831	65180	64350	0.0	1535.0
pMG2200_111	19	100.0	336	0	0	1	336	64104	63769	7.119999999999998e-179	621.0
pMG2200_112	19	99.911	1128	1	0	1	1128	63761	62634	0.0	2078.0
pMG2200_113	19	100.0	144	0	0	1	144	62469	62326	1.5099999999999996e-72	267.0
pMG2200_114	19	99.87200000000001	1560	2	0	1	1560	62106	60547	0.0	2870.0
pMG2200_115	19	100.0	534	0	0	1	534	60377	59844	0.0	987.0
pCF10_01	19	98.796	1329	16	0	1	1329	16237	14909	0.0	2366.0
pCF10_02	19	97.15100000000001	351	10	0	1	351	14912	14562	1.6299999999999993e-170	593.0
pCF10_03	19	98.59200000000001	213	3	0	1	213	14605	14393	1.04e-105	377.0
pCF10_04	19	96.62200000000001	296	7	3	1	294	13961	13667	6.5999999999999984e-139	488.0
pCF10_08	19	99.512	1638	8	0	1	1638	10854	9217	0.0	2981.0
pCF10_09	19	99.913	1155	1	0	1	1155	9206	8052	0.0	2128.0
pCF10_10	19	100.0	954	0	0	1	954	7066	8019	0.0	1762.0
pCF10_11	19	100.0	72	0	0	1	72	6857	6786	6.84e-33	134.0
pCF10_14	19	97.354	189	5	0	1	189	5359	5171	4.34e-89	322.0
pCF10_17	32	97.199	357	10	0	1	357	21209	20853	7.639999999999998e-174	604.0
pCF10_17	19	96.581	351	12	0	1	351	65752	65402	3.579999999999998e-167	582.0
pCF10_40	19	98.90100000000001	546	6	0	1	546	39618	40163	0.0	976.0
pCF10_41	19	98.958	192	2	0	1	192	39403	39594	9.419999999999998e-96	344.0
pCF10_42	19	98.925	186	2	0	1	186	39233	39418	1.9699999999999995e-92	333.0
pCF10_44	19	99.50200000000001	201	1	0	1	201	38937	38737	2.1199999999999996e-102	366.0
pCF10_45	19	100.0	231	0	0	1	231	38405	38635	1.1199999999999997e-120	427.0
pCF10_46	19	98.99	495	5	0	1	495	38350	37856	0.0	887.0
pCF10_47	19	98.01299999999999	453	9	0	1	453	37790	37338	0.0	787.0
pCF10_49	19	96.605	324	11	0	7	330	36567	36244	7.229999999999998e-154	538.0
pCF10_55	19	97.77799999999999	225	5	0	1	225	17473	17249	5.1099999999999995e-109	388.0
pCF10_56	19	95.735	211	8	1	1	210	17188	16978	4.839999999999999e-94	339.0
pCF10_57	19	98.286	175	2	1	1	174	16966	16792	3.98e-84	305.0
pAM373_p18	32	98.214	504	9	0	1	504	4037	3534	0.0	881.0
pAM373_p24	32	96.975	2347	69	2	1	2346	9926	7581	0.0	3940.0
pAM373_p26	32	98.63600000000001	2493	34	0	1	2493	12786	10294	0.0	4416.0
pAM373_p30	32	99.23100000000001	390	3	0	1	390	14347	13958	0.0	704.0
pAM373_p31	32	99.275	276	2	0	1	276	14622	14347	2.819999999999999e-142	499.0
pAM373_p32	32	99.054	846	8	0	1	846	15457	14612	0.0	1519.0
pAM373_p33	32	100.0	315	0	0	1	315	15953	15639	3.1299999999999992e-167	582.0
pAM373_p34	32	98.49799999999999	333	5	0	1	333	16285	15953	7.149999999999998e-169	588.0
pAM373_p35	32	98.867	618	7	0	1	618	16970	16353	0.0	1103.0
pAM373_p36	32	99.37100000000001	1272	8	0	1	1272	18244	16973	0.0	2305.0
pAM373_p37	32	99.535	861	4	0	1	861	19130	18270	0.0	1568.0
pAM373_p38	32	98.40700000000001	879	14	0	1	879	20028	19150	0.0	1546.0
pAM373_p39	32	99.234	261	2	0	1	261	20299	20039	5.799999999999999e-134	472.0
HS082_RS00005	19	97.40700000000001	270	7	0	1	270	12020	11751	1.2999999999999996e-130	460.0
HS082_RS00040	39	99.48299999999999	1160	6	0	4	1163	6624	5465	0.0	2109.0
HS082_RS00180	19	96.641	774	26	0	1	774	40313	41086	0.0	1286.0
HS082_RS00185	19	98.816	591	7	0	1	591	39618	40208	0.0	1053.0
HS082_RS00190	19	100.0	192	0	0	1	192	39403	39594	4.349999999999999e-99	355.0
HS082_RS00195	19	100.0	186	0	0	1	186	39233	39418	9.089999999999999e-96	344.0
HS082_RS00200	19	100.0	201	0	0	1	201	38937	38737	4.5499999999999986e-104	372.0
HS082_RS00205	19	100.0	231	0	0	1	231	38405	38635	1.1199999999999997e-120	427.0
HS082_RS00210	19	100.0	393	0	0	1	393	38248	37856	0.0	726.0
HS082_RS00215	19	99.779	453	1	0	1	453	37790	37338	0.0	832.0
HS082_RS00220	19	100.0	153	0	0	1	153	37324	37172	1.61e-77	283.0
HS082_RS00225	19	99.831	591	1	0	1	591	37160	36570	0.0	1086.0
HS082_RS00230	19	99.65899999999999	293	1	0	1	293	36441	36149	2.2899999999999993e-153	536.0
HS082_RS00235	19	100.0	246	0	0	1	246	36136	35891	5.4799999999999976e-129	455.0
HS082_RS00240	19	100.0	183	0	0	1	183	35837	35655	4.149999999999999e-94	339.0
HS082_RS00245	19	100.0	717	0	0	1	717	35460	34744	0.0	1325.0
HS082_RS00250	19	99.934	1516	1	0	1	1516	34606	33091	0.0	2795.0
HS082_RS00255	19	100.0	246	0	0	1	246	33064	32819	5.4799999999999976e-129	455.0
HS082_RS00260	19	99.84299999999999	636	1	0	1	636	32633	31998	0.0	1170.0
HS082_RS00265	19	100.0	468	0	0	1	468	32011	31544	0.0	865.0
HS082_RS00270	19	100.0	528	0	0	1	528	31541	31014	0.0	976.0
HS082_RS00275	19	99.90799999999999	2181	2	0	1	2181	30971	28791	0.0	4017.0
HS082_RS00280	19	100.0	543	0	0	1	543	28683	28141	0.0	1003.0
HS082_RS00285	19	100.0	576	0	0	1	576	28074	27499	0.0	1064.0
HS082_RS00290	19	100.0	333	0	0	1	333	27356	27024	3.2799999999999986e-177	616.0
HS082_RS00355	60	99.896	960	1	0	1	960	97	1056	0.0	1768.0
HS082_RS00390	19	97.152	597	17	0	1	597	18367	17771	0.0	1009.0
HS082_RS00395	19	97.917	288	6	0	1	288	17754	17467	2.949999999999999e-142	499.0
HS082_RS00400	19	97.77799999999999	225	5	0	1	225	17473	17249	5.1099999999999995e-109	388.0
HS082_RS00445	19	98.084	783	15	0	1	783	13411	12629	0.0	1363.0
HS082_RS00450	19	98.039	357	7	0	1	357	12636	12280	7.589999999999999e-179	621.0
pWZ1668_p05	49	98.83	171	2	0	1	171	289	459	3.8999999999999993e-84	305.0
pWZ1668_p06	49	98.867	618	7	0	1	618	473	1090	0.0	1103.0
pWZ1668_p07	49	99.725	363	1	0	1	363	1090	1452	0.0	665.0
pWZ1668_p08	39	99.28299999999999	837	6	0	1	837	6301	5465	0.0	1513.0
pWZ1668_p09	39	98.958	288	3	0	4	291	6624	6337	2.959999999999999e-147	516.0
pWZ1668_p10	49	99.947	1887	1	0	1	1887	2189	4075	0.0	3480.0
pWZ1668_p15	48	98.396	187	3	0	1	187	5116	4930	2.56e-91	329.0
pWZ1668_p17	48	99.18700000000001	738	6	0	1	738	4396	3659	0.0	1330.0
pWZ1668_p18	48	99.479	192	1	0	1	192	3714	3523	2.0199999999999993e-97	350.0
pWZ1668_p19	48	98.551	897	13	0	1	897	3126	2230	0.0	1585.0
pWZ1668_p20	48	96.70299999999999	273	9	0	1	273	1899	1627	6.109999999999999e-129	455.0
pWZ1668_p32	48	96.684	573	19	0	1	573	1334	762	0.0	953.0
pWZ1668_p33	48	99.37100000000001	318	2	0	1	318	321	4	1.4699999999999996e-165	577.0
pTW9_p01	19	95.161	620	30	0	1	620	18391	17772	0.0	979.0
pTW9_p07	19	98.28200000000001	291	5	0	1	291	13961	13671	1.4099999999999994e-145	510.0
pTW9_p15	19	98.59899999999999	357	5	0	1	357	6297	5941	0.0	632.0
pTW9_p16	19	96.07799999999999	306	12	0	1	306	5359	5054	3.149999999999999e-142	499.0
pTW9_p19	19	100.0	336	0	0	1	336	1610	1275	7.119999999999998e-179	621.0
pTW9_p21	32	99.065	321	3	0	1	321	21173	20853	1.4899999999999994e-165	577.0
pTW9_p21	19	97.18799999999999	320	9	0	1	320	65716	65397	5.429999999999999e-155	542.0
pTW9_p22	32	99.617	261	1	0	1	261	20831	20571	1.2499999999999996e-135	477.0
pTW9_p23	32	99.617	261	1	0	1	261	20299	20039	1.2499999999999996e-135	477.0
pTW9_p24	32	98.066	879	17	0	1	879	20028	19150	0.0	1530.0
pTW9_p25	32	99.652	861	3	0	1	861	19130	18270	0.0	1574.0
pTW9_p26	32	98.899	1272	14	0	1	1272	18244	16973	0.0	2272.0
pTW9_p27	32	98.867	618	7	0	1	618	16970	16353	0.0	1103.0
pTW9_p28	32	99.09899999999999	333	3	0	1	333	16285	15953	3.2999999999999994e-172	599.0
pTW9_p29	32	100.0	315	0	0	1	315	15953	15639	3.1299999999999992e-167	582.0
pTW9_p30	32	99.227	1035	8	0	1	1035	15646	14612	0.0	1868.0
pTW9_p31	32	99.617	261	1	0	1	261	14607	14347	1.2499999999999996e-135	477.0
pTW9_p32	32	100.0	390	0	0	1	390	14347	13958	0.0	721.0
pTW9_p33	32	99.79299999999999	483	1	0	1	483	13926	13444	0.0	887.0
pTW9_p34	32	100.0	459	0	0	1	459	13349	12891	0.0	848.0
pTW9_p35	32	99.493	2565	13	0	1	2565	12858	10294	0.0	4665.0
pTW9_p37	32	96.634	2347	77	2	1	2346	9926	7581	0.0	3895.0
pTW9_p38	32	97.63799999999999	2244	53	0	1	2244	7579	5336	0.0	3851.0
pTW9_p39	32	100.0	786	0	0	1	786	4813	4028	0.0	1452.0
pTW9_p57	48	100.0	738	0	0	1	738	4396	3659	0.0	1363.0
pTW9_p58	48	100.0	132	0	0	1	132	3654	3523	6.399999999999999e-66	244.0
pTW9_p61	49	98.24600000000001	171	3	0	1	171	289	459	1.8199999999999997e-82	300.0
pTW9_p62	49	99.838	618	1	0	1	618	473	1090	0.0	1136.0
pTW9_p66	48	99.59299999999999	738	3	0	1	738	4396	3659	0.0	1347.0
pTW9_p67	48	96.97	132	4	0	1	132	3654	3523	3e-59	222.0
pTW9_p68	48	95.57799999999999	294	13	0	1	294	3522	3229	6.569999999999998e-134	472.0
pTW9_p69	48	96.774	558	18	0	1	558	3126	2569	0.0	931.0
pTW9_p79	48	99.708	342	1	0	1	342	2571	2230	1.5599999999999995e-180	627.0
pTW9_p80	48	96.759	216	7	0	1	216	2131	1916	1.0699999999999998e-100	361.0
pTW9_p84	48	96.415	781	28	0	14	794	1542	762	0.0	1288.0
pTW9_p85	69	98.95100000000001	286	3	0	1	286	286	1	3.8299999999999995e-146	512.0
pTW9_p90	48	97.255	255	6	1	1	254	1141	887	9.559999999999998e-122	431.0
pTW9_p95	48	99.37100000000001	318	2	0	1	318	321	4	1.4699999999999996e-165	577.0
HS307_RS00020	49	97.661	171	4	0	1	171	289	459	8.449999999999997e-81	294.0
HS307_RS00030	49	95.604	364	14	2	1	363	1090	1452	3.649999999999999e-167	582.0
HS307_RS00035	49	96.555	1887	65	0	1	1887	2189	4075	0.0	3125.0
HXI36_RS00035	49	98.83	171	2	0	1	171	289	459	3.8999999999999993e-84	305.0
HXI36_RS00075	48	99.59299999999999	738	3	0	1	738	4396	3659	0.0	1347.0
HXI36_RS00080	48	98.462	260	4	0	2	261	5186	4927	4.5199999999999984e-130	459.0
HXI36_RS00080	48	95.01899999999999	261	13	0	1	261	3489	3229	1.2799999999999998e-115	411.0
HXI36_RS00085	48	97.54700000000001	897	22	0	1	897	3126	2230	0.0	1535.0
HXI36_RS00090	48	96.667	210	7	0	1	210	2125	1916	2.2399999999999991e-97	350.0
HXI36_RS00105	48	99.057	318	3	0	1	318	321	4	6.849999999999997e-164	571.0
HXI36_RS00235	55	100.0	543	0	0	1	543	397	939	0.0	1003.0
HXI36_RS00240	55	100.0	795	0	0	1	795	1032	1826	0.0	1469.0
HXI36_RS00250	48	96.321	897	33	0	1	897	3126	2230	0.0	1474.0
HXI36_RS00255	48	96.667	210	7	0	1	210	2125	1916	2.2399999999999991e-97	350.0
HXI36_RS00290	39	99.48299999999999	1160	6	0	4	1163	6624	5465	0.0	2109.0
HS679_RS00035	48	100.0	738	0	0	1	738	4396	3659	0.0	1363.0
HS679_RS00040	48	99.29799999999999	285	2	0	1	285	3513	3229	2.889999999999999e-147	516.0
HS679_RS00045	48	98.551	897	13	0	1	897	3126	2230	0.0	1585.0
HS679_RS00050	48	98.571	210	3	0	1	210	2125	1916	4.7699999999999986e-104	372.0
HS679_RS00055	48	96.70299999999999	273	9	0	1	273	1899	1627	6.109999999999999e-129	455.0
HS679_RS00060	48	98.38	864	14	0	1	864	1625	762	0.0	1519.0
HS679_RS00065	48	100.0	318	0	0	1	318	321	4	6.799999999999998e-169	588.0
D686_p35	49	98.83	171	2	0	1	171	289	459	3.8999999999999993e-84	305.0
D686_p07	49	98.867	618	7	0	1	618	473	1090	0.0	1103.0
D686_p06	49	99.71799999999999	354	1	0	1	354	1090	1443	0.0	649.0
D686_p36	39	99.28299999999999	837	6	0	1	837	6301	5465	0.0	1513.0
D686_p37	39	98.958	288	3	0	4	291	6624	6337	2.959999999999999e-147	516.0
D686_p38	49	99.947	1887	1	0	1	1887	2189	4075	0.0	3480.0
D686_p32	48	99.18700000000001	738	6	0	1	738	4396	3659	0.0	1330.0
D686_p31	48	98.551	897	13	0	1	897	3126	2230	0.0	1585.0
D686_p30	48	98.148	216	4	0	1	216	2131	1916	1.0599999999999998e-105	377.0
D686_p10	48	96.70299999999999	273	9	0	1	273	1899	1627	6.109999999999999e-129	455.0
D686_p09	48	98.148	162	3	0	1	162	1625	1464	1.7199999999999994e-77	283.0
D686_p11	48	97.15100000000001	702	20	0	1	702	1463	762	0.0	1186.0
D686_p41	48	99.37100000000001	318	2	0	1	318	321	4	1.4699999999999996e-165	577.0
D686_p1034	49	98.83	171	2	0	1	171	289	459	3.8999999999999993e-84	305.0
D686_p1005	49	98.87799999999999	624	7	0	1	624	473	1096	0.0	1114.0
D686_p1004	49	99.71799999999999	354	1	0	1	354	1099	1452	0.0	649.0
D686_p1035	39	99.28299999999999	837	6	0	1	837	6301	5465	0.0	1513.0
D686_p1036	39	98.958	288	3	0	4	291	6624	6337	2.959999999999999e-147	516.0
D686_p1037	49	99.947	1887	1	0	1	1887	2189	4075	0.0	3480.0
D686_p1031	48	99.18700000000001	738	6	0	1	738	4396	3659	0.0	1330.0
D686_p1030	48	98.551	897	13	0	1	897	3126	2230	0.0	1585.0
D686_p1029	48	98.148	216	4	0	1	216	2131	1916	1.0599999999999998e-105	377.0
D686_p1010	48	96.70299999999999	273	9	0	1	273	1899	1627	6.109999999999999e-129	455.0
D686_p1009	48	98.148	162	3	0	1	162	1625	1464	1.7199999999999994e-77	283.0
D686_p1011	48	97.15100000000001	702	20	0	1	702	1463	762	0.0	1186.0
D686_p1042	48	99.37100000000001	318	2	0	1	318	321	4	1.4699999999999996e-165	577.0
A7J11_01120	48	100.0	738	0	0	1	738	4396	3659	0.0	1363.0
EFD32_RS15005	49	100.0	618	0	0	1	618	473	1090	0.0	1142.0
EFD32_RS15025	48	99.86399999999999	738	1	0	1	738	4396	3659	0.0	1358.0
EFD32_RS16455	48	96.97	132	4	0	1	132	3654	3523	3e-59	222.0
EFD32_RS16155	48	98.462	260	4	0	2	261	5186	4927	4.5199999999999984e-130	459.0
EFD32_RS16155	48	95.01899999999999	261	13	0	1	261	3489	3229	1.2799999999999998e-115	411.0
EFD32_RS15030	48	96.99	897	27	0	1	897	3126	2230	0.0	1507.0
EFD32_RS15035	48	96.667	210	7	0	1	210	2125	1916	2.2399999999999991e-97	350.0
CGZ46_RS14435	19	99.63	540	2	0	1	540	41890	42429	0.0	987.0
CGZ46_RS14470	14	100.0	120	0	0	1	120	2125	2244	2.7e-59	222.0
CGZ46_RS14475	14	100.0	315	0	0	1	315	2267	2581	3.1299999999999992e-167	582.0
CGZ46_RS14480	14	100.0	387	0	0	1	387	2597	2983	0.0	715.0
CGZ46_RS14485	14	100.0	1386	0	0	1	1386	3012	4397	0.0	2560.0
CGZ46_RS14490	14	100.0	153	0	0	1	153	4400	4552	1.61e-77	283.0
CGZ46_RS14495	14	100.0	1206	0	0	1	1206	4575	5780	0.0	2228.0
CGZ46_RS14500	14	100.0	222	0	0	1	222	5823	6044	1.0799999999999998e-115	411.0
CGZ46_RS14505	14	100.0	498	0	0	1	498	6161	6658	0.0	920.0
CGZ46_RS14510	14	100.0	507	0	0	1	507	6633	7139	0.0	937.0
CGZ46_RS14515	14	99.837	2448	4	0	1	2448	7123	9570	0.0	4499.0
CGZ46_RS14525	14	99.40100000000001	1002	6	0	1	1002	11747	12748	0.0	1818.0
CGZ46_RS14530	14	99.786	933	2	0	1	933	12745	13677	0.0	1712.0
CGZ46_RS14535	14	100.0	87	0	0	1	87	13952	14038	4.0299999999999994e-41	161.0
CGZ46_RS14540	14	96.458	1920	68	0	1	1920	14054	15973	0.0	3169.0
CGZ46_RS14615	48	99.59299999999999	738	3	0	1	738	4396	3659	0.0	1347.0
CGZ46_RS14620	48	97.727	132	3	0	1	132	3654	3523	6.44e-61	228.0
CGZ46_RS14785	19	97.1	1345	37	2	1	1344	41086	42429	0.0	2266.0
CGZ46_RS14795	19	98.73200000000001	552	7	0	1	552	39618	40169	0.0	981.0
CGZ46_RS14800	19	100.0	174	0	0	1	174	39421	39594	3.949999999999999e-89	322.0
CGZ46_RS14805	19	100.0	186	0	0	1	186	39233	39418	9.089999999999999e-96	344.0
CGZ46_RS14810	19	99.005	201	2	0	1	201	38937	38737	9.839999999999998e-101	361.0
CGZ46_RS14815	19	100.0	231	0	0	1	231	38405	38635	1.1199999999999997e-120	427.0
CGZ46_RS14820	19	98.586	495	7	0	1	495	38350	37856	0.0	876.0
CGZ46_RS14825	19	99.338	453	3	0	1	453	37790	37338	0.0	821.0
CGZ46_RS14830	19	96.053	152	6	0	1	152	37324	37173	5.869999999999999e-67	248.0
CGZ46_RS14835	19	95.262	591	28	0	1	591	37160	36570	0.0	937.0
CGZ46_RS14850	47	99.50200000000001	201	1	0	1	201	4994	5194	2.1199999999999996e-102	366.0
CGZ46_RS14855	47	99.51700000000001	207	1	0	1	207	4590	4384	1.0099999999999997e-105	377.0
CGZ46_RS14860	47	100.0	192	0	0	1	192	4350	4159	4.349999999999999e-99	355.0
CGZ46_RS14865	47	99.698	2982	9	0	1	2982	4098	1117	0.0	5457.0
CGZ46_RS14875	40	100.0	1239	0	0	1	1239	9136	7898	0.0	2289.0
CGZ46_RS14880	40	99.79700000000001	984	2	0	1	984	7897	6914	0.0	1807.0
CGZ46_RS14900	19	96.831	284	9	0	1	284	17754	17471	4.909999999999999e-135	475.0
CGZ46_RS14915	19	98.194	1329	24	0	1	1329	16237	14909	0.0	2322.0
CGZ46_RS14920	19	98.006	351	7	0	1	351	14912	14562	1.6099999999999996e-175	610.0
CGZ46_RS14965	19	97.712	306	7	0	1	306	5359	5054	1.4399999999999996e-150	527.0
CGZ46_RS14985	32	95.506	356	13	1	1	353	21209	20854	3.5699999999999994e-162	566.0
CGZ46_RS14985	19	95.238	357	14	1	1	354	65752	65396	4.6199999999999985e-161	562.0
CGZ46_RS15000	19	99.27799999999999	831	6	0	1	831	65180	64350	0.0	1502.0
CGZ46_RS15005	19	96.667	180	6	0	1	180	64319	64140	1.9199999999999995e-82	300.0
CGZ46_RS15010	19	99.359	312	2	0	1	312	64080	63769	3.119999999999999e-162	566.0
CGZ46_RS15015	19	98.58200000000001	1128	16	0	1	1128	63761	62634	0.0	1995.0
CGZ46_RS15020	19	98.53399999999999	1569	5	1	1	1551	62115	60547	0.0	2754.0
CGZ46_RS15025	19	100.0	534	0	0	1	534	60377	59844	0.0	987.0
CGZ46_RS15030	19	99.961	2553	1	0	1	2553	59800	57248	0.0	4710.0
CGZ46_RS15035	19	99.9	2004	2	0	1	2004	57258	55255	0.0	3690.0
CGZ46_RS15040	19	100.0	381	0	0	1	381	55248	54868	0.0	704.0
CGZ46_RS15045	19	99.92200000000001	2556	2	0	1	2556	54739	52184	0.0	4710.0
CGZ46_RS15050	19	99.471	189	1	0	1	189	52181	51993	9.249999999999998e-96	344.0
CGZ46_RS15055	19	100.0	1152	0	0	1	1152	51974	50823	0.0	2128.0
CGZ46_RS15060	19	100.0	990	0	0	1	990	50733	49744	0.0	1829.0
CGZ46_RS15065	19	100.0	234	0	0	1	234	49680	49447	2.4299999999999993e-122	433.0
CGZ46_RS15070	19	100.0	327	0	0	1	327	49446	49120	6.959999999999999e-174	604.0
CGZ46_RS15075	19	100.0	639	0	0	1	639	49028	48390	0.0	1181.0
CGZ46_RS15080	19	100.0	942	0	0	1	942	48383	47442	0.0	1740.0
CGZ46_RS15085	19	98.58200000000001	282	4	0	1	282	47070	46789	2.8799999999999995e-142	499.0
CGZ46_RS15090	19	100.0	393	0	0	1	393	46796	46404	0.0	726.0
CGZ46_RS15095	19	99.272	2061	15	0	1	2061	46411	44351	0.0	3723.0
CGZ46_RS15100	19	98.794	1659	2	1	1	1641	44274	42616	0.0	2937.0
FOA09_RS13910	48	99.524	210	1	0	1	210	321	112	2.1999999999999995e-107	383.0
FOA09_RS13915	48	95.726	117	5	0	1	117	878	762	2.66e-49	189.0
FOA09_RS13945	48	99.057	318	3	0	1	318	321	4	6.849999999999997e-164	571.0
FOA09_RS13980	48	97.436	273	7	0	1	273	1899	1627	2.819999999999999e-132	466.0
FOA09_RS13985	48	98.148	216	4	0	1	216	2131	1916	1.0599999999999998e-105	377.0
FOA09_RS13990	48	98.105	897	17	0	1	897	3126	2230	0.0	1563.0
FOA09_RS13995	48	98.462	260	4	0	2	261	5186	4927	4.5199999999999984e-130	459.0
FOA09_RS13995	48	95.01899999999999	261	13	0	1	261	3489	3229	1.2799999999999998e-115	411.0
FOA09_RS14000	48	98.485	132	2	0	1	132	3654	3523	1.3899999999999997e-62	233.0
FOA09_RS14005	48	99.86399999999999	738	1	0	1	738	4396	3659	0.0	1358.0
FOA09_RS14195	32	95.29700000000001	489	23	0	1	489	4022	3534	0.0	776.0
FOA09_RS14200	32	100.0	729	0	0	1	729	4756	4028	0.0	1347.0
FOA09_RS14205	32	99.415	171	1	0	1	171	5164	5334	8.389999999999998e-86	311.0
FOA09_RS14210	32	97.654	2259	53	0	1	2259	7594	5336	0.0	3879.0
FOA09_RS14215	32	96.634	2347	77	2	1	2346	9926	7581	0.0	3895.0
FOA09_RS14225	32	99.318	2493	17	0	1	2493	12786	10294	0.0	4510.0
FOA09_RS14230	32	100.0	459	0	0	1	459	13349	12891	0.0	848.0
FOA09_RS14235	32	99.79299999999999	483	1	0	1	483	13926	13444	0.0	887.0
FOA09_RS14240	32	100.0	393	0	0	1	393	14350	13958	0.0	726.0
FOA09_RS14245	32	99.63799999999999	276	1	0	1	276	14622	14347	6.049999999999998e-144	505.0
FOA09_RS14250	32	99.227	1035	8	0	1	1035	15646	14612	0.0	1868.0
FOA09_RS14255	32	100.0	315	0	0	1	315	15953	15639	3.1299999999999992e-167	582.0
FOA09_RS14260	32	98.645	369	5	0	1	369	16321	15953	0.0	654.0
FOA09_RS14265	32	99.029	618	6	0	1	618	16970	16353	0.0	1109.0
FOA09_RS14270	32	98.899	1272	14	0	1	1272	18244	16973	0.0	2272.0
FOA09_RS14275	32	99.652	861	3	0	1	861	19130	18270	0.0	1574.0
FOA09_RS14280	32	98.066	879	17	0	1	879	20028	19150	0.0	1530.0
FOA09_RS14285	32	99.617	261	1	0	1	261	20299	20039	1.2499999999999996e-135	477.0
FOA09_RS14290	32	99.74	385	1	0	1	385	20831	20447	0.0	706.0
FOA09_RS14295	32	98.319	357	3	1	1	354	21209	20853	2.0899999999999992e-179	623.0
FOA09_RS14295	19	96.62899999999999	356	9	1	1	353	65752	65397	7.629999999999998e-169	588.0
FOA09_RS14305	19	100.0	336	0	0	1	336	1610	1275	7.119999999999998e-179	621.0
FOA09_RS14310	19	96.774	93	2	1	1	93	1930	1839	7.329999999999999e-39	154.0
FOA09_RS14325	19	96.07799999999999	306	12	0	1	306	5359	5054	3.149999999999999e-142	499.0
FOA09_RS14330	19	98.59899999999999	357	5	0	1	357	6297	5941	0.0	632.0
FOA09_RS14370	19	98.28200000000001	291	5	0	1	291	13961	13671	1.4099999999999994e-145	510.0
FOA09_RS14375	19	99.09899999999999	111	1	0	1	111	14311	14201	1.15e-52	200.0
FOA09_RS14395	19	95.134	596	29	0	1	596	18367	17772	0.0	941.0
EYB36_RS00005	32	97.992	249	5	0	1	249	2130	1882	2.5999999999999987e-122	433.0
EYB36_RS00010	32	99.045	419	2	2	1	419	1806	1390	0.0	750.0
EYB36_RS00025	32	99.24799999999999	266	2	0	2	267	670	405	9.839999999999999e-137	481.0
EYB36_RS00030	32	100.0	276	0	0	1	276	412	137	1.2999999999999996e-145	510.0
EYB36_RS00040	19	98.851	174	2	0	1	174	39421	39594	8.549999999999998e-86	311.0
EYB36_RS00045	19	98.30799999999999	591	10	0	1	591	39618	40208	0.0	1037.0
EYB36_RS00080	19	95.08200000000001	183	9	0	1	183	35837	35655	4.239999999999999e-79	289.0
EYB36_RS00095	19	98.738	634	7	1	3	636	32630	31998	0.0	1125.0
EYB36_RS00100	19	100.0	468	0	0	1	468	32011	31544	0.0	865.0
EYB36_RS00105	19	99.242	528	4	0	1	528	31541	31014	0.0	953.0
EYB36_RS00110	19	99.45	2181	12	0	1	2181	30971	28791	0.0	3962.0
EYB36_RS00115	19	99.816	543	1	0	1	543	28683	28141	0.0	998.0
EYB36_RS00295	19	96.444	225	8	0	1	225	17473	17249	5.1499999999999994e-104	372.0
EYB36_RS00300	19	97.959	196	4	0	1	196	17188	16993	1.2799999999999996e-94	340.0
EYB36_RS00305	19	97.03	303	9	0	1	303	16966	16664	1.4399999999999997e-145	510.0
EYB36_RS00320	48	100.0	132	0	0	1	132	3654	3523	6.399999999999999e-66	244.0
EYB36_RS00325	48	99.59299999999999	738	3	0	1	738	4396	3659	0.0	1347.0
EYB36_RS00340	19	99.624	1329	5	0	1	1329	16237	14909	0.0	2427.0
EYB36_RS00345	19	98.291	351	6	0	1	351	14912	14562	3.4699999999999993e-177	616.0
EYB36_RS00350	19	100.0	111	0	0	1	111	14311	14201	2.4799999999999997e-54	206.0
EYB36_RS00355	19	97.96600000000001	295	5	1	1	294	13961	13667	1.4099999999999994e-145	510.0
EYB36_RS00375	19	97.39	1609	42	0	1	1609	10854	9246	0.0	2739.0
EYB36_RS00400	32	98.99	1188	12	0	1	1188	8768	7581	0.0	2128.0
EYB36_RS00405	32	98.052	2259	44	0	1	2259	7594	5336	0.0	3928.0
EYB36_RS00410	32	100.0	171	0	0	1	171	5164	5334	1.7999999999999995e-87	316.0
EYB36_RS00415	32	100.0	729	0	0	1	729	4756	4028	0.0	1347.0
EYB36_RS00420	32	99.387	489	3	0	1	489	4022	3534	0.0	887.0
EYB36_RS00425	32	98.50200000000001	267	4	0	1	267	2942	2676	5.919999999999999e-134	472.0
EYB36_RS00430	32	99.8	501	1	0	1	501	2643	2143	0.0	920.0
EYB36_RS00445	48	100.0	132	0	0	1	132	3654	3523	6.399999999999999e-66	244.0
EYB36_RS00450	48	99.59299999999999	738	3	0	1	738	4396	3659	0.0	1347.0
EYB36_RS00465	55	100.0	795	0	0	1	795	1032	1826	0.0	1469.0
EYB36_RS00570	32	96.255	267	10	0	1	267	671	405	6.009999999999998e-124	438.0
EYB36_RS00775	32	97.469	2252	54	3	1	2252	7594	5346	0.0	3840.0
EYB36_RS00780	32	97.06	2347	67	2	1	2346	9926	7581	0.0	3951.0
EYB36_RS00790	32	99.43799999999999	2493	14	0	1	2493	12786	10294	0.0	4527.0
EYB36_RS00795	32	100.0	459	0	0	1	459	13349	12891	0.0	848.0
EYB36_RS00800	32	99.79299999999999	483	1	0	1	483	13926	13444	0.0	887.0
EYB36_RS00805	32	100.0	393	0	0	1	393	14350	13958	0.0	726.0
EYB36_RS00810	32	99.63799999999999	276	1	0	1	276	14622	14347	6.049999999999998e-144	505.0
EYB36_RS00815	32	98.454	1035	16	0	1	1035	15646	14612	0.0	1823.0
EYB36_RS00820	32	99.365	315	2	0	1	315	15953	15639	6.779999999999998e-164	571.0
EYB36_RS00825	32	98.645	369	5	0	1	369	16321	15953	0.0	654.0
EYB36_RS00830	32	98.22	618	11	0	1	618	16970	16353	0.0	1081.0
EYB36_RS00845	32	99.119	1135	10	0	1	1135	18244	17110	0.0	2041.0
EYB36_RS00855	32	98.066	879	17	0	1	879	20028	19150	0.0	1530.0
EYB36_RS00860	32	99.617	261	1	0	1	261	20299	20039	1.2499999999999996e-135	477.0
EYB36_RS00865	32	98.70100000000001	385	5	0	1	385	20831	20447	0.0	684.0
EYB36_RS00870	32	98.319	357	3	1	1	354	21209	20853	2.0899999999999992e-179	623.0
EYB36_RS00870	19	96.62899999999999	356	9	1	1	353	65752	65397	7.629999999999998e-169	588.0
EYB36_RS00885	19	95.699	93	3	1	1	93	1930	1839	3.41e-37	148.0
EYB36_RS00900	19	98.148	270	5	0	1	270	5323	5054	5.989999999999998e-134	472.0
EYB36_RS00900	8	95.556	270	12	0	1	270	104997	104728	2.8299999999999996e-122	433.0
EYB36_RS00930	19	99.72	357	1	0	1	357	12636	12280	0.0	654.0
EYB36_RS00935	19	99.48899999999999	783	4	0	1	783	13411	12629	0.0	1424.0
EYB36_RS00940	19	97.98	297	6	0	1	297	13961	13665	3.029999999999999e-147	516.0
BZG32_RS16190	32	100.0	393	0	0	1	393	14350	13958	0.0	726.0
BZG32_RS16195	32	99.63799999999999	276	1	0	1	276	14622	14347	6.049999999999998e-144	505.0
BZG32_RS16200	32	99.03399999999999	1035	10	0	1	1035	15646	14612	0.0	1857.0
BZG32_RS16205	32	99.365	315	2	0	1	315	15953	15639	6.779999999999998e-164	571.0
BZG32_RS16210	32	98.645	369	5	0	1	369	16321	15953	0.0	654.0
BZG32_RS16215	32	99.029	618	6	0	1	618	16970	16353	0.0	1109.0
BZG32_RS16220	32	99.135	1272	11	0	1	1272	18244	16973	0.0	2289.0
BZG32_RS16225	32	98.955	861	9	0	1	861	19130	18270	0.0	1541.0
BZG32_RS16230	32	97.95200000000001	879	18	0	1	879	20028	19150	0.0	1524.0
BZG32_RS16235	32	99.617	261	1	0	1	261	20299	20039	1.2499999999999996e-135	477.0
BZG32_RS16240	32	100.0	385	0	0	1	385	20831	20447	0.0	712.0
BZG32_RS16245	32	98.319	357	3	1	1	354	21209	20853	2.0899999999999992e-179	623.0
BZG32_RS16245	19	96.62899999999999	356	9	1	1	353	65752	65397	7.629999999999998e-169	588.0
BZG32_RS16255	19	100.0	336	0	0	1	336	1610	1275	7.119999999999998e-179	621.0
BZG32_RS16260	19	96.774	93	2	1	1	93	1930	1839	7.329999999999999e-39	154.0
BZG32_RS16280	19	97.23700000000001	579	16	0	1	579	5043	4465	0.0	981.0
BZG32_RS16280	8	96.37299999999999	579	21	0	1	579	104717	104139	0.0	953.0
BZG32_RS16285	19	95.098	306	15	0	1	306	5359	5054	3.169999999999999e-137	483.0
BZG32_RS16290	19	98.319	357	6	0	1	357	6297	5941	1.629999999999999e-180	627.0
BZG32_RS16345	19	98.198	111	2	0	1	111	14311	14201	5.37e-51	195.0
BZG32_RS16355	19	97.721	351	8	0	1	351	14912	14562	7.509999999999998e-174	604.0
BZG32_RS16360	19	98.947	1329	14	0	1	1329	16237	14909	0.0	2377.0
BZG32_RS16365	19	100.0	303	0	0	1	303	16966	16664	1.4099999999999995e-160	560.0
BZG32_RS16370	19	99.6	250	0	1	1	249	17227	16978	5.549999999999999e-129	455.0
BZG32_RS16375	19	100.0	225	0	0	1	225	17473	17249	2.3499999999999993e-117	416.0
BZG32_RS16380	19	100.0	288	0	0	1	288	17754	17467	2.9099999999999994e-152	532.0
BZG32_RS16385	19	100.0	597	0	0	1	597	18367	17771	0.0	1103.0
BZG32_RS16605	32	97.23100000000001	2347	63	2	1	2346	9926	7581	0.0	3973.0
BZG32_RS16615	32	99.35799999999999	2493	16	0	1	2493	12786	10294	0.0	4516.0
BZG32_RS16620	32	99.564	459	2	0	1	459	13349	12891	0.0	837.0
BZG32_RS16660	32	98.79299999999999	580	7	0	30	609	16932	16353	0.0	1033.0
BZG32_RS16665	32	99.18700000000001	369	3	0	1	369	16321	15953	0.0	665.0
BZG32_RS16670	32	100.0	315	0	0	1	315	15953	15639	3.1299999999999992e-167	582.0
BZG32_RS16675	32	99.227	1035	8	0	1	1035	15646	14612	0.0	1868.0
BZG32_RS16680	32	99.63799999999999	276	1	0	1	276	14622	14347	6.049999999999998e-144	505.0
BZG32_RS16685	32	100.0	393	0	0	1	393	14350	13958	0.0	726.0
BZG32_RS16690	32	99.79299999999999	483	1	0	1	483	13926	13444	0.0	887.0
BZG32_RS16695	32	99.78200000000001	459	1	0	1	459	13349	12891	0.0	843.0
BZG32_RS16700	32	99.479	2493	13	0	1	2493	12786	10294	0.0	4532.0
BZG32_RS16705	32	99.42	345	2	0	1	345	10283	9939	1.5699999999999996e-180	627.0
BZG32_RS16710	32	98.764	2346	29	0	1	2346	9926	7581	0.0	4172.0
BZG32_RS16715	32	97.469	2252	54	3	1	2252	7594	5346	0.0	3840.0
BZG32_RS16725	32	98.773	489	6	0	1	489	4022	3534	0.0	870.0
BZG32_RS16735	32	98.876	267	3	0	1	267	2942	2676	1.2699999999999995e-135	477.0
BZG32_RS16740	32	98.167	491	9	0	1	491	2643	2153	0.0	857.0
BZG32_RS16745	32	99.281	417	3	0	1	417	1806	1390	0.0	754.0
BZG32_RS16750	32	96.23899999999999	585	22	0	1	585	1366	782	0.0	959.0
BZG32_RS16755	32	100.0	267	0	0	1	267	671	405	1.2599999999999997e-140	494.0
BZG32_RS16760	32	98.551	276	4	0	1	276	412	137	6.099999999999999e-139	488.0
BZG32_RS16940	48	99.729	738	2	0	1	738	4396	3659	0.0	1352.0
BZG32_RS17430	48	96.97	132	4	0	1	132	3654	3523	3e-59	222.0
BZG32_RS16945	48	98.462	260	4	0	2	261	5186	4927	4.5199999999999984e-130	459.0
BZG32_RS16945	48	95.01899999999999	261	13	0	1	261	3489	3229	1.2799999999999998e-115	411.0
BZG32_RS16975	55	100.0	543	0	0	1	543	397	939	0.0	1003.0
BZG32_RS16980	55	100.0	795	0	0	1	795	1032	1826	0.0	1469.0
BZG32_RS16985	55	100.0	189	0	0	1	189	2122	1934	1.9899999999999994e-97	350.0
BZG32_RS16995	48	96.321	897	33	0	1	897	3126	2230	0.0	1474.0
BZG32_RS17000	48	96.667	210	7	0	1	210	2125	1916	2.2399999999999991e-97	350.0
BZG32_RS17030	19	99.72	357	1	0	1	357	12636	12280	0.0	654.0
BZG32_RS17035	19	99.48899999999999	783	4	0	1	783	13411	12629	0.0	1424.0
BZG32_RS17040	19	97.98	297	6	0	1	297	13961	13665	3.029999999999999e-147	516.0
BMT03_RS13400	66	98.947	95	1	0	1	95	183	277	7.469999999999999e-44	171.0
BMT03_RS13400	67	98.925	93	1	0	3	95	147	55	9.67e-43	167.0
BMT03_RS13435	48	97.77	897	20	0	1	897	3126	2230	0.0	1546.0
BMT03_RS13440	48	96.759	216	7	0	1	216	2131	1916	1.0699999999999998e-100	361.0
BMT03_RS13660	45	96.679	271	9	0	3	273	2671	2941	7.899999999999998e-128	451.0
CG806_RS00035	14	96.458	1920	68	0	1	1920	14054	15973	0.0	3169.0
CG806_RS00040	14	100.0	87	0	0	1	87	13952	14038	4.0299999999999994e-41	161.0
CG806_RS00050	14	99.786	933	2	0	1	933	12745	13677	0.0	1712.0
CG806_RS00055	14	99.501	1002	5	0	1	1002	11747	12748	0.0	1823.0
CG806_RS00065	14	99.91799999999999	2448	2	0	1	2448	7123	9570	0.0	4510.0
CG806_RS00070	14	100.0	507	0	0	1	507	6633	7139	0.0	937.0
CG806_RS00075	14	100.0	498	0	0	1	498	6161	6658	0.0	920.0
CG806_RS00080	14	100.0	222	0	0	1	222	5823	6044	1.0799999999999998e-115	411.0
CG806_RS00085	14	99.834	1206	2	0	1	1206	4575	5780	0.0	2217.0
CG806_RS00090	14	100.0	153	0	0	1	153	4400	4552	1.61e-77	283.0
CG806_RS00095	14	99.911	1128	1	0	1	1128	3270	4397	0.0	2078.0
CG806_RS00140	32	100.0	435	0	0	1	435	5770	5336	0.0	804.0
CG806_RS00145	32	98.83	171	2	0	1	171	5164	5334	3.8999999999999993e-84	305.0
CG806_RS00150	32	100.0	729	0	0	1	729	4756	4028	0.0	1347.0
CG806_RS00425	19	99.094	552	5	0	1	552	39618	40169	0.0	992.0
CG806_RS00430	19	100.0	174	0	0	1	174	39421	39594	3.949999999999999e-89	322.0
CG806_RS00435	19	99.462	186	1	0	1	186	39233	39418	4.229999999999999e-94	339.0
CG806_RS00450	19	97.015	201	6	0	1	201	38937	38737	4.609999999999999e-94	339.0
CG806_RS00455	19	100.0	231	0	0	1	231	38405	38635	1.1199999999999997e-120	427.0
CG806_RS00460	19	97.98	495	10	0	1	495	38350	37856	0.0	859.0
CG806_RS00465	19	98.234	453	8	0	1	453	37790	37338	0.0	793.0
CG806_RS00470	19	95.425	153	7	0	1	153	37324	37172	7.599999999999998e-66	244.0
CG806_RS00480	19	96.037	328	12	1	4	330	36571	36244	3.3599999999999984e-152	532.0
CG806_RS00610	19	97.712	306	7	0	1	306	5359	5054	1.4399999999999996e-150	527.0
CG806_RS00630	19	97.721	351	8	0	1	351	65752	65402	7.639999999999998e-174	604.0
CG806_RS00630	32	96.07799999999999	357	14	0	1	357	21209	20853	3.579999999999998e-167	582.0
CG806_RS00770	49	100.0	618	0	0	1	618	473	1090	0.0	1142.0
CG806_RS00790	48	99.729	738	2	0	1	738	4396	3659	0.0	1352.0
CG806_RS00795	48	98.485	132	2	0	1	132	3654	3523	1.3899999999999997e-62	233.0
CG806_RS00800	48	98.462	260	4	0	2	261	5186	4927	4.5199999999999984e-130	459.0
CG806_RS00800	48	95.01899999999999	261	13	0	1	261	3489	3229	1.2799999999999998e-115	411.0
CG806_RS00805	48	97.882	897	19	0	1	897	3126	2230	0.0	1552.0
CG806_RS00810	48	96.759	216	7	0	1	216	2131	1916	1.0699999999999998e-100	361.0
CG806_RS00830	19	100.0	111	0	0	1	111	14311	14201	2.4799999999999997e-54	206.0
CG806_RS00835	19	98.28200000000001	291	5	0	1	291	13961	13671	1.4099999999999994e-145	510.0
F1M88_RS14085	48	96.495	856	30	0	1	856	3126	2271	0.0	1415.0
F1M88_RS14090	48	98.462	260	4	0	2	261	5186	4927	4.5199999999999984e-130	459.0
F1M88_RS14090	48	95.01899999999999	261	13	0	1	261	3489	3229	1.2799999999999998e-115	411.0
C7I31_RS13835	48	99.86399999999999	738	1	0	1	738	4396	3659	0.0	1358.0
C7I31_RS14050	48	99.86399999999999	738	1	0	1	738	4396	3659	0.0	1358.0
C7I31_RS14090	45	100.0	975	0	0	1	975	114	1088	0.0	1801.0
C7I31_RS14095	45	100.0	195	0	0	1	195	1531	1725	9.519999999999998e-101	361.0
C7I31_RS14100	45	99.206	630	3	1	1	630	2365	1738	0.0	1134.0
C7I31_RS14110	45	100.0	330	0	0	1	330	2612	2941	1.5099999999999993e-175	610.0
C7I31_RS14115	45	99.89399999999999	939	1	0	1	939	3069	4007	0.0	1729.0
C7I31_RS14120	45	100.0	1038	0	0	1	1038	4033	5070	0.0	1917.0
C7I31_RS14125	45	99.22	513	4	0	1	513	5887	5375	0.0	926.0
C7I31_RS14130	39	99.529	1061	5	0	4	1064	6624	5564	0.0	1932.0
C7I31_RS14150	19	96.94	621	19	0	1	621	18391	17771	0.0	1042.0
C7I31_RS14260	39	99.397	1160	7	0	4	1163	6624	5465	0.0	2104.0
C7I31_RS14280	39	99.397	1160	7	0	4	1163	6624	5465	0.0	2104.0
C7I31_RS14310	3	98.12200000000001	213	4	0	1	213	2198	2410	4.8499999999999984e-104	372.0
C7I32_RS15265	32	99.744	390	1	0	1	390	14347	13958	0.0	715.0
C7I32_RS15270	32	99.275	276	2	0	1	276	14622	14347	2.819999999999999e-142	499.0
C7I32_RS15275	32	99.13	1035	9	0	1	1035	15646	14612	0.0	1862.0
C7I32_RS15280	32	99.68299999999999	315	1	0	1	315	15953	15639	1.4599999999999993e-165	577.0
C7I32_RS15285	32	98.801	417	5	0	1	417	16369	15953	0.0	743.0
C7I32_RS15290	32	98.05799999999999	618	12	0	1	618	16970	16353	0.0	1075.0
C7I32_RS15310	32	98.943	1135	12	0	1	1135	18244	17110	0.0	2030.0
C7I32_RS15315	32	98.25200000000001	858	6	1	1	849	19127	18270	0.0	1493.0
C7I32_RS15320	32	97.725	879	20	0	1	879	20028	19150	0.0	1513.0
C7I32_RS15325	32	100.0	261	0	0	1	261	20299	20039	2.6799999999999997e-137	483.0
C7I32_RS15330	32	97.40299999999999	385	10	0	1	385	20831	20447	0.0	656.0
C7I32_RS15335	19	98.03399999999999	356	7	0	1	356	65752	65397	2.7299999999999994e-178	619.0
C7I32_RS15335	32	97.759	357	8	0	1	357	21209	20853	3.5299999999999984e-177	616.0
C7I32_RS15355	19	97.38600000000001	306	8	0	1	306	5359	5054	6.7199999999999995e-149	521.0
C7I32_RS15405	19	97.251	291	8	0	1	291	13961	13671	1.4199999999999995e-140	494.0
C7I32_RS15455	40	97.288	885	24	0	1	885	7798	6914	0.0	1502.0
C7I32_RS15460	40	99.596	1239	5	0	1	1239	9136	7898	0.0	2261.0
C7I32_RS15470	47	99.329	2982	20	0	1	2982	4098	1117	0.0	5397.0
C7I32_RS15475	47	100.0	192	0	0	1	192	4350	4159	4.349999999999999e-99	355.0
C7I32_RS15480	47	100.0	207	0	0	1	207	4590	4384	2.1699999999999996e-107	383.0
C7I32_RS15490	47	99.50200000000001	201	1	0	1	201	4994	5194	2.1199999999999996e-102	366.0
C7I32_RS15570	32	100.0	786	0	0	1	786	4813	4028	0.0	1452.0
C7I32_RS15580	32	98.274	2259	39	0	1	2259	7594	5336	0.0	3956.0
C7I32_RS15585	32	96.762	2347	74	2	1	2346	9926	7581	0.0	3912.0
C7I32_RS15595	32	98.757	2493	31	0	1	2493	12786	10294	0.0	4433.0
C7I32_RS15605	32	97.103	2347	60	4	7	2352	9920	7581	0.0	3951.0
C7I32_RS15610	32	97.602	2252	51	3	1	2252	7594	5346	0.0	3856.0
C7I32_RS15620	32	98.773	489	6	0	1	489	4022	3534	0.0	870.0
C7I32_RS15625	32	98.876	267	3	0	1	267	2942	2676	1.2699999999999995e-135	477.0
C7I32_RS15630	32	98.574	491	7	0	1	491	2643	2153	0.0	869.0
C7I32_RS15635	32	98.801	417	5	0	1	417	1806	1390	0.0	743.0
C7I32_RS15640	32	99.316	585	4	0	1	585	1366	782	0.0	1059.0
C7I32_RS15645	32	100.0	267	0	0	1	267	671	405	1.2599999999999997e-140	494.0
C7I32_RS15650	32	100.0	276	0	0	1	276	412	137	1.2999999999999996e-145	510.0
C7I32_RS15740	19	97.288	295	7	1	1	294	13961	13667	3.0499999999999993e-142	499.0
C7I32_RS15760	19	98.84	1638	19	0	1	1638	10854	9217	0.0	2920.0
C7I32_RS15765	19	99.82700000000001	1155	2	0	1	1155	9206	8052	0.0	2122.0
C7I32_RS15770	19	99.895	954	1	0	1	954	7066	8019	0.0	1757.0
C7I32_RS15785	19	97.38600000000001	306	8	0	1	306	5359	5054	6.7199999999999995e-149	521.0
C7I32_RS15790	19	97.309	2676	72	0	1	2676	5043	2368	0.0	4543.0
C7I32_RS15805	32	97.199	357	7	1	1	354	21209	20853	9.799999999999997e-173	601.0
C7I32_RS15805	19	96.06700000000001	356	11	1	1	353	65752	65397	1.6499999999999997e-165	577.0
C7I32_RS15815	32	100.0	261	0	0	1	261	20299	20039	2.6799999999999997e-137	483.0
C7I32_RS15820	32	97.95200000000001	879	18	0	1	879	20028	19150	0.0	1524.0
C7I32_RS15825	32	99.76700000000001	858	2	0	1	858	19127	18270	0.0	1574.0
C7I32_RS15830	32	98.855	1135	13	0	1	1135	18244	17110	0.0	2025.0
C7I32_RS15850	32	98.867	618	7	0	1	618	16970	16353	0.0	1103.0
C7I32_RS15855	32	98.561	417	6	0	1	417	16369	15953	0.0	737.0
C7I32_RS15860	32	99.68299999999999	315	1	0	1	315	15953	15639	1.4599999999999993e-165	577.0
C7I32_RS15865	32	98.551	1035	15	0	1	1035	15646	14612	0.0	1829.0
C7I32_RS15870	32	99.275	276	2	0	1	276	14622	14347	2.819999999999999e-142	499.0
C7I32_RS15875	32	98.71799999999999	390	5	0	1	390	14347	13958	0.0	693.0
C7I32_RS15900	32	98.436	2493	39	0	1	2493	12786	10294	0.0	4388.0
DOU32_RS14485	19	98.90100000000001	546	6	0	1	546	39618	40163	0.0	976.0
DOU32_RS14490	19	100.0	192	0	0	1	192	39403	39594	4.349999999999999e-99	355.0
DOU32_RS14495	19	98.925	186	2	0	1	186	39233	39418	1.9699999999999995e-92	333.0
DOU32_RS14600	19	97.236	1013	25	3	1	1011	12020	11009	0.0	1712.0
DOU32_RS14605	19	99.72	357	1	0	1	357	12636	12280	0.0	654.0
DOU32_RS14610	19	100.0	783	0	0	1	783	13411	12629	0.0	1447.0
DOU32_RS14615	19	98.99	297	3	0	1	297	13961	13665	3.0099999999999993e-152	532.0
DOU32_RS14620	19	100.0	111	0	0	1	111	14311	14201	2.4799999999999997e-54	206.0
DOU32_RS14630	19	98.291	351	6	0	1	351	14912	14562	3.4699999999999993e-177	616.0
DOU32_RS14635	19	99.473	1329	7	0	1	1329	16237	14909	0.0	2416.0
DOU32_RS14640	19	96.7	303	10	0	1	303	16966	16664	6.689999999999998e-144	505.0
DOU32_RS14645	19	97.959	196	4	0	1	196	17188	16993	1.2799999999999996e-94	340.0
DOU32_RS14650	19	96.444	225	8	0	1	225	17473	17249	5.1499999999999994e-104	372.0
DOU32_RS14700	19	100.0	543	0	0	1	543	28683	28141	0.0	1003.0
DOU32_RS14705	19	99.34899999999999	1689	11	0	1	1689	30479	28791	0.0	3059.0
DOU32_RS14710	19	99.56700000000001	231	1	0	1	231	38405	38635	5.189999999999999e-119	422.0
DOU31_RS14350	19	99.72	357	1	0	1	357	12636	12280	0.0	654.0
DOU31_RS14355	19	97.236	1013	25	3	1	1011	12020	11009	0.0	1712.0
DOU31_RS14535	19	99.56700000000001	231	1	0	1	231	38405	38635	5.189999999999999e-119	422.0
DOU31_RS14540	19	99.29	1690	11	1	1	1690	30479	28791	0.0	3053.0
DOU31_RS14545	19	100.0	543	0	0	1	543	28683	28141	0.0	1003.0
DOU31_RS14595	19	96.444	225	8	0	1	225	17473	17249	5.1499999999999994e-104	372.0
DOU31_RS14600	19	97.959	196	4	0	1	196	17188	16993	1.2799999999999996e-94	340.0
DOU31_RS14605	19	96.7	303	10	0	1	303	16966	16664	6.689999999999998e-144	505.0
DOU31_RS14610	19	99.473	1329	7	0	1	1329	16237	14909	0.0	2416.0
DOU31_RS14615	19	98.006	351	7	0	1	351	14912	14562	1.6099999999999996e-175	610.0
DOU31_RS14625	19	100.0	111	0	0	1	111	14311	14201	2.4799999999999997e-54	206.0
DOU31_RS14630	19	98.99	297	3	0	1	297	13961	13665	3.0099999999999993e-152	532.0
DOU31_RS14635	19	100.0	783	0	0	1	783	13411	12629	0.0	1447.0
DOU31_RS14770	19	99.63	540	2	0	1	540	41890	42429	0.0	987.0
DOU31_RS14905	19	98.006	351	7	0	1	351	65752	65402	1.6399999999999993e-175	610.0
DOU31_RS14905	32	96.359	357	13	0	1	357	21209	20853	7.699999999999997e-169	588.0
DOU31_RS14940	8	96.667	270	9	0	1	270	104997	104728	2.8099999999999993e-127	449.0
DOU31_RS14940	19	95.556	270	12	0	1	270	5323	5054	2.8299999999999996e-122	433.0
DOU31_RS14980	19	95.238	294	14	0	1	294	13961	13668	3.119999999999999e-132	466.0
DOU31_RS15095	45	99.227	905	7	0	6	910	6279	5375	0.0	1633.0
DOU31_RS15100	45	99.904	1038	1	0	1	1038	4033	5070	0.0	1912.0
DOU31_RS15105	45	99.681	939	3	0	1	939	3069	4007	0.0	1718.0
DR75_RS00015	32	100.0	786	0	0	1	786	4813	4028	0.0	1452.0
DR75_RS00025	32	98.318	2259	38	0	1	2259	7594	5336	0.0	3962.0
DR75_RS00030	32	98.21	2347	34	4	7	2352	9920	7581	0.0	4095.0
DR75_RS00075	19	98.955	287	3	0	1	287	13961	13675	1.0599999999999997e-146	514.0
DR75_RS15315	19	100.0	111	0	0	1	111	14311	14201	2.4799999999999997e-54	206.0
DR75_RS00165	60	99.896	960	1	0	1	960	97	1056	0.0	1768.0
DR75_RS00225	32	99.275	276	2	0	1	276	412	137	2.819999999999999e-142	499.0
DR75_RS00230	32	100.0	267	0	0	1	267	671	405	1.2599999999999997e-140	494.0
DR75_RS00235	32	99.316	585	4	0	1	585	1366	782	0.0	1059.0
DR75_RS00240	32	98.08200000000001	417	8	0	1	417	1806	1390	0.0	726.0
DR75_RS00245	32	99.598	249	1	0	1	249	2130	1882	5.549999999999999e-129	455.0
DR75_RS00250	32	99.8	501	1	0	1	501	2643	2143	0.0	920.0
DR75_RS00255	32	98.50200000000001	267	4	0	1	267	2942	2676	5.919999999999999e-134	472.0
DR75_RS00330	19	95.223	314	15	0	2	315	17780	17467	1.1699999999999998e-141	497.0
DR75_RS00335	19	98.22200000000001	225	4	0	1	225	17473	17249	1.0999999999999998e-110	394.0
DR75_RS00340	19	97.156	211	5	1	1	210	17188	16978	4.809999999999999e-99	355.0
DR75_RS00345	19	96.04	303	12	0	1	303	16966	16664	1.4499999999999998e-140	494.0
DR75_RS00350	19	98.345	1329	22	0	1	1329	16237	14909	0.0	2333.0
DR75_RS00355	19	98.006	351	7	0	1	351	14912	14562	1.6099999999999996e-175	610.0
DR75_RS00415	32	96.40299999999999	2224	79	1	3	2226	23493	21271	0.0	3663.0
DR75_RS00415	8	95.839	2139	88	1	3	2141	99840	97703	0.0	3456.0
DR75_RS00420	19	97.436	351	9	0	1	351	65752	65402	3.5599999999999986e-172	599.0
DR75_RS00420	32	96.359	357	13	0	1	357	21209	20853	7.699999999999997e-169	588.0
DR75_RS00545	19	96.641	774	26	0	1	774	40313	41086	0.0	1286.0
DR75_RS00550	19	98.90100000000001	546	6	0	1	546	39618	40163	0.0	976.0
DR75_RS00555	19	98.958	192	2	0	1	192	39403	39594	9.419999999999998e-96	344.0
DR75_RS00560	19	99.462	186	1	0	1	186	39233	39418	4.229999999999999e-94	339.0
DR75_RS00585	47	99.50200000000001	201	1	0	1	201	4994	5194	2.1199999999999996e-102	366.0
DR75_RS00595	47	100.0	207	0	0	1	207	4590	4384	2.1699999999999996e-107	383.0
DR75_RS00600	47	100.0	192	0	0	1	192	4350	4159	4.349999999999999e-99	355.0
DR75_RS00605	47	99.363	2982	19	0	1	2982	4098	1117	0.0	5402.0
DR75_RS00615	40	99.516	1239	6	0	1	1239	9136	7898	0.0	2255.0
DR75_RS00620	40	97.404	886	21	2	1	885	7798	6914	0.0	1507.0
EF_RS15785	19	96.742	1013	30	3	1	1011	12020	11009	0.0	1685.0
EF_RS15810	19	95.425	306	14	0	1	306	5359	5054	6.809999999999997e-139	488.0
EF_RS15825	32	97.199	357	10	0	1	357	21209	20853	7.639999999999998e-174	604.0
EF_RS15825	19	96.581	351	12	0	1	351	65752	65402	3.579999999999998e-167	582.0
EF_RS15935	19	98.90100000000001	546	6	0	1	546	39618	40163	0.0	976.0
EF_RS15940	19	98.958	192	2	0	1	192	39403	39594	9.419999999999998e-96	344.0
EF_RS15945	19	99.462	186	1	0	1	186	39233	39418	4.229999999999999e-94	339.0
EF_RS15955	19	100.0	231	0	0	1	231	38405	38635	1.1199999999999997e-120	427.0
EF_RS15960	19	98.788	495	6	0	1	495	38350	37856	0.0	881.0
EF_RS15965	19	98.234	453	8	0	1	453	37790	37338	0.0	793.0
EF_RS15975	19	96.885	321	10	0	1	321	36564	36244	7.019999999999997e-154	538.0
EF_RS16030	19	99.40299999999999	335	2	0	1	335	27356	27022	5.539999999999999e-175	608.0
EF_RS16060	19	97.98	297	6	0	1	297	13961	13665	3.029999999999999e-147	516.0
EF_RS16065	19	99.361	783	5	0	1	783	13411	12629	0.0	1419.0
EF_RS16070	19	99.16	357	3	0	1	357	12636	12280	0.0	643.0
EF_RS16115	19	99.51700000000001	621	3	0	1	621	18391	17771	0.0	1131.0
EF_RS16120	19	97.09700000000001	310	9	0	2	311	17780	17471	1.9099999999999995e-149	523.0
EF_RS16195	48	99.59299999999999	738	3	0	1	738	4396	3659	0.0	1347.0
EF_RS16285	32	97.23100000000001	2347	63	2	1	2346	9926	7581	0.0	3973.0
EF_RS16295	32	99.398	2493	15	0	1	2493	12786	10294	0.0	4521.0
EF_RS16300	32	99.564	459	2	0	1	459	13349	12891	0.0	837.0
EF_RS16305	32	100.0	390	0	0	1	390	14347	13958	0.0	721.0
EF_RS16310	32	99.63799999999999	276	1	0	1	276	14622	14347	6.049999999999998e-144	505.0
EF_RS16315	32	99.03399999999999	1035	10	0	1	1035	15646	14612	0.0	1857.0
EF_RS16320	32	99.365	315	2	0	1	315	15953	15639	6.779999999999998e-164	571.0
EF_RS16325	32	98.561	417	6	0	1	417	16369	15953	0.0	737.0
EF_RS16330	32	99.029	618	6	0	1	618	16970	16353	0.0	1109.0
EF_RS16335	32	99.686	1272	4	0	1	1272	18244	16973	0.0	2327.0
EF_RS16340	32	98.95100000000001	858	9	0	1	858	19127	18270	0.0	1535.0
EF_RS16345	32	97.95200000000001	879	18	0	1	879	20028	19150	0.0	1524.0
EF_RS16350	32	99.617	261	1	0	1	261	20299	20039	1.2499999999999996e-135	477.0
EF_RS16355	32	100.0	385	0	0	1	385	20831	20447	0.0	712.0
EF_RS16360	32	98.319	357	3	1	1	354	21209	20853	2.0899999999999992e-179	623.0
EF_RS16360	19	96.62899999999999	356	9	1	1	353	65752	65397	7.629999999999998e-169	588.0
EF_RS16370	19	100.0	336	0	0	1	336	1610	1275	7.119999999999998e-179	621.0
EF_RS16380	19	95.098	306	15	0	1	306	5359	5054	3.169999999999999e-137	483.0
EF_RS16385	19	98.319	357	6	0	1	357	6297	5941	1.629999999999999e-180	627.0
EF_RS16465	19	100.0	621	0	0	1	621	18391	17771	0.0	1147.0
EF_RS16470	19	100.0	288	0	0	1	288	17754	17467	2.9099999999999994e-152	532.0
EF_RS16475	19	100.0	225	0	0	1	225	17473	17249	2.3499999999999993e-117	416.0
EF_RS16480	19	99.52600000000001	211	0	1	1	210	17188	16978	2.1999999999999995e-107	383.0
EF_RS16485	19	100.0	303	0	0	1	303	16966	16664	1.4099999999999995e-160	560.0
EF_RS16490	19	98.947	1329	14	0	1	1329	16237	14909	0.0	2377.0
EF_RS16495	19	97.721	351	8	0	1	351	14912	14562	7.509999999999998e-174	604.0
EF_RS16500	19	98.198	111	2	0	1	111	14311	14201	5.37e-51	195.0
EL279_RS14680	19	100.0	111	0	0	1	111	14311	14201	2.4799999999999997e-54	206.0
EL279_RS14725	19	98.039	306	6	0	1	306	5359	5054	3.0999999999999994e-152	532.0
EL279_RS14730	19	97.758	2676	60	0	1	2676	5043	2368	0.0	4610.0
EL279_RS14735	19	99.70200000000001	336	1	0	1	336	1610	1275	3.3099999999999995e-177	616.0
EL279_RS14745	19	97.75299999999999	356	8	0	1	356	65752	65397	1.2699999999999995e-176	614.0
EL279_RS14745	32	97.479	357	9	0	1	357	21209	20853	1.6399999999999993e-175	610.0
EL279_RS14750	32	98.44200000000001	385	6	0	1	385	20831	20447	0.0	678.0
EL279_RS14755	32	100.0	261	0	0	1	261	20299	20039	2.6799999999999997e-137	483.0
EL279_RS14760	32	98.40700000000001	879	14	0	1	879	20028	19150	0.0	1546.0
EL279_RS14765	32	97.086	858	7	1	1	840	19127	18270	0.0	1430.0
EL279_RS14770	32	98.899	1272	14	0	1	1272	18244	16973	0.0	2272.0
EL279_RS14775	32	98.22	618	11	0	1	618	16970	16353	0.0	1081.0
EL279_RS14780	32	98.08200000000001	417	8	0	1	417	16369	15953	0.0	726.0
EL279_RS14790	32	100.0	300	0	0	1	300	15938	15639	6.479999999999997e-159	555.0
EL279_RS14795	32	99.324	1035	7	0	1	1035	15646	14612	0.0	1873.0
EL279_RS14800	32	99.63799999999999	276	1	0	1	276	14622	14347	6.049999999999998e-144	505.0
EL279_RS14805	32	100.0	390	0	0	1	390	14347	13958	0.0	721.0
EL279_RS14810	32	99.79299999999999	483	1	0	1	483	13926	13444	0.0	887.0
EL279_RS14815	32	100.0	459	0	0	1	459	13349	12891	0.0	848.0
EL279_RS14820	32	99.318	2493	17	0	1	2493	12786	10294	0.0	4510.0
EL279_RS14830	32	96.634	2347	77	2	1	2346	9926	7581	0.0	3895.0
EL279_RS14835	32	97.654	2259	53	0	1	2259	7594	5336	0.0	3879.0
EL279_RS14845	32	100.0	786	0	0	1	786	4813	4028	0.0	1452.0
EL279_RS14850	32	95.29700000000001	489	23	0	1	489	4022	3534	0.0	776.0
EL279_RS14955	48	99.86399999999999	738	1	0	1	738	4396	3659	0.0	1358.0
EL279_RS14960	55	100.0	795	0	0	1	795	1032	1826	0.0	1469.0
EL279_RS14995	48	98.885	897	10	0	1	897	3126	2230	0.0	1602.0
EL279_RS15000	48	96.667	210	7	0	1	210	2125	1916	2.2399999999999991e-97	350.0
EL279_RS15005	48	96.70299999999999	273	9	0	1	273	1899	1627	6.109999999999999e-129	455.0
EL279_RS15010	48	95.023	864	43	0	1	864	1625	762	0.0	1358.0
EL279_RS15065	55	100.0	543	0	0	1	543	397	939	0.0	1003.0
EL279_RS15070	55	100.0	795	0	0	1	795	1032	1826	0.0	1469.0
EL279_RS15085	48	100.0	738	0	0	1	738	4396	3659	0.0	1363.0
EL279_RS15095	48	97.87200000000001	141	3	0	1	141	3513	3373	6.909999999999998e-66	244.0
EL279_RS15105	61	100.0	528	0	0	1	528	399	926	0.0	976.0
EL279_RS15505	45	99.787	939	2	0	1	939	3069	4007	0.0	1724.0
EL279_RS15510	45	99.904	1038	1	0	1	1038	4033	5070	0.0	1912.0
EL279_RS16280	49	95.322	171	8	0	1	171	289	459	3.96e-74	272.0
EL279_RS15660	48	97.436	897	23	0	1	897	3126	2230	0.0	1530.0
EL279_RS15665	48	99.04799999999999	210	2	0	1	210	2125	1916	1.0299999999999999e-105	377.0
EL279_RS15670	48	97.802	273	6	0	1	273	1899	1627	6.069999999999999e-134	472.0
EL279_RS15675	48	96.412	864	31	0	1	864	1625	762	0.0	1424.0
EL279_RS15695	48	100.0	738	0	0	1	738	4396	3659	0.0	1363.0
EL279_RS15710	48	99.686	318	1	0	1	318	321	4	3.1699999999999987e-167	582.0
EL279_RS15815	45	96.25	240	9	0	1	240	2702	2941	1.1799999999999997e-110	394.0
EL279_RS15850	14	99.89299999999999	933	1	0	1	933	12745	13677	0.0	1718.0
EL279_RS15855	14	97.436	117	3	0	1	117	13922	14038	1.23e-52	200.0
EL279_RS15870	14	100.0	354	0	0	1	354	16676	16323	0.0	654.0
EL279_RS15990	48	99.458	738	4	0	1	738	4396	3659	0.0	1341.0
EL240_RS14685	19	100.0	111	0	0	1	111	14311	14201	2.4799999999999997e-54	206.0
EL240_RS14730	19	98.039	306	6	0	1	306	5359	5054	3.0999999999999994e-152	532.0
EL240_RS14735	19	97.758	2676	60	0	1	2676	5043	2368	0.0	4610.0
EL240_RS14740	19	99.70200000000001	336	1	0	1	336	1610	1275	3.3099999999999995e-177	616.0
EL240_RS14750	19	97.75299999999999	356	8	0	1	356	65752	65397	1.2699999999999995e-176	614.0
EL240_RS14750	32	97.479	357	9	0	1	357	21209	20853	1.6399999999999993e-175	610.0
EL240_RS14755	32	98.44200000000001	385	6	0	1	385	20831	20447	0.0	678.0
EL240_RS14760	32	100.0	261	0	0	1	261	20299	20039	2.6799999999999997e-137	483.0
EL240_RS14765	32	98.40700000000001	879	14	0	1	879	20028	19150	0.0	1546.0
EL240_RS14770	32	97.086	858	7	1	1	840	19127	18270	0.0	1430.0
EL240_RS14775	32	98.899	1272	14	0	1	1272	18244	16973	0.0	2272.0
EL240_RS14780	32	98.22	618	11	0	1	618	16970	16353	0.0	1081.0
EL240_RS14785	32	98.08200000000001	417	8	0	1	417	16369	15953	0.0	726.0
EL240_RS14795	32	100.0	300	0	0	1	300	15938	15639	6.479999999999997e-159	555.0
EL240_RS14800	32	99.324	1035	7	0	1	1035	15646	14612	0.0	1873.0
EL240_RS14805	32	99.63799999999999	276	1	0	1	276	14622	14347	6.049999999999998e-144	505.0
EL240_RS14810	32	100.0	390	0	0	1	390	14347	13958	0.0	721.0
EL240_RS14815	32	99.79299999999999	483	1	0	1	483	13926	13444	0.0	887.0
EL240_RS14820	32	100.0	459	0	0	1	459	13349	12891	0.0	848.0
EL240_RS14825	32	99.318	2493	17	0	1	2493	12786	10294	0.0	4510.0
EL240_RS14835	32	96.634	2347	77	2	1	2346	9926	7581	0.0	3895.0
EL240_RS14840	32	97.654	2259	53	0	1	2259	7594	5336	0.0	3879.0
EL240_RS14850	32	100.0	786	0	0	1	786	4813	4028	0.0	1452.0
EL240_RS14855	32	95.29700000000001	489	23	0	1	489	4022	3534	0.0	776.0
EL240_RS14960	48	99.86399999999999	738	1	0	1	738	4396	3659	0.0	1358.0
EL240_RS14965	55	100.0	795	0	0	1	795	1032	1826	0.0	1469.0
EL240_RS15000	48	98.885	897	10	0	1	897	3126	2230	0.0	1602.0
EL240_RS15005	48	96.667	210	7	0	1	210	2125	1916	2.2399999999999991e-97	350.0
EL240_RS15010	48	96.70299999999999	273	9	0	1	273	1899	1627	6.109999999999999e-129	455.0
EL240_RS15015	48	95.023	864	43	0	1	864	1625	762	0.0	1358.0
EL240_RS15070	55	100.0	543	0	0	1	543	397	939	0.0	1003.0
EL240_RS15075	55	100.0	795	0	0	1	795	1032	1826	0.0	1469.0
EL240_RS15090	48	100.0	738	0	0	1	738	4396	3659	0.0	1363.0
EL240_RS15100	48	97.87200000000001	141	3	0	1	141	3513	3373	6.909999999999998e-66	244.0
EL240_RS15110	61	100.0	528	0	0	1	528	399	926	0.0	976.0
EL240_RS15510	45	99.787	939	2	0	1	939	3069	4007	0.0	1724.0
EL240_RS15515	45	99.904	1038	1	0	1	1038	4033	5070	0.0	1912.0
EL240_RS16105	49	95.322	171	8	0	1	171	289	459	3.96e-74	272.0
EL240_RS15665	48	97.436	897	23	0	1	897	3126	2230	0.0	1530.0
EL240_RS15670	48	99.04799999999999	210	2	0	1	210	2125	1916	1.0299999999999999e-105	377.0
EL240_RS15675	48	97.802	273	6	0	1	273	1899	1627	6.069999999999999e-134	472.0
EL240_RS15680	48	96.412	864	31	0	1	864	1625	762	0.0	1424.0
EL240_RS15700	48	100.0	738	0	0	1	738	4396	3659	0.0	1363.0
EL240_RS15715	48	99.686	318	1	0	1	318	321	4	3.1699999999999987e-167	582.0
EL240_RS15820	45	96.25	240	9	0	1	240	2702	2941	1.1799999999999997e-110	394.0
EL240_RS15855	14	99.89299999999999	933	1	0	1	933	12745	13677	0.0	1718.0
EL240_RS15860	14	97.436	117	3	0	1	117	13922	14038	1.23e-52	200.0
EL240_RS15875	14	100.0	354	0	0	1	354	16676	16323	0.0	654.0
EL240_RS15995	48	99.458	738	4	0	1	738	4396	3659	0.0	1341.0
FOV01_RS13345	8	95.463	3901	175	2	1	3900	101541	97642	0.0	6222.0
FOV01_RS13355	19	95.39200000000001	1085	50	0	1	1085	3452	2368	0.0	1742.0
FOV01_RS13365	19	96.405	306	11	0	1	306	5359	5054	6.759999999999998e-144	505.0
FOV01_RS13400	32	99.48700000000001	390	2	0	1	390	14347	13958	0.0	710.0
FOV01_RS13405	32	98.913	276	3	0	1	276	14622	14347	1.3099999999999998e-140	494.0
FOV01_RS13410	32	98.93700000000001	1035	11	0	1	1035	15646	14612	0.0	1851.0
FOV01_RS13415	32	99.365	315	2	0	1	315	15953	15639	6.779999999999998e-164	571.0
FOV01_RS13420	32	98.977	391	4	0	1	391	16369	15979	0.0	701.0
FOV01_RS13425	32	99.029	618	6	0	1	618	16970	16353	0.0	1109.0
FOV01_RS13430	32	100.0	141	0	0	6	146	17113	16973	7.149999999999999e-71	261.0
FOV01_RS13435	32	98.68799999999999	1143	14	1	1	1142	18244	17102	0.0	2026.0
FOV01_RS13440	32	98.01899999999999	858	8	1	1	849	19127	18270	0.0	1482.0
FOV01_RS13445	32	97.725	879	20	0	1	879	20028	19150	0.0	1513.0
FOV01_RS13450	32	98.851	261	3	0	1	261	20299	20039	2.6999999999999993e-132	466.0
FOV01_RS13460	19	97.47200000000001	356	9	0	1	356	65752	65397	5.909999999999999e-175	608.0
FOV01_RS13460	32	96.639	357	12	0	1	357	21209	20853	1.6499999999999993e-170	593.0
FOV01_RS13510	19	97.595	291	7	0	1	291	13961	13671	3.0499999999999993e-142	499.0
FOV01_RS13550	32	97.546	489	12	0	1	489	4022	3534	0.0	837.0
FOV01_RS13555	32	98.728	786	10	0	1	786	4813	4028	0.0	1397.0
FOV01_RS13565	32	95.75	2259	96	0	1	2259	7594	5336	0.0	3640.0
FOV01_RS13570	32	96.54899999999999	2347	79	2	1	2346	9926	7581	0.0	3884.0
FOV01_RS13580	32	98.596	2493	35	0	1	2493	12786	10294	0.0	4410.0
FOV01_RS13640	39	99.48299999999999	1160	6	0	4	1163	6624	5465	0.0	2109.0
FOV01_RS13700	55	100.0	795	0	0	1	795	1032	1826	0.0	1469.0
FOV01_RS13760	19	97.595	291	7	0	1	291	13961	13671	3.0499999999999993e-142	499.0
FOV01_RS13765	19	100.0	111	0	0	1	111	14311	14201	2.4799999999999997e-54	206.0
FOV01_RS13775	19	96.866	351	11	0	1	351	14912	14562	7.559999999999998e-169	588.0
FOV01_RS13780	19	98.646	1329	18	0	1	1329	16237	14909	0.0	2355.0
HTG14_RS00040	48	100.0	273	0	0	1	273	1899	1627	5.979999999999999e-144	505.0
HTG14_RS00045	48	99.04799999999999	210	2	0	1	210	2125	1916	1.0299999999999999e-105	377.0
HTG14_RS00065	48	98.462	260	4	0	2	261	5186	4927	4.5199999999999984e-130	459.0
HTG14_RS00065	48	95.01899999999999	261	13	0	1	261	3489	3229	1.2799999999999998e-115	411.0
HTG14_RS00070	48	99.458	738	4	0	1	738	4396	3659	0.0	1341.0
HTG14_RS00085	55	100.0	795	0	0	1	795	1032	1826	0.0	1469.0
HTG14_RS00090	55	100.0	252	0	0	1	252	688	939	2.5999999999999995e-132	466.0
HTG14_RS00095	39	99.569	1160	5	0	4	1163	6624	5465	0.0	2115.0
HTG14_RS00130	61	100.0	528	0	0	1	528	399	926	0.0	976.0
HTG14_RS00140	48	97.87200000000001	141	3	0	1	141	3513	3373	6.909999999999998e-66	244.0
HTG14_RS00145	48	99.458	738	4	0	1	738	4396	3659	0.0	1341.0
HTG14_RS00180	39	99.569	1160	5	0	4	1163	6624	5465	0.0	2115.0
HTG24_RS00045	19	96.90700000000001	291	9	0	1	291	13961	13671	6.5999999999999984e-139	488.0
HTG24_RS00050	19	100.0	111	0	0	1	111	14311	14201	2.4799999999999997e-54	206.0
HTG24_RS00055	19	96.866	351	11	0	1	351	14912	14562	7.559999999999998e-169	588.0
HTG24_RS00060	19	98.57	1329	19	0	1	1329	16237	14909	0.0	2350.0
HTG24_RS00295	8	96.154	3900	150	0	1	3900	101541	97642	0.0	6372.0
HTG24_RS00300	8	98.113	159	3	0	1	159	102170	102012	7.83e-76	278.0
HTG28_RS00040	48	100.0	273	0	0	1	273	1899	1627	5.979999999999999e-144	505.0
HTG28_RS00045	48	99.04799999999999	210	2	0	1	210	2125	1916	1.0299999999999999e-105	377.0
HTG28_RS00065	48	98.462	260	4	0	2	261	5186	4927	4.5199999999999984e-130	459.0
HTG28_RS00065	48	95.01899999999999	261	13	0	1	261	3489	3229	1.2799999999999998e-115	411.0
HTG28_RS00070	48	99.458	738	4	0	1	738	4396	3659	0.0	1341.0
HTG28_RS00085	55	100.0	795	0	0	1	795	1032	1826	0.0	1469.0
HTG28_RS00090	55	100.0	252	0	0	1	252	688	939	2.5999999999999995e-132	466.0
HTG28_RS00095	39	99.569	1160	5	0	4	1163	6624	5465	0.0	2115.0
HTG28_RS00130	61	100.0	528	0	0	1	528	399	926	0.0	976.0
HTG28_RS00140	48	97.87200000000001	141	3	0	1	141	3513	3373	6.909999999999998e-66	244.0
HTG28_RS00145	48	99.458	738	4	0	1	738	4396	3659	0.0	1341.0
HTG28_RS00180	39	99.569	1160	5	0	4	1163	6624	5465	0.0	2115.0
HTG27_RS00040	48	100.0	273	0	0	1	273	1899	1627	5.979999999999999e-144	505.0
HTG27_RS00045	48	99.04799999999999	210	2	0	1	210	2125	1916	1.0299999999999999e-105	377.0
HTG27_RS00065	48	98.462	260	4	0	2	261	5186	4927	4.5199999999999984e-130	459.0
HTG27_RS00065	48	95.01899999999999	261	13	0	1	261	3489	3229	1.2799999999999998e-115	411.0
HTG27_RS00070	48	99.458	738	4	0	1	738	4396	3659	0.0	1341.0
HTG27_RS00085	55	100.0	795	0	0	1	795	1032	1826	0.0	1469.0
HTG27_RS00090	55	100.0	252	0	0	1	252	688	939	2.5999999999999995e-132	466.0
HTG27_RS00095	39	99.569	1160	5	0	4	1163	6624	5465	0.0	2115.0
HTG27_RS00130	61	100.0	528	0	0	1	528	399	926	0.0	976.0
HTG27_RS00140	48	97.87200000000001	141	3	0	1	141	3513	3373	6.909999999999998e-66	244.0
HTG27_RS00145	48	99.458	738	4	0	1	738	4396	3659	0.0	1341.0
HTG27_RS00180	39	99.569	1160	5	0	4	1163	6624	5465	0.0	2115.0
HTG21_RS00040	48	100.0	273	0	0	1	273	1899	1627	5.979999999999999e-144	505.0
HTG21_RS00045	48	99.04799999999999	210	2	0	1	210	2125	1916	1.0299999999999999e-105	377.0
HTG21_RS00065	48	98.462	260	4	0	2	261	5186	4927	4.5199999999999984e-130	459.0
HTG21_RS00065	48	95.01899999999999	261	13	0	1	261	3489	3229	1.2799999999999998e-115	411.0
HTG21_RS00070	48	99.458	738	4	0	1	738	4396	3659	0.0	1341.0
HTG21_RS00085	55	100.0	795	0	0	1	795	1032	1826	0.0	1469.0
HTG21_RS00090	55	100.0	252	0	0	1	252	688	939	2.5999999999999995e-132	466.0
HTG21_RS00095	39	99.569	1160	5	0	4	1163	6624	5465	0.0	2115.0
HTG21_RS00130	61	100.0	528	0	0	1	528	399	926	0.0	976.0
HTG21_RS00140	48	97.87200000000001	141	3	0	1	141	3513	3373	6.909999999999998e-66	244.0
HTG21_RS00145	48	99.458	738	4	0	1	738	4396	3659	0.0	1341.0
HTG21_RS00175	39	99.569	1160	5	0	4	1163	6624	5465	0.0	2115.0
HTG44_RS00040	48	100.0	273	0	0	1	273	1899	1627	5.979999999999999e-144	505.0
HTG44_RS00045	48	99.04799999999999	210	2	0	1	210	2125	1916	1.0299999999999999e-105	377.0
HTG44_RS00065	48	98.462	260	4	0	2	261	5186	4927	4.5199999999999984e-130	459.0
HTG44_RS00065	48	95.01899999999999	261	13	0	1	261	3489	3229	1.2799999999999998e-115	411.0
HTG44_RS00070	48	99.458	738	4	0	1	738	4396	3659	0.0	1341.0
HTG44_RS00085	55	100.0	795	0	0	1	795	1032	1826	0.0	1469.0
HTG44_RS00090	55	100.0	252	0	0	1	252	688	939	2.5999999999999995e-132	466.0
HTG44_RS00095	39	99.569	1160	5	0	4	1163	6624	5465	0.0	2115.0
HTG44_RS00130	61	100.0	528	0	0	1	528	399	926	0.0	976.0
HTG44_RS00140	48	97.87200000000001	141	3	0	1	141	3513	3373	6.909999999999998e-66	244.0
HTG44_RS00145	48	99.458	738	4	0	1	738	4396	3659	0.0	1341.0
HTG44_RS00180	39	99.569	1160	5	0	4	1163	6624	5465	0.0	2115.0
HTK17_RS00010	48	99.057	318	3	0	1	318	321	4	6.849999999999997e-164	571.0
HTK17_RS00040	55	100.0	795	0	0	1	795	1032	1826	0.0	1469.0
HTK17_RS00045	55	100.0	543	0	0	1	543	397	939	0.0	1003.0
HTK17_RS00050	55	100.0	270	0	0	1	270	131	400	2.7499999999999994e-142	499.0
HTK17_RS00400	14	99.501	1002	5	0	1	1002	11747	12748	0.0	1823.0
HTK17_RS00405	14	99.786	933	2	0	1	933	12745	13677	0.0	1712.0
HTK17_RS00410	14	99.145	117	1	0	1	117	13922	14038	5.68e-56	211.0
HTK17_RS00415	14	96.458	1920	68	0	1	1920	14054	15973	0.0	3169.0
HTK17_RS00490	48	99.59299999999999	738	3	0	1	738	4396	3659	0.0	1347.0
HTK17_RS00495	48	98.462	260	4	0	2	261	5186	4927	4.5199999999999984e-130	459.0
HTK17_RS00495	48	95.01899999999999	261	13	0	1	261	3489	3229	1.2799999999999998e-115	411.0
HTK17_RS00500	48	97.882	897	19	0	1	897	3126	2230	0.0	1552.0
HTK17_RS00505	48	96.667	210	7	0	1	210	2125	1916	2.2399999999999991e-97	350.0
HTL21_RS00085	14	96.406	1920	69	0	1	1920	14054	15973	0.0	3164.0
HTL21_RS00090	14	99.145	117	1	0	1	117	13922	14038	5.68e-56	211.0
HTL21_RS00095	14	99.786	933	2	0	1	933	12745	13677	0.0	1712.0
HTL21_RS00100	14	99.501	1002	5	0	1	1002	11747	12748	0.0	1823.0
HTL21_RS00155	61	100.0	528	0	0	1	528	399	926	0.0	976.0
HTL02_RS00050	61	100.0	528	0	0	1	528	399	926	0.0	976.0
HTL02_RS00160	14	96.406	1920	69	0	1	1920	14054	15973	0.0	3164.0
HTL02_RS00165	14	99.145	117	1	0	1	117	13922	14038	5.68e-56	211.0
HTL02_RS00170	14	99.786	933	2	0	1	933	12745	13677	0.0	1712.0
HTL02_RS00175	14	99.501	1002	5	0	1	1002	11747	12748	0.0	1823.0
HTM13_RS00030	19	96.949	295	9	0	1	295	13961	13667	3.9399999999999985e-141	496.0
HTM13_RS00035	19	98.084	783	15	0	1	783	13411	12629	0.0	1363.0
HTM13_RS00040	19	98.039	357	7	0	1	357	12636	12280	7.589999999999999e-179	621.0
HTM13_RS00085	14	96.406	1920	69	0	1	1920	14054	15973	0.0	3164.0
HTM13_RS00090	14	96.581	117	3	1	1	116	13922	14038	2.0400000000000001e-50	193.0
HTM13_RS00095	14	99.786	933	2	0	1	933	12745	13677	0.0	1712.0
HTM13_RS00100	14	99.501	1002	5	0	1	1002	11747	12748	0.0	1823.0
HTM13_RS00110	14	99.913	1146	1	0	1	1146	8425	9570	0.0	2111.0
HTQ42_RS00095	19	98.37	552	9	0	1	552	39618	40169	0.0	970.0
HTQ42_RS00100	19	100.0	192	0	0	1	192	39403	39594	4.349999999999999e-99	355.0
HTQ42_RS00105	19	98.925	186	2	0	1	186	39233	39418	1.9699999999999995e-92	333.0
HTQ42_RS00115	19	99.50200000000001	201	1	0	1	201	38937	38737	2.1199999999999996e-102	366.0
HTQ42_RS00120	19	100.0	231	0	0	1	231	38405	38635	1.1199999999999997e-120	427.0
HTQ42_RS00125	19	98.99	495	5	0	1	495	38350	37856	0.0	887.0
HTQ42_RS00130	19	99.117	453	4	0	1	453	37790	37338	0.0	815.0
HTQ42_RS00135	19	98.684	152	2	0	1	152	37324	37173	1.2499999999999998e-73	270.0
HTQ42_RS00145	47	97.67399999999999	301	7	0	9	309	5832	5532	8.779999999999998e-148	518.0
HTQ42_RS00195	19	99.512	1638	8	0	1	1638	10854	9217	0.0	2981.0
HTQ42_RS00200	19	98.355	1155	19	0	1	1155	9206	8052	0.0	2028.0
HTQ42_RS00205	19	100.0	954	0	0	1	954	7066	8019	0.0	1762.0
HTQ42_RS00220	19	96.667	270	9	0	1	270	5359	5090	2.8099999999999993e-127	449.0
HTQ42_RS00225	19	98.429	2673	42	0	1	2673	5043	2371	0.0	4704.0
HTQ42_RS00230	19	99.70200000000001	336	1	0	1	336	1610	1275	3.3099999999999995e-177	616.0
HTQ42_RS00240	32	95.035	141	7	0	1	141	21411	21271	3.24e-59	222.0
HTQ42_RS00240	19	95.035	141	7	0	1	141	65953	65813	3.24e-59	222.0
HTQ42_RS00245	19	97.721	351	8	0	1	351	65752	65402	7.639999999999998e-174	604.0
HTQ42_RS00245	32	96.639	357	12	0	1	357	21209	20853	1.6499999999999993e-170	593.0
HTW12_RS00035	48	99.86399999999999	738	1	0	1	738	4396	3659	0.0	1358.0
HTW12_RS00120	48	96.667	210	7	0	1	210	2125	1916	2.2399999999999991e-97	350.0
HTW12_RS00125	48	97.882	897	19	0	1	897	3126	2230	0.0	1552.0
HTW12_RS00130	48	98.462	260	4	0	2	261	5186	4927	4.5199999999999984e-130	459.0
HTW12_RS00130	48	95.01899999999999	261	13	0	1	261	3489	3229	1.2799999999999998e-115	411.0
HTW12_RS00135	48	100.0	738	0	0	1	738	4396	3659	0.0	1363.0
HTW12_RS00180	48	97.87200000000001	141	3	0	1	141	3513	3373	6.909999999999998e-66	244.0
HTW12_RS00185	48	99.729	738	2	0	1	738	4396	3659	0.0	1352.0
HTW12_RS00205	49	100.0	618	0	0	1	618	473	1090	0.0	1142.0
HTW12_RS00210	49	98.24600000000001	171	3	0	1	171	289	459	1.8199999999999997e-82	300.0
HTW12_RS00385	32	95.29700000000001	489	23	0	1	489	4022	3534	0.0	776.0
HTW12_RS00390	32	100.0	786	0	0	1	786	4813	4028	0.0	1452.0
HTW12_RS00395	32	97.654	2259	53	0	1	2259	7594	5336	0.0	3879.0
HTW12_RS00400	32	96.634	2347	77	2	1	2346	9926	7581	0.0	3895.0
HTW12_RS00410	32	99.318	2493	17	0	1	2493	12786	10294	0.0	4510.0
HTW12_RS00415	32	100.0	459	0	0	1	459	13349	12891	0.0	848.0
HTW12_RS00420	32	99.79299999999999	483	1	0	1	483	13926	13444	0.0	887.0
HTW12_RS00425	32	100.0	390	0	0	1	390	14347	13958	0.0	721.0
HTW12_RS00430	32	99.63799999999999	276	1	0	1	276	14622	14347	6.049999999999998e-144	505.0
HTW12_RS00435	32	99.324	1035	7	0	1	1035	15646	14612	0.0	1873.0
HTW12_RS00440	32	100.0	315	0	0	1	315	15953	15639	3.1299999999999992e-167	582.0
HTW12_RS00445	32	98.08200000000001	417	8	0	1	417	16369	15953	0.0	726.0
HTW12_RS00450	32	98.22	618	11	0	1	618	16970	16353	0.0	1081.0
HTW12_RS00455	32	98.899	1272	14	0	1	1272	18244	16973	0.0	2272.0
HTW12_RS00460	32	97.20299999999999	858	6	1	1	840	19127	18270	0.0	1435.0
HTW12_RS00465	32	98.40700000000001	879	14	0	1	879	20028	19150	0.0	1546.0
HTW12_RS00470	32	100.0	261	0	0	1	261	20299	20039	2.6799999999999997e-137	483.0
HTW12_RS00475	32	98.44200000000001	385	6	0	1	385	20831	20447	0.0	678.0
HTW12_RS00480	19	97.75299999999999	356	8	0	1	356	65752	65397	1.2699999999999995e-176	614.0
HTW12_RS00480	32	97.479	357	9	0	1	357	21209	20853	1.6399999999999993e-175	610.0
HTW12_RS00490	19	99.70200000000001	336	1	0	1	336	1610	1275	3.3099999999999995e-177	616.0
HTW12_RS00495	19	97.758	2676	60	0	1	2676	5043	2368	0.0	4610.0
HTW12_RS00500	19	98.039	306	6	0	1	306	5359	5054	3.0999999999999994e-152	532.0
HTW12_RS00545	19	100.0	111	0	0	1	111	14311	14201	2.4799999999999997e-54	206.0
HTW12_RS00650	48	99.057	318	3	0	1	318	321	4	6.849999999999997e-164	571.0
HTX01_RS00135	14	100.0	714	0	0	1	714	12035	12748	0.0	1319.0
HTX01_RS00140	14	99.786	933	2	0	1	933	12745	13677	0.0	1712.0
HTX01_RS00145	14	99.145	117	1	0	1	117	13922	14038	5.68e-56	211.0
HTX01_RS00150	14	96.458	1920	68	0	1	1920	14054	15973	0.0	3169.0
HTX46_RS00005	19	95.161	620	30	0	1	620	18391	17772	0.0	979.0
HTX46_RS00035	19	100.0	111	0	0	1	111	14311	14201	2.4799999999999997e-54	206.0
HTX46_RS00040	19	96.939	294	9	0	1	294	13961	13668	1.4299999999999997e-140	494.0
HTX46_RS00080	19	98.039	306	6	0	1	306	5359	5054	3.0999999999999994e-152	532.0
HTX46_RS00085	19	97.758	2676	60	0	1	2676	5043	2368	0.0	4610.0
HTX46_RS00090	19	99.70200000000001	336	1	0	1	336	1610	1275	3.3099999999999995e-177	616.0
HTX46_RS00100	19	97.75299999999999	356	8	0	1	356	65752	65397	1.2699999999999995e-176	614.0
HTX46_RS00100	32	97.479	357	9	0	1	357	21209	20853	1.6399999999999993e-175	610.0
HTX46_RS00105	32	98.44200000000001	385	6	0	1	385	20831	20447	0.0	678.0
HTX46_RS00110	32	100.0	261	0	0	1	261	20299	20039	2.6799999999999997e-137	483.0
HTX46_RS00115	32	98.40700000000001	879	14	0	1	879	20028	19150	0.0	1546.0
HTX46_RS00120	32	97.20299999999999	858	6	1	1	840	19127	18270	0.0	1435.0
HTX46_RS00125	32	98.899	1272	14	0	1	1272	18244	16973	0.0	2272.0
HTX46_RS00130	32	98.22	618	11	0	1	618	16970	16353	0.0	1081.0
HTX46_RS00135	32	98.08200000000001	417	8	0	1	417	16369	15953	0.0	726.0
HTX46_RS00140	32	100.0	315	0	0	1	315	15953	15639	3.1299999999999992e-167	582.0
HTX46_RS00145	32	99.324	1035	7	0	1	1035	15646	14612	0.0	1873.0
HTX46_RS00150	32	99.275	276	2	0	1	276	14622	14347	2.819999999999999e-142	499.0
HTX46_RS00155	32	100.0	390	0	0	1	390	14347	13958	0.0	721.0
HTX46_RS00160	32	99.79299999999999	483	1	0	1	483	13926	13444	0.0	887.0
HTX46_RS00165	32	99.78200000000001	459	1	0	1	459	13349	12891	0.0	843.0
HTX46_RS00170	32	99.559	2493	11	0	1	2493	12786	10294	0.0	4543.0
HTX46_RS00180	32	96.90700000000001	2328	69	3	21	2346	9907	7581	0.0	3897.0
HTX46_RS00185	32	97.654	2259	53	0	1	2259	7594	5336	0.0	3879.0
HTX46_RS00190	32	100.0	786	0	0	1	786	4813	4028	0.0	1452.0
HTX46_RS00195	32	95.29700000000001	489	23	0	1	489	4022	3534	0.0	776.0
A6B47_RS14290	19	96.919	357	11	0	1	357	6297	5941	3.5599999999999986e-172	599.0
A6B47_RS14480	19	96.273	322	9	3	1	320	36564	36244	5.449999999999999e-150	525.0
A6B47_RS14490	19	95.935	246	10	0	1	246	36136	35891	2.599999999999999e-112	399.0
A6B47_RS14630	17	96.42200000000001	1034	25	1	2	1023	9742	10775	0.0	1694.0
A6B47_RS14645	40	95.833	192	8	0	1	192	3281	3090	9.55e-86	311.0
A6B47_RS14655	7	96.0	150	6	0	1	150	28224	28373	7.43e-66	244.0
A6B47_RS14690	7	95.76299999999999	118	5	0	1	118	27612	27729	7.62e-50	191.0
A6B47_RS14970	19	100.0	1008	0	0	1	1008	12020	11013	0.0	1862.0
A6B47_RS14975	19	99.939	1639	0	1	1	1639	10854	9217	0.0	3020.0
A6B47_RS14980	19	100.0	1155	0	0	1	1155	9206	8052	0.0	2134.0
A6B47_RS14985	19	100.0	954	0	0	1	954	7066	8019	0.0	1762.0
A6B47_RS14990	19	100.0	357	0	0	1	357	6297	5941	0.0	660.0
A6B47_RS14995	19	100.0	306	0	0	1	306	5359	5054	3.059999999999999e-162	566.0
A6B47_RS15000	19	98.429	2673	42	0	1	2673	5043	2371	0.0	4704.0
A6B47_RS15010	32	98.88	357	1	1	1	354	21209	20853	0.0	634.0
A6B47_RS15010	19	95.506	356	13	1	1	353	65752	65397	3.5699999999999994e-162	566.0
A6B47_RS15020	32	100.0	261	0	0	1	261	20299	20039	2.6799999999999997e-137	483.0
A6B47_RS15025	32	98.18	879	16	0	1	879	20028	19150	0.0	1535.0
A6B47_RS15030	32	99.65	858	3	0	1	858	19127	18270	0.0	1568.0
A6B47_RS15035	32	98.899	1272	14	0	1	1272	18244	16973	0.0	2272.0
A6B47_RS15040	32	99.029	618	6	0	1	618	16970	16353	0.0	1109.0
A6B47_RS15045	32	98.561	417	6	0	1	417	16369	15953	0.0	737.0
A6B47_RS15050	32	100.0	315	0	0	1	315	15953	15639	3.1299999999999992e-167	582.0
A6B47_RS15055	32	99.227	1035	8	0	1	1035	15646	14612	0.0	1868.0
A6B47_RS15060	32	99.63799999999999	276	1	0	1	276	14622	14347	6.049999999999998e-144	505.0
A6B47_RS15065	32	100.0	390	0	0	1	390	14347	13958	0.0	721.0
A6B47_RS15070	32	99.79299999999999	483	1	0	1	483	13926	13444	0.0	887.0
A6B47_RS15075	32	100.0	459	0	0	1	459	13349	12891	0.0	848.0
A6B47_RS15080	32	99.479	2493	13	0	1	2493	12786	10294	0.0	4532.0
A6B47_RS15090	32	97.294	2328	60	3	21	2346	9907	7581	0.0	3947.0
A6B47_RS15095	32	97.425	2252	55	3	1	2252	7594	5346	0.0	3834.0
A6B47_RS15110	32	99.59100000000001	489	2	0	1	489	4022	3534	0.0	893.0
A6B47_RS15115	32	98.50200000000001	267	4	0	1	267	2942	2676	5.919999999999999e-134	472.0
A6B47_RS15120	32	98.37100000000001	491	8	0	1	491	2643	2153	0.0	863.0
A6B47_RS15125	32	99.52	417	2	0	1	417	1806	1390	0.0	760.0
A6B47_RS15140	32	99.24799999999999	266	2	0	2	267	670	405	9.839999999999999e-137	481.0
A6B47_RS15145	32	99.63799999999999	276	1	0	1	276	412	137	6.049999999999998e-144	505.0
A6B47_RS15215	19	96.677	331	11	0	1	331	27356	27026	9.559999999999998e-158	551.0
A6B47_RS15245	19	95.541	314	14	0	2	315	17780	17467	2.5099999999999997e-143	503.0
A6B47_RS15250	19	98.22200000000001	225	4	0	1	225	17473	17249	1.0999999999999998e-110	394.0
A6B47_RS15255	19	97.63	211	4	1	1	210	17188	16978	1.0299999999999997e-100	361.0
A6B47_RS15260	19	96.37	303	11	0	1	303	16966	16664	3.1099999999999995e-142	499.0
A6B47_RS15265	19	98.42299999999999	1332	18	2	1	1332	16237	14909	0.0	2340.0
A6B47_RS15270	19	100.0	351	0	0	1	351	14912	14562	0.0	649.0
A6B47_RS15280	19	100.0	111	0	0	1	111	14311	14201	2.4799999999999997e-54	206.0
A6B47_RS15285	19	99.663	297	1	0	1	297	13961	13665	1.3899999999999997e-155	544.0
A6B47_RS15290	19	100.0	783	0	0	1	783	13411	12629	0.0	1447.0
A6B47_RS15295	19	100.0	357	0	0	1	357	12636	12280	0.0	660.0
DTO64_RS15960	48	99.729	738	2	0	1	738	4396	3659	0.0	1352.0
DTO64_RS15970	48	98.462	260	4	0	2	261	5186	4927	4.5199999999999984e-130	459.0
DTO64_RS15970	48	95.01899999999999	261	13	0	1	261	3489	3229	1.2799999999999998e-115	411.0
DTO64_RS16000	55	100.0	543	0	0	1	543	397	939	0.0	1003.0
DTO64_RS16005	55	100.0	795	0	0	1	795	1032	1826	0.0	1469.0
DTO64_RS16025	48	96.321	897	33	0	1	897	3126	2230	0.0	1474.0
DTO64_RS16030	48	96.19	210	8	0	1	210	2125	1916	1.0399999999999997e-95	344.0
DTO64_RS16065	19	99.72	357	1	0	1	357	12636	12280	0.0	654.0
DTO64_RS16070	19	99.48899999999999	783	4	0	1	783	13411	12629	0.0	1424.0
DTO64_RS16190	32	98.79299999999999	580	7	0	30	609	16932	16353	0.0	1033.0
DTO64_RS16195	32	98.561	417	6	0	1	417	16369	15953	0.0	737.0
DTO64_RS16200	32	99.365	315	2	0	1	315	15953	15639	6.779999999999998e-164	571.0
DTO64_RS16205	32	99.03399999999999	1035	10	0	1	1035	15646	14612	0.0	1857.0
DTO64_RS16210	32	99.63799999999999	276	1	0	1	276	14622	14347	6.049999999999998e-144	505.0
DTO64_RS16215	32	100.0	390	0	0	1	390	14347	13958	0.0	721.0
DTO64_RS16220	32	99.79299999999999	483	1	0	1	483	13926	13444	0.0	887.0
DTO64_RS16225	32	99.78200000000001	459	1	0	1	459	13349	12891	0.0	843.0
DTO64_RS16230	32	99.479	2493	13	0	1	2493	12786	10294	0.0	4532.0
DTO64_RS16235	32	99.499	399	2	0	1	399	10337	9939	0.0	726.0
DTO64_RS16240	32	98.779	1884	23	0	1	1884	9926	8043	0.0	3352.0
DTO64_RS16245	32	99.37100000000001	318	2	0	1	318	10256	9939	1.4699999999999996e-165	577.0
DTO64_RS16250	32	98.764	2346	28	1	1	2345	9926	7581	0.0	4170.0
DTO64_RS16255	32	97.469	2252	54	3	1	2252	7594	5346	0.0	3840.0
DTO64_RS16265	32	98.773	489	6	0	1	489	4022	3534	0.0	870.0
DTO64_RS16275	32	98.876	267	3	0	1	267	2942	2676	1.2699999999999995e-135	477.0
DTO64_RS16280	32	98.167	491	9	0	1	491	2643	2153	0.0	857.0
DTO64_RS16285	32	99.281	417	3	0	1	417	1806	1390	0.0	754.0
DTO64_RS16290	32	96.23899999999999	585	22	0	1	585	1366	782	0.0	959.0
DTO64_RS16295	32	100.0	267	0	0	1	267	671	405	1.2599999999999997e-140	494.0
DTO64_RS16300	32	98.551	276	4	0	1	276	412	137	6.099999999999999e-139	488.0
DTO64_RS17020	49	98.24600000000001	171	3	0	1	171	289	459	1.8199999999999997e-82	300.0
DTO64_RS16505	19	100.0	621	0	0	1	621	18391	17771	0.0	1147.0
DTO64_RS16510	19	100.0	288	0	0	1	288	17754	17467	2.9099999999999994e-152	532.0
DTO64_RS16515	19	100.0	225	0	0	1	225	17473	17249	2.3499999999999993e-117	416.0
DTO64_RS16520	19	99.52600000000001	211	0	1	1	210	17188	16978	2.1999999999999995e-107	383.0
DTO64_RS16525	19	100.0	303	0	0	1	303	16966	16664	1.4099999999999995e-160	560.0
DTO64_RS16530	19	100.0	414	0	0	1	414	16237	15824	0.0	765.0
DTO64_RS16545	19	98.478	920	14	0	2	921	15828	14909	0.0	1622.0
DTO64_RS16550	19	97.721	351	8	0	1	351	14912	14562	7.509999999999998e-174	604.0
DTO64_RS16560	19	98.198	111	2	0	1	111	14311	14201	5.37e-51	195.0
DTO64_RS16620	19	98.43799999999999	320	5	0	1	320	6297	5978	1.2199999999999997e-161	564.0
DTO64_RS16635	19	95.098	306	15	0	1	306	5359	5054	3.169999999999999e-137	483.0
DTO64_RS16640	19	97.23700000000001	579	16	0	1	579	5043	4465	0.0	981.0
DTO64_RS16640	8	96.37299999999999	579	21	0	1	579	104717	104139	0.0	953.0
DTO64_RS16665	19	100.0	336	0	0	1	336	1610	1275	7.119999999999998e-179	621.0
DTO64_RS16675	32	98.319	357	3	1	1	354	21209	20853	2.0899999999999992e-179	623.0
DTO64_RS16675	19	96.62899999999999	356	9	1	1	353	65752	65397	7.629999999999998e-169	588.0
DTO64_RS16680	32	100.0	385	0	0	1	385	20831	20447	0.0	712.0
DTO64_RS16685	32	99.617	261	1	0	1	261	20299	20039	1.2499999999999996e-135	477.0
DTO64_RS16690	32	97.95200000000001	879	18	0	1	879	20028	19150	0.0	1524.0
DTO64_RS16695	32	98.95100000000001	858	9	0	1	858	19127	18270	0.0	1535.0
DTO64_RS16700	32	99.135	1272	11	0	1	1272	18244	16973	0.0	2289.0
DTO64_RS16705	32	98.544	618	9	0	1	618	16970	16353	0.0	1092.0
DTO64_RS16710	32	98.561	417	6	0	1	417	16369	15953	0.0	737.0
DTO64_RS16715	32	99.365	315	2	0	1	315	15953	15639	6.779999999999998e-164	571.0
DTO64_RS16720	32	99.03399999999999	1035	10	0	1	1035	15646	14612	0.0	1857.0
DTO64_RS16725	32	99.63799999999999	276	1	0	1	276	14622	14347	6.049999999999998e-144	505.0
DTO64_RS16730	32	100.0	390	0	0	1	390	14347	13958	0.0	721.0
DTO64_RS16735	32	99.564	459	2	0	1	459	13349	12891	0.0	837.0
DTO64_RS16740	32	99.35799999999999	2493	16	0	1	2493	12786	10294	0.0	4516.0
DTO64_RS16750	32	97.23100000000001	2347	62	3	1	2345	9926	7581	0.0	3971.0
GKQ57_RS13950	19	100.0	1008	0	0	1	1008	12020	11013	0.0	1862.0
GKQ57_RS13955	19	100.0	1638	0	0	1	1638	10854	9217	0.0	3025.0
GKQ57_RS13960	19	100.0	1155	0	0	1	1155	9206	8052	0.0	2134.0
GKQ57_RS13965	19	100.0	954	0	0	1	954	7066	8019	0.0	1762.0
GKQ57_RS13970	19	100.0	357	0	0	1	357	6297	5941	0.0	660.0
GKQ57_RS13975	19	99.67299999999999	306	1	0	1	306	5359	5054	1.4199999999999995e-160	560.0
GKQ57_RS13980	19	99.963	2676	1	0	1	2676	5043	2368	0.0	4937.0
GKQ57_RS13985	19	100.0	279	0	0	1	279	2348	2070	2.829999999999999e-147	516.0
GKQ57_RS13990	19	100.0	336	0	0	1	336	1610	1275	7.119999999999998e-179	621.0
GKQ57_RS14000	19	100.0	357	0	0	1	357	65752	65396	0.0	660.0
GKQ57_RS14000	32	96.348	356	13	0	1	356	21209	20854	2.7699999999999993e-168	586.0
GKQ57_RS14005	19	100.0	198	0	0	1	198	65385	65188	2.0799999999999996e-102	366.0
GKQ57_RS14010	19	100.0	831	0	0	1	831	65180	64350	0.0	1535.0
GKQ57_RS14015	19	100.0	180	0	0	1	180	64319	64140	1.8999999999999997e-92	333.0
GKQ57_RS14020	19	100.0	336	0	0	1	336	64104	63769	7.119999999999998e-179	621.0
GKQ57_RS14025	19	100.0	1128	0	0	1	1128	63761	62634	0.0	2084.0
GKQ57_RS14030	19	100.0	1569	0	0	1	1569	62115	60547	0.0	2898.0
GKQ57_RS14035	19	100.0	534	0	0	1	534	60377	59844	0.0	987.0
GKQ57_RS14040	19	100.0	2532	0	0	1	2532	59779	57248	0.0	4676.0
GKQ57_RS14045	19	100.0	2004	0	0	1	2004	57258	55255	0.0	3701.0
GKQ57_RS14050	19	100.0	381	0	0	1	381	55248	54868	0.0	704.0
GKQ57_RS14055	19	100.0	2556	0	0	1	2556	54739	52184	0.0	4721.0
GKQ57_RS14060	19	100.0	189	0	0	1	189	52181	51993	1.9899999999999994e-97	350.0
GKQ57_RS14065	19	100.0	1152	0	0	1	1152	51974	50823	0.0	2128.0
GKQ57_RS14070	19	100.0	990	0	0	1	990	50733	49744	0.0	1829.0
GKQ57_RS14075	19	100.0	234	0	0	1	234	49680	49447	2.4299999999999993e-122	433.0
GKQ57_RS14080	19	100.0	327	0	0	1	327	49446	49120	6.959999999999999e-174	604.0
GKQ57_RS14085	19	100.0	639	0	0	1	639	49028	48390	0.0	1181.0
GKQ57_RS14090	19	100.0	942	0	0	1	942	48383	47442	0.0	1740.0
GKQ57_RS14095	19	100.0	282	0	0	1	282	47070	46789	6.149999999999999e-149	521.0
GKQ57_RS14100	19	100.0	393	0	0	1	393	46796	46404	0.0	726.0
GKQ57_RS14105	19	100.0	2061	0	0	1	2061	46411	44351	0.0	3807.0
GKQ57_RS14110	19	100.0	1659	0	0	1	1659	44274	42616	0.0	3064.0
GKQ57_RS14115	19	100.0	1344	0	0	1	1344	41086	42429	0.0	2483.0
GKQ57_RS14120	19	100.0	774	0	0	1	774	40313	41086	0.0	1430.0
GKQ57_RS14125	19	100.0	552	0	0	1	552	39618	40169	0.0	1020.0
GKQ57_RS14130	19	100.0	192	0	0	1	192	39403	39594	4.349999999999999e-99	355.0
GKQ57_RS14135	19	100.0	186	0	0	1	186	39233	39418	9.089999999999999e-96	344.0
GKQ57_RS14140	19	100.0	231	0	0	1	231	38405	38635	1.1199999999999997e-120	427.0
GKQ57_RS14145	19	100.0	393	0	0	1	393	38248	37856	0.0	726.0
GKQ57_RS14150	19	100.0	453	0	0	1	453	37790	37338	0.0	837.0
GKQ57_RS14155	19	100.0	153	0	0	1	153	37324	37172	1.61e-77	283.0
GKQ57_RS14160	19	100.0	591	0	0	1	591	37160	36570	0.0	1092.0
GKQ57_RS14165	19	100.0	293	0	0	1	293	36441	36149	4.919999999999999e-155	542.0
GKQ57_RS14170	19	100.0	246	0	0	1	246	36136	35891	5.4799999999999976e-129	455.0
GKQ57_RS14175	19	100.0	183	0	0	1	183	35837	35655	4.149999999999999e-94	339.0
GKQ57_RS14180	19	100.0	717	0	0	1	717	35460	34744	0.0	1325.0
GKQ57_RS14185	19	100.0	1788	0	0	1	1788	34606	32819	0.0	3302.0
GKQ57_RS14190	19	100.0	636	0	0	1	636	32633	31998	0.0	1175.0
GKQ57_RS14195	19	100.0	468	0	0	1	468	32011	31544	0.0	865.0
GKQ57_RS14200	19	100.0	528	0	0	1	528	31541	31014	0.0	976.0
GKQ57_RS14205	19	100.0	2181	0	0	1	2181	30971	28791	0.0	4028.0
GKQ57_RS14210	19	100.0	543	0	0	1	543	28683	28141	0.0	1003.0
GKQ57_RS14215	19	100.0	576	0	0	1	576	28074	27499	0.0	1064.0
GKQ57_RS14220	19	100.0	333	0	0	1	333	27356	27024	3.2799999999999986e-177	616.0
GKQ57_RS14225	19	100.0	1320	0	0	1	1320	25521	26840	0.0	2438.0
GKQ57_RS14230	19	100.0	831	0	0	1	831	25061	24231	0.0	1535.0
GKQ57_RS14235	19	100.0	438	0	0	1	438	23058	22621	0.0	809.0
GKQ57_RS14240	19	100.0	567	0	0	1	567	22457	21891	0.0	1048.0
GKQ57_RS14245	19	100.0	183	0	0	1	183	21859	21677	4.149999999999999e-94	339.0
GKQ57_RS14250	19	100.0	537	0	0	1	537	21650	21114	0.0	992.0
GKQ57_RS14255	19	100.0	1059	0	0	1	1059	19927	20985	0.0	1956.0
GKQ57_RS14260	19	100.0	243	0	0	1	243	19660	19902	2.5199999999999993e-127	449.0
GKQ57_RS14265	19	100.0	213	0	0	1	213	19127	18915	1.0299999999999997e-110	394.0
GKQ57_RS14295	19	100.0	621	0	0	1	621	18391	17771	0.0	1147.0
GKQ57_RS14300	19	100.0	288	0	0	1	288	17754	17467	2.9099999999999994e-152	532.0
GKQ57_RS14305	19	100.0	225	0	0	1	225	17473	17249	2.3499999999999993e-117	416.0
GKQ57_RS14310	19	99.52600000000001	211	0	1	1	210	17188	16978	2.1999999999999995e-107	383.0
GKQ57_RS14315	19	100.0	303	0	0	1	303	16966	16664	1.4099999999999995e-160	560.0
GKQ57_RS14320	19	100.0	1329	0	0	1	1329	16237	14909	0.0	2455.0
GKQ57_RS14325	19	100.0	351	0	0	1	351	14912	14562	0.0	649.0
GKQ57_RS14330	19	100.0	111	0	0	1	111	14311	14201	2.4799999999999997e-54	206.0
GKQ57_RS14335	19	100.0	297	0	0	1	297	13961	13665	2.979999999999999e-157	549.0
GKQ57_RS14340	19	100.0	783	0	0	1	783	13411	12629	0.0	1447.0
GKQ57_RS14345	19	100.0	357	0	0	1	357	12636	12280	0.0	660.0
GKQ57_RS14360	32	97.103	2347	60	4	7	2352	9920	7581	0.0	3951.0
GKQ57_RS14365	32	98.185	2259	41	0	1	2259	7594	5336	0.0	3945.0
GKQ57_RS14370	32	100.0	786	0	0	1	786	4813	4028	0.0	1452.0
GKQ57_RS14375	32	98.16	489	9	0	1	489	4022	3534	0.0	854.0
GKQ57_RS14380	32	98.50200000000001	267	4	0	1	267	2942	2676	5.919999999999999e-134	472.0
GKQ57_RS14385	32	99.8	501	1	0	1	501	2643	2143	0.0	920.0
GKQ57_RS14390	32	99.598	249	1	0	1	249	2130	1882	5.549999999999999e-129	455.0
GKQ57_RS14395	32	98.08200000000001	417	8	0	1	417	1806	1390	0.0	726.0
GKQ57_RS14400	32	99.316	585	4	0	1	585	1366	782	0.0	1059.0
GKQ57_RS14405	32	100.0	267	0	0	1	267	671	405	1.2599999999999997e-140	494.0
GKQ57_RS14410	32	99.275	276	2	0	1	276	412	137	2.819999999999999e-142	499.0
GKQ57_RS14475	60	99.792	960	2	0	1	960	97	1056	0.0	1762.0
GKQ57_RS14530	3	99.32799999999999	1191	8	0	1	1191	2198	3388	0.0	2156.0
GKQ57_RS14580	45	99.681	939	3	0	1	939	3069	4007	0.0	1718.0
GKQ57_RS14585	45	99.904	1038	1	0	1	1038	4033	5070	0.0	1912.0
GKQ57_RS14590	39	99.22399999999999	1160	8	1	4	1162	6624	5465	0.0	2091.0
GKQ57_RS14600	19	96.508	315	11	0	1	315	17781	17467	6.9299999999999975e-149	521.0
GKQ57_RS14605	19	99.556	225	1	0	1	225	17473	17249	1.0899999999999997e-115	411.0
GKQ57_RS14610	19	98.57799999999999	211	2	1	1	210	17188	16978	4.7699999999999986e-104	372.0
GKQ57_RS14615	19	97.36	303	8	0	1	303	16966	16664	3.089999999999999e-147	516.0
GKQ57_RS14620	19	99.24799999999999	1329	10	0	1	1329	16237	14909	0.0	2399.0
GKQ57_RS14625	19	100.0	351	0	0	1	351	14912	14562	0.0	649.0
GKQ57_RS14630	19	100.0	111	0	0	1	111	14311	14201	2.4799999999999997e-54	206.0
GKQ57_RS14635	19	98.955	287	3	0	1	287	13961	13675	1.0599999999999997e-146	514.0
SAW_RS16700	19	96.641	774	26	0	1	774	40313	41086	0.0	1286.0
SAW_RS16705	19	98.816	591	7	0	1	591	39618	40208	0.0	1053.0
SAW_RS16710	19	98.958	192	2	0	1	192	39403	39594	9.419999999999998e-96	344.0
SAW_RS16715	19	100.0	186	0	0	1	186	39233	39418	9.089999999999999e-96	344.0
SAW_RS16735	19	99.56700000000001	231	1	0	1	231	38405	38635	5.189999999999999e-119	422.0
SAW_RS16740	19	98.788	495	6	0	1	495	38350	37856	0.0	881.0
SAW_RS16745	19	98.234	453	8	0	1	453	37790	37338	0.0	793.0
SAW_RS16750	19	98.693	153	2	0	1	153	37324	37172	3.4899999999999994e-74	272.0
SAW_RS16775	19	95.08200000000001	183	9	0	1	183	35837	35655	4.239999999999999e-79	289.0
SAW_RS16790	19	98.738	634	7	1	3	636	32630	31998	0.0	1125.0
SAW_RS16795	19	100.0	468	0	0	1	468	32011	31544	0.0	865.0
SAW_RS16800	19	99.242	528	4	0	1	528	31541	31014	0.0	953.0
SAW_RS16805	19	99.45	2181	12	0	1	2181	30971	28791	0.0	3962.0
SAW_RS16810	19	100.0	543	0	0	1	543	28683	28141	0.0	1003.0
SAW_RS16850	19	100.0	621	0	0	1	621	18391	17771	0.0	1147.0
SAW_RS16855	19	100.0	288	0	0	1	288	17754	17467	2.9099999999999994e-152	532.0
SAW_RS16860	19	99.111	225	2	0	1	225	17473	17249	5.079999999999999e-114	405.0
SAW_RS16865	19	98.104	211	3	1	1	210	17188	16978	2.2199999999999994e-102	366.0
SAW_RS16870	19	96.37	303	11	0	1	303	16966	16664	3.1099999999999995e-142	499.0
SAW_RS16875	19	98.42	1329	21	0	1	1329	16237	14909	0.0	2338.0
SAW_RS16880	19	97.721	351	8	0	1	351	14912	14562	7.509999999999998e-174	604.0
SAW_RS16890	19	98.198	111	2	0	1	111	14311	14201	5.37e-51	195.0
SAW_RS16955	19	98.319	357	6	0	1	357	6297	5941	1.629999999999999e-180	627.0
SAW_RS16960	19	95.098	306	15	0	1	306	5359	5054	3.169999999999999e-137	483.0
SAW_RS16980	19	100.0	336	0	0	1	336	1610	1275	7.119999999999998e-179	621.0
SAW_RS16990	32	97.199	357	10	0	1	357	21209	20853	7.639999999999998e-174	604.0
SAW_RS16990	19	96.581	351	12	0	1	351	65752	65402	3.579999999999998e-167	582.0
SAW_RS17290	48	99.59299999999999	738	3	0	1	738	4396	3659	0.0	1347.0
