HKK27_RS00050	11	99.67399999999999	920	2	1	12	930	17103	18022	0.0	1681.0
HKK27_RS00055	11	100.0	117	0	0	1	117	18267	18383	1.19e-57	217.0
HKK27_RS00060	11	97.448	1920	49	0	1	1920	18399	20318	0.0	3275.0
HKK27_RS00070	11	100.0	189	0	0	1	189	20416	20604	1.9399999999999993e-97	350.0
HKK27_RS00075	11	100.0	240	0	0	1	240	20901	20662	1.1299999999999996e-125	444.0
HS157_RS00005	34	99.375	960	6	0	1	960	99	1058	0.0	1740.0
pMG1_p05	18	99.656	291	0	1	1	291	23795	24084	1.0299999999999998e-151	531.0
pMG1_p06	18	99.38	645	4	0	1	645	24312	24956	0.0	1170.0
pMG2200_85	18	100.0	105	0	0	1	105	23316	23212	4.9e-51	195.0
pMG2200_89	18	100.0	111	0	0	1	111	23216	23106	2.4200000000000002e-54	206.0
pMG2200_90	18	99.524	210	1	0	1	210	23031	22822	2.1499999999999996e-107	383.0
pMG2200_91	18	97.36	303	8	0	1	303	22810	22508	3.0199999999999993e-147	516.0
pMG2200_92	18	100.0	1329	0	0	1	1329	22080	20752	0.0	2455.0
pMG2200_93	18	98.006	351	7	0	1	351	20755	20405	1.5799999999999997e-175	610.0
pMG2200_94	18	100.0	213	0	0	1	213	20448	20236	1.0099999999999997e-110	394.0
pMG2200_95	18	98.955	287	3	0	1	287	19804	19518	1.0599999999999997e-146	514.0
pMG2200_109	13	97.81200000000001	320	7	0	1	320	3551	3232	2.449999999999999e-158	553.0
pCF10_01	18	98.495	1329	20	0	1	1329	22080	20752	0.0	2344.0
pCF10_02	18	98.006	351	7	0	1	351	20755	20405	1.5799999999999997e-175	610.0
pCF10_03	18	98.59200000000001	213	3	0	1	213	20448	20236	1.0199999999999997e-105	377.0
pCF10_04	18	97.29700000000001	296	5	3	1	294	19804	19510	2.9799999999999994e-142	499.0
pCF10_17	13	96.919	357	8	1	1	357	3584	3231	4.499999999999999e-171	595.0
pCF10_51	20	98.16799999999999	273	5	0	1	273	32500	32772	1.2699999999999995e-135	477.0
pCF10_54	18	99.32700000000001	297	2	0	1	297	23606	23310	6.309999999999997e-154	538.0
pCF10_55	18	98.22200000000001	225	4	0	1	225	23316	23092	1.0699999999999997e-110	394.0
pCF10_56	18	95.238	210	10	0	1	210	23031	22822	2.1999999999999995e-92	333.0
pCF10_57	18	96.571	175	5	1	1	174	22810	22636	3.92e-79	289.0
pAM373_p10	18	98.958	96	1	0	1	96	5316	5411	2.06e-44	172.0
pAM373_p12	18	99.553	1341	6	0	1	1341	7361	6021	0.0	2444.0
pAM373_p13	18	99.228	777	6	0	1	777	8128	7352	0.0	1402.0
pAM373_p14	18	99.251	267	2	0	1	267	8556	8290	2.6799999999999997e-137	483.0
pAM373_p15	18	99.383	324	1	1	1	324	8885	8563	2.439999999999999e-168	586.0
pAM373_p16	18	100.0	174	0	0	1	174	4734	4561	3.8599999999999996e-89	322.0
pAM373_p16	18	99.425	174	0	1	1	174	9009	8837	6.459999999999999e-87	315.0
pAM373_p17	18	99.02	204	2	0	1	204	9170	8967	2.0999999999999992e-102	366.0
pAM373_p24	18	96.855	2353	66	6	1	2346	15561	13210	0.0	3928.0
HS082_RS00040	18	99.57	1163	4	1	1	1163	23795	24956	0.0	2119.0
HS082_RS00050	13	95.34200000000001	365	6	2	1	365	3584	3231	2.789999999999999e-163	569.0
HS082_RS00355	34	100.0	960	0	0	1	960	99	1058	0.0	1773.0
HS082_RS00395	18	96.809	282	9	0	7	288	23591	23310	6.279999999999999e-134	472.0
HS082_RS00400	18	98.22200000000001	225	4	0	1	225	23316	23092	1.0699999999999997e-110	394.0
HS696_RS00050	11	100.0	117	0	0	1	117	18267	18383	1.19e-57	217.0
pWZ1668_p08	18	99.522	837	4	0	1	837	24120	24956	0.0	1524.0
pWZ1668_p09	18	99.31299999999999	291	1	1	1	291	23795	24084	4.8099999999999987e-150	525.0
pTW9_p07	18	98.316	297	3	2	1	296	19804	19509	2.2899999999999994e-148	520.0
pTW9_p20	13	96.32799999999999	3894	138	4	1	3891	7537	3646	0.0	6394.0
pTW9_p21	13	98.131	321	6	0	1	321	3551	3231	1.4599999999999995e-160	560.0
pTW9_p22	13	96.552	261	9	0	1	261	3209	2949	2.679999999999999e-122	433.0
pTW9_p37	18	96.685	2353	70	6	1	2346	15561	13210	0.0	3906.0
pTW9_p38	18	99.15299999999999	2244	19	0	1	2244	13208	10965	0.0	4039.0
pTW9_p39	18	100.0	786	0	0	1	786	10442	9657	0.0	1452.0
pTW9_p40	18	99.796	489	1	0	1	489	9651	9163	0.0	898.0
pTW9_p41	18	100.0	204	0	0	1	204	9170	8967	9.71e-106	377.0
pTW9_p42	18	100.0	375	0	0	1	375	8937	8563	0.0	693.0
pTW9_p43	18	99.625	267	1	0	1	267	8556	8290	5.769999999999998e-139	488.0
pTW9_p44	18	99.743	777	2	0	1	777	8128	7352	0.0	1424.0
pTW9_p45	18	99.85	1335	2	0	1	1335	7355	6021	0.0	2455.0
pTW9_p46	18	100.0	477	0	0	1	477	5881	5405	0.0	881.0
pTW9_p47	18	100.0	411	0	0	1	411	5102	4692	0.0	760.0
HS704_RS00035	18	99.574	939	4	0	1	939	27403	26465	0.0	1712.0
HS704_RS00040	18	99.807	1038	2	0	1	1038	26439	25402	0.0	1906.0
HS814_RS00230	18	99.574	939	4	0	1	939	27403	26465	0.0	1712.0
HS814_RS00235	18	99.807	1038	2	0	1	1038	26439	25402	0.0	1906.0
G7C14_RS00120	34	99.743	389	1	0	1	389	99	487	0.0	713.0
HS798_RS00010	11	100.0	117	0	0	1	117	18267	18383	1.19e-57	217.0
HS798_RS00090	18	99.57	1163	4	1	1	1163	23795	24956	0.0	2119.0
HXI36_RS00290	18	99.57	1163	4	1	1	1163	23795	24956	0.0	2119.0
D686_p36	18	99.522	837	4	0	1	837	24120	24956	0.0	1524.0
D686_p37	18	99.31299999999999	291	1	1	1	291	23795	24084	4.8099999999999987e-150	525.0
D686_p1035	18	99.522	837	4	0	1	837	24120	24956	0.0	1524.0
D686_p1036	18	99.31299999999999	291	1	1	1	291	23795	24084	4.8099999999999987e-150	525.0
PGL3_p7	18	99.46799999999999	939	5	0	1	939	27403	26465	0.0	1707.0
PGL3_p8	18	99.615	1038	4	0	1	1038	26439	25402	0.0	1895.0
D680_p3006	11	97.51899999999999	1935	48	0	1	1935	18384	20318	0.0	3308.0
D680_p3004	11	100.0	87	0	0	1	87	18297	18383	3.9299999999999993e-41	161.0
D680_p3005	11	99.68799999999999	642	2	0	1	642	17381	18022	0.0	1175.0
CY96_RS27335	8	95.946	74	3	0	1	74	288	361	5.4e-29	121.0
FHK66_RS13850	18	99.485	1164	4	2	1	1164	23795	24956	0.0	2115.0
FHK66_RS14065	34	98.661	971	13	0	1	971	99	1069	0.0	1722.0
FHK66_RS14755	18	99.398	1163	6	1	1	1163	23795	24956	0.0	2108.0
FHK66_RS14845	18	99.32799999999999	1191	8	0	1	1191	35951	37141	0.0	2156.0
FJM50_RS28575	24	98.611	72	1	0	1	72	16227	16156	3.11e-31	128.0
FJM50_RS28575	8	98.611	72	1	0	1	72	876	947	3.11e-31	128.0
FJM50_RS28575	8	98.611	72	1	0	1	72	1642	1713	3.11e-31	128.0
FJM50_RS28585	8	97.29700000000001	74	2	0	1	74	788	861	1.22e-30	126.0
FJM50_RS28585	8	97.29700000000001	74	2	0	1	74	1455	1528	1.22e-30	126.0
FJM50_RS28605	51	98.63	73	1	0	1	73	13	85	9.3e-32	130.0
FJM50_RS28605	8	98.63	73	1	0	1	73	98	170	9.3e-32	130.0
FJM50_RS28610	21	100.0	74	0	0	1	74	31689	31616	5.65e-34	137.0
FJM50_RS28610	8	100.0	74	0	0	1	74	11	84	5.65e-34	137.0
FKZ20_RS00765	18	99.484	1163	5	1	1	1163	23795	24956	0.0	2113.0
FKZ20_RS01065	18	99.656	1163	3	1	1	1163	23795	24956	0.0	2124.0
FKZ20_RS01135	18	99.57	1163	4	1	1	1163	23795	24956	0.0	2119.0
FKZ20_RS15815	18	99.57	1163	4	1	1	1163	23795	24956	0.0	2119.0
EXV96_RS14190	18	99.656	1163	3	1	1	1163	23795	24956	0.0	2124.0
EXV96_RS14255	18	99.656	1163	3	1	1	1163	23795	24956	0.0	2124.0
EXV96_RS15810	18	99.57	1163	4	1	1	1163	23795	24956	0.0	2119.0
OEA_RS33475	21	100.0	74	0	0	1	74	31689	31616	5.65e-34	137.0
OEA_RS33475	8	100.0	74	0	0	1	74	11	84	5.65e-34	137.0
OEA_RS33480	51	97.26	73	1	1	1	72	13	85	1.53e-29	122.0
OEA_RS33480	8	97.26	73	1	1	1	72	98	170	1.53e-29	122.0
OEA_RS33500	8	97.29700000000001	74	2	0	1	74	788	861	1.22e-30	126.0
OEA_RS33500	8	97.29700000000001	74	2	0	1	74	1455	1528	1.22e-30	126.0
OEA_RS33510	24	98.611	72	1	0	1	72	16227	16156	3.11e-31	128.0
OEA_RS33510	8	98.611	72	1	0	1	72	876	947	3.11e-31	128.0
OEA_RS33510	8	98.611	72	1	0	1	72	1642	1713	3.11e-31	128.0
UC509_RS12310	18	99.711	1038	3	0	1	1038	26439	25402	0.0	1901.0
UC509_RS12315	18	99.361	939	6	0	1	939	27403	26465	0.0	1701.0
MC28_RS27620	8	98.649	74	1	0	1	74	288	361	2.49e-32	132.0
MC28_RS29740	8	98.649	74	1	0	1	74	288	361	2.49e-32	132.0
AL024_RS15680	18	99.57	1163	4	1	1	1163	23795	24956	0.0	2119.0
AL024_RS15745	18	99.656	1163	3	1	1	1163	23795	24956	0.0	2124.0
DN407_RS31340	8	97.29700000000001	74	2	0	1	74	288	361	1.1599999999999999e-30	126.0
FZP47_RS12845	18	97.229	1191	13	1	1	1171	35951	37141	0.0	1999.0
FZP47_RS13155	34	98.75	960	12	0	1	960	99	1058	0.0	1707.0
FZP47_RS13220	18	99.57	1163	4	1	1	1163	23795	24956	0.0	2119.0
FZP47_RS13340	18	99.24799999999999	266	2	0	2	267	36876	37141	9.649999999999998e-137	481.0
FZP47_RS13380	34	98.75	960	12	0	1	960	99	1058	0.0	1707.0
F0220_RS30810	24	100.0	74	0	0	1	74	15761	15688	5.36e-34	137.0
FTN78_RS00045	18	99.711	1038	3	0	1	1038	26439	25402	0.0	1901.0
FTN78_RS00050	18	99.46799999999999	939	5	0	1	939	27403	26465	0.0	1707.0
FTN78_RS13060	18	99.574	939	4	0	1	939	27403	26465	0.0	1712.0
FTN78_RS13065	18	99.807	1038	2	0	1	1038	26439	25402	0.0	1906.0
FNP79_RS00120	11	96.042	1920	76	0	1	1920	18399	20318	0.0	3125.0
FNP79_RS00125	11	96.552	87	3	0	1	87	18297	18383	3.9599999999999996e-36	145.0
F6440_RS14475	18	99.656	1163	3	1	1	1163	23795	24956	0.0	2124.0
F6440_RS14790	18	99.656	1163	3	1	1	1163	23795	24956	0.0	2124.0
F6440_RS14855	18	99.57	1163	4	1	1	1163	23795	24956	0.0	2119.0
F6440_RS15270	18	97.75299999999999	267	6	0	1	267	38484	38750	1.2599999999999997e-130	460.0
F6440_RS15275	18	96.07799999999999	357	14	0	1	357	38138	38494	3.4999999999999984e-167	582.0
F6440_RS15290	18	95.5	600	27	0	1	600	27929	28528	0.0	959.0
F6440_RS15325	18	99.57	1163	4	1	1	1163	23795	24956	0.0	2119.0
F6439_RS14530	34	98.75	960	12	0	1	960	99	1058	0.0	1707.0
F6439_RS14655	18	99.656	1163	3	1	1	1163	23795	24956	0.0	2124.0
F6439_RS14785	18	99.656	1163	3	1	1	1163	23795	24956	0.0	2124.0
F6439_RS14850	18	99.656	1163	3	1	1	1163	23795	24956	0.0	2124.0
F6439_RS15005	18	99.57	1163	4	1	1	1163	23795	24956	0.0	2119.0
F6439_RS15740	18	99.57	1163	4	1	1	1163	23795	24956	0.0	2119.0
F6439_RS16305	20	98.196	388	7	0	3	390	32385	32772	0.0	678.0
F6439_RS16335	20	99.13	345	3	0	1	345	31921	31577	7.149999999999998e-179	621.0
FNP80_RS00905	11	97.5	1920	48	0	1	1920	18399	20318	0.0	3280.0
FNP80_RS00910	11	100.0	87	0	0	1	87	18297	18383	3.9299999999999993e-41	161.0
FNP80_RS00915	11	100.0	63	0	0	1	63	18066	18128	5.71e-28	117.0
FNP80_RS24775	11	100.0	63	0	0	1	63	18066	18128	5.71e-28	117.0
FNP80_RS24780	11	100.0	87	0	0	1	87	18297	18383	3.9299999999999993e-41	161.0
FNP80_RS24785	11	97.5	1920	48	0	1	1920	18399	20318	0.0	3280.0
FTV95_RS25090	11	96.226	106	3	1	1	105	18297	18402	2.3e-44	172.0
FTV95_RS25095	11	95.99	1920	76	1	1	1919	18399	20318	0.0	3118.0
FTV92_RS25360	11	96.15799999999999	1041	40	0	1	1041	19278	20318	0.0	1701.0
FTV92_RS25365	11	98.73299999999999	868	8	3	1	865	18399	19266	0.0	1539.0
FTV92_RS25370	11	99.057	106	0	1	1	105	18297	18402	2.28e-49	189.0
FTV92_RS27770	11	95.93799999999999	1920	77	1	1	1919	18399	20318	0.0	3112.0
FTV92_RS27775	11	96.552	87	3	0	1	87	18297	18383	3.9599999999999996e-36	145.0
EfmAA708_RS16180	18	99.484	1163	5	1	1	1163	23795	24956	0.0	2113.0
CGZ46_RS14310	18	96.639	357	12	0	1	357	38138	38494	1.6199999999999994e-170	593.0
CGZ46_RS14315	18	97.37799999999999	267	7	0	1	267	38484	38750	5.849999999999998e-129	455.0
CGZ46_RS14320	18	96.208	1002	38	0	1	1002	38909	39910	0.0	1640.0
CGZ46_RS14535	11	100.0	87	0	0	1	87	18297	18383	3.9299999999999993e-41	161.0
CGZ46_RS14595	18	99.40899999999999	846	5	0	1	846	18201	19046	0.0	1535.0
CGZ46_RS14600	18	98.925	372	4	0	1	372	19039	19410	0.0	665.0
CGZ46_RS14660	27	98.462	195	2	1	1	195	2142	1949	3.3699999999999997e-95	342.0
CGZ46_RS14845	18	97.336	1314	35	0	1	1314	1561	248	0.0	2233.0
CGZ46_RS14845	20	97.25200000000001	1310	36	0	5	1314	26722	28031	0.0	2220.0
CGZ46_RS14850	18	100.0	201	0	0	1	201	60689	60889	4.44e-104	372.0
CGZ46_RS14855	18	99.51700000000001	207	1	0	1	207	60285	60079	9.869999999999997e-106	377.0
CGZ46_RS14860	18	100.0	192	0	0	1	192	60045	59854	4.249999999999999e-99	355.0
CGZ46_RS14865	18	98.759	2982	37	0	1	2982	59793	56812	0.0	5302.0
CGZ46_RS14870	18	99.86	2145	3	0	1	2145	56800	54656	0.0	3945.0
CGZ46_RS14875	18	99.516	1239	6	0	1	1239	54659	53421	0.0	2255.0
CGZ46_RS14880	18	97.462	985	23	2	1	984	53420	52437	0.0	1679.0
CGZ46_RS14900	18	95.68299999999999	278	12	0	7	284	23591	23314	1.0499999999999998e-126	448.0
CGZ46_RS14915	18	98.194	1329	24	0	1	1329	22080	20752	0.0	2322.0
CGZ46_RS14920	18	98.86	351	4	0	1	351	20755	20405	1.5699999999999996e-180	627.0
CGZ46_RS14980	13	96.223	3892	146	1	1	3891	7537	3646	0.0	6372.0
CGZ46_RS14985	13	98.01700000000001	353	7	0	1	353	3584	3232	1.2299999999999996e-176	614.0
FOA09_RS14140	18	99.315	1314	9	0	1	1314	1561	248	0.0	2377.0
FOA09_RS14140	20	96.794	1310	42	0	5	1314	26722	28031	0.0	2187.0
FOA09_RS14145	18	99.76899999999999	864	2	0	1	864	2548	1685	0.0	1585.0
FOA09_RS14150	18	99.775	444	1	0	1	444	2981	2538	0.0	815.0
FOA09_RS14155	18	100.0	936	0	0	1	936	4130	3195	0.0	1729.0
FOA09_RS14160	18	100.0	198	0	0	1	198	4468	4271	2.0299999999999997e-102	366.0
FOA09_RS14165	18	100.0	243	0	0	1	243	4944	5186	2.4599999999999994e-127	449.0
FOA09_RS14170	18	100.0	477	0	0	1	477	5881	5405	0.0	881.0
FOA09_RS14175	18	99.851	1341	2	0	1	1341	7361	6021	0.0	2466.0
FOA09_RS14180	18	99.61399999999999	777	3	0	1	777	8128	7352	0.0	1419.0
FOA09_RS14185	18	100.0	267	0	0	1	267	8556	8290	1.2399999999999996e-140	494.0
FOA09_RS14190	18	100.0	183	0	0	1	183	8745	8563	4.0599999999999993e-94	339.0
FOA09_RS14195	18	98.773	489	6	0	1	489	9651	9163	0.0	870.0
FOA09_RS14200	18	100.0	729	0	0	1	729	10385	9657	0.0	1347.0
FOA09_RS14205	18	99.415	171	1	0	1	171	10793	10963	8.189999999999998e-86	311.0
FOA09_RS14210	18	99.15899999999999	2259	19	0	1	2259	13223	10965	0.0	4067.0
FOA09_RS14215	18	96.685	2353	70	6	1	2346	15561	13210	0.0	3906.0
FOA09_RS14290	13	97.40299999999999	385	10	0	1	385	3209	2825	0.0	656.0
FOA09_RS14295	13	98.305	354	6	0	1	354	3584	3231	7.349999999999998e-179	621.0
FOA09_RS14300	13	96.302	3894	139	4	1	3891	7537	3646	0.0	6388.0
FOA09_RS14370	18	98.316	297	3	2	1	296	19804	19509	2.2899999999999994e-148	520.0
FOA09_RS14375	18	99.09899999999999	111	1	0	1	111	20154	20044	1.1299999999999999e-52	200.0
B4U48_RS15285	18	99.677	928	3	0	2	929	24029	24956	0.0	1698.0
GIJ09_RS11940	11	100.0	87	0	0	1	87	18297	18383	3.9299999999999993e-41	161.0
EYB36_RS00295	18	96.889	225	7	0	1	225	23316	23092	1.0799999999999999e-105	377.0
EYB36_RS00300	18	96.51700000000001	201	7	0	1	201	23031	22831	2.0999999999999996e-92	333.0
EYB36_RS00305	18	98.35	303	5	0	1	303	22810	22508	2.9999999999999987e-152	532.0
EYB36_RS00340	18	99.473	1329	7	0	1	1329	22080	20752	0.0	2416.0
EYB36_RS00345	18	99.715	351	1	0	1	351	20755	20405	0.0	643.0
EYB36_RS00350	18	100.0	111	0	0	1	111	20154	20044	2.4200000000000002e-54	206.0
EYB36_RS00355	18	99.322	295	1	1	1	294	19804	19510	2.939999999999999e-152	532.0
EYB36_RS00400	18	99.411	1188	7	0	1	1188	14397	13210	0.0	2156.0
EYB36_RS00405	18	99.646	2259	8	0	1	2259	13223	10965	0.0	4128.0
EYB36_RS00410	18	98.83	171	2	0	1	171	10793	10963	3.8099999999999993e-84	305.0
EYB36_RS00415	18	100.0	729	0	0	1	729	10385	9657	0.0	1347.0
EYB36_RS00710	18	99.315	1314	9	0	1	1314	1561	248	0.0	2377.0
EYB36_RS00710	20	96.794	1310	42	0	5	1314	26722	28031	0.0	2187.0
EYB36_RS00715	18	99.76899999999999	864	2	0	1	864	2548	1685	0.0	1585.0
EYB36_RS00720	18	100.0	444	0	0	1	444	2981	2538	0.0	821.0
EYB36_RS00725	18	99.89299999999999	936	1	0	1	936	4130	3195	0.0	1724.0
EYB36_RS00730	18	100.0	198	0	0	1	198	4468	4271	2.0299999999999997e-102	366.0
EYB36_RS00735	18	100.0	243	0	0	1	243	4944	5186	2.4599999999999994e-127	449.0
EYB36_RS00740	18	100.0	477	0	0	1	477	5881	5405	0.0	881.0
EYB36_RS00745	18	99.77600000000001	1341	3	0	1	1341	7361	6021	0.0	2460.0
EYB36_RS00750	18	99.743	777	2	0	1	777	8128	7352	0.0	1424.0
EYB36_RS00755	18	100.0	267	0	0	1	267	8556	8290	1.2399999999999996e-140	494.0
EYB36_RS00760	18	100.0	183	0	0	1	183	8745	8563	4.0599999999999993e-94	339.0
EYB36_RS00765	18	99.796	489	1	0	1	489	9651	9163	0.0	898.0
EYB36_RS00775	18	98.89	2252	22	3	1	2252	13223	10975	0.0	4017.0
EYB36_RS00780	18	96.64299999999999	2353	71	6	1	2346	15561	13210	0.0	3901.0
EYB36_RS00865	13	97.92200000000001	385	8	0	1	385	3209	2825	0.0	667.0
EYB36_RS00870	13	98.305	354	6	0	1	354	3584	3231	7.349999999999998e-179	621.0
EYB36_RS00940	18	97.561	287	7	0	1	287	19804	19518	4.979999999999999e-140	492.0
GJ652_RS00915	18	99.656	1163	3	1	1	1163	23795	24956	0.0	2124.0
GJ652_RS01190	11	100.0	87	0	0	1	87	18297	18383	3.9299999999999993e-41	161.0
GJ652_RS01455	18	98.15299999999999	1191	22	0	1	1191	35951	37141	0.0	2078.0
XM37_RS13770	18	99.656	1163	3	1	1	1163	23795	24956	0.0	2124.0
XM37_RS13830	18	99.57	1163	4	1	1	1163	23795	24956	0.0	2119.0
CEQ83_RS26840	24	98.611	72	1	0	1	72	16227	16156	3.11e-31	128.0
CEQ83_RS26840	8	98.611	72	1	0	1	72	876	947	3.11e-31	128.0
CEQ83_RS26840	8	98.611	72	1	0	1	72	1642	1713	3.11e-31	128.0
CEQ83_RS26845	8	97.29700000000001	74	2	0	1	74	788	861	1.1599999999999999e-30	126.0
CEQ83_RS26845	8	97.29700000000001	74	2	0	1	74	1455	1528	1.1599999999999999e-30	126.0
CEQ83_RS26865	51	98.63	73	1	0	1	73	13	85	9.3e-32	130.0
CEQ83_RS26865	8	98.63	73	1	0	1	73	98	170	9.3e-32	130.0
CEQ83_RS26870	21	100.0	74	0	0	1	74	31689	31616	5.65e-34	137.0
CEQ83_RS26870	8	100.0	74	0	0	1	74	11	84	5.65e-34	137.0
EfmE745_RS13895	18	99.73100000000001	1115	3	0	1	1115	23842	24956	0.0	2043.0
EfmE745_RS13950	18	99.641	1115	4	0	1	1115	23842	24956	0.0	2037.0
EfmE745_RS14000	18	99.484	1163	5	1	1	1163	23795	24956	0.0	2113.0
EfmE745_RS14335	34	99.336	602	4	0	1	602	99	700	0.0	1090.0
EfmE745_RS14350	34	98.75	960	12	0	1	960	99	1058	0.0	1707.0
BO233_RS15560	18	99.656	1163	3	1	1	1163	23795	24956	0.0	2124.0
BO233_RS15860	18	97.75299999999999	267	6	0	1	267	38484	38750	1.2599999999999997e-130	460.0
BO233_RS15865	18	96.07799999999999	357	14	0	1	357	38138	38494	3.4999999999999984e-167	582.0
BO233_RS15880	18	95.5	600	27	0	1	600	27929	28528	0.0	959.0
BO233_RS15915	18	99.656	1163	3	1	1	1163	23795	24956	0.0	2124.0
BO233_RS16240	20	99.13	345	3	0	1	345	31921	31577	7.149999999999998e-179	621.0
BO233_RS16255	20	98.196	388	7	0	3	390	32385	32772	0.0	678.0
BO233_RS16370	18	98.934	2252	21	3	1	2252	13223	10975	0.0	4023.0
BO233_RS16375	18	98.814	590	7	0	11	600	13799	13210	0.0	1051.0
BZG32_RS16240	13	97.662	385	9	0	1	385	3209	2825	0.0	662.0
BZG32_RS16245	13	98.305	354	6	0	1	354	3584	3231	7.349999999999998e-179	621.0
BZG32_RS16250	13	96.559	3894	129	4	1	3891	7537	3646	0.0	6444.0
BZG32_RS16315	18	96.051	1013	36	4	1	1011	17729	16719	0.0	1646.0
BZG32_RS16325	18	99.882	846	1	0	1	846	18201	19046	0.0	1557.0
BZG32_RS16330	18	99.73100000000001	372	1	0	1	372	19039	19410	0.0	682.0
BZG32_RS16345	18	98.198	111	2	0	1	111	20154	20044	5.2499999999999996e-51	195.0
BZG32_RS16355	18	98.291	351	6	0	1	351	20755	20405	3.3899999999999987e-177	616.0
BZG32_RS16360	18	98.194	1329	24	0	1	1329	22080	20752	0.0	2322.0
BZG32_RS16365	18	97.36	303	8	0	1	303	22810	22508	3.0199999999999993e-147	516.0
BZG32_RS16370	18	98.795	249	3	0	1	249	23070	22822	1.17e-125	444.0
BZG32_RS16375	18	99.556	225	1	0	1	225	23316	23092	1.0699999999999998e-115	411.0
BZG32_RS16380	18	98.227	282	5	0	7	288	23591	23310	1.3399999999999996e-140	494.0
BZG32_RS16535	18	100.0	243	0	0	1	243	4944	5186	2.4599999999999994e-127	449.0
BZG32_RS16545	18	100.0	477	0	0	1	477	5881	5405	0.0	881.0
BZG32_RS16550	18	97.662	1326	31	0	1	1326	7346	6021	0.0	2278.0
BZG32_RS16555	18	96.78200000000001	777	4	1	1	756	8128	7352	0.0	1277.0
BZG32_RS16560	18	100.0	267	0	0	1	267	8556	8290	1.2399999999999996e-140	494.0
BZG32_RS16565	18	100.0	183	0	0	1	183	8745	8563	4.0599999999999993e-94	339.0
BZG32_RS16575	18	99.387	489	3	0	1	489	9651	9163	0.0	887.0
BZG32_RS16605	18	96.898	2353	65	6	1	2346	15561	13210	0.0	3934.0
BZG32_RS16710	18	97.316	2347	55	4	7	2346	15555	13210	0.0	3978.0
BZG32_RS16715	18	98.979	2252	20	3	1	2252	13223	10975	0.0	4028.0
BZG32_RS16825	20	98.196	388	7	0	3	390	32385	32772	0.0	678.0
BZG32_RS16840	20	99.13	345	3	0	1	345	31921	31577	7.149999999999998e-179	621.0
BZG32_RS17040	18	97.561	287	7	0	1	287	19804	19518	4.979999999999999e-140	492.0
YBT1520_RS30450	8	95.946	74	3	0	1	74	288	361	5.4e-29	121.0
BTK_RS33765	8	95.946	74	3	0	1	74	288	361	5.4e-29	121.0
DF16_RS31850	8	95.946	74	3	0	1	74	288	361	5.4e-29	121.0
XI92_RS31140	8	95.946	74	3	0	1	74	288	361	5.4e-29	121.0
AXW78_RS27290	8	95.946	74	3	0	1	74	288	361	5.4e-29	121.0
A6P53_RS13545	11	100.0	87	0	0	1	87	18297	18383	3.9299999999999993e-41	161.0
BCM43_RS27650	8	95.946	74	3	0	1	74	288	361	5.4e-29	121.0
BHF65_RS10380	11	100.0	87	0	0	1	87	18297	18383	3.9299999999999993e-41	161.0
BHF65_RS09950	11	95.639	1926	78	1	1	1926	18399	20318	0.0	3086.0
BTW26_RS10360	11	96.37299999999999	1158	42	0	1	1158	19161	20318	0.0	1906.0
GAG93_RS00070	11	96.042	1920	76	0	1	1920	18399	20318	0.0	3125.0
GAG93_RS00075	11	96.552	87	3	0	1	87	18297	18383	3.9599999999999996e-36	145.0
AZI11_RS14260	8	97.29700000000001	74	2	0	1	74	288	361	1.1599999999999999e-30	126.0
B2J90_RS28865	8	95.946	74	3	0	1	74	288	361	5.4e-29	121.0
BTI247_RS30975	8	95.946	74	3	0	1	74	288	361	5.4e-29	121.0
BTG_RS32805	8	98.649	74	1	0	1	74	288	361	2.49e-32	132.0
BT246_RS33775	8	95.946	74	3	0	1	74	288	361	5.4e-29	121.0
CE141_RS25565	11	100.0	87	0	0	1	87	18297	18383	3.9299999999999993e-41	161.0
CE141_RS25570	11	97.5	1920	48	0	1	1920	18399	20318	0.0	3280.0
F6P93_RS23245	11	96.552	87	3	0	1	87	18297	18383	3.9599999999999996e-36	145.0
F6P93_RS24360	11	96.042	1920	76	0	1	1920	18399	20318	0.0	3125.0
F6P93_RS24365	11	96.552	87	3	0	1	87	18297	18383	3.9599999999999996e-36	145.0
CNX66_RS14410	18	99.656	1163	3	1	1	1163	23795	24956	0.0	2124.0
CNX66_RS14475	18	99.656	1163	3	1	1	1163	23795	24956	0.0	2124.0
CNX66_RS15445	18	99.484	1163	5	1	1	1163	23795	24956	0.0	2113.0
CNX66_RS15735	18	99.57	1163	4	1	1	1163	23795	24956	0.0	2119.0
CGZ63_RS29920	8	95.946	74	3	0	1	74	288	361	5.4e-29	121.0
CG806_RS00040	11	100.0	87	0	0	1	87	18297	18383	3.9299999999999993e-41	161.0
CG806_RS00140	18	100.0	435	0	0	1	435	11399	10965	0.0	804.0
CG806_RS00145	18	100.0	171	0	0	1	171	10793	10963	1.7599999999999998e-87	316.0
CG806_RS00150	18	100.0	729	0	0	1	729	10385	9657	0.0	1347.0
CG806_RS00155	18	99.59100000000001	489	1	1	1	488	9651	9163	0.0	891.0
CG806_RS00165	18	99.454	183	1	0	1	183	8745	8563	1.8899999999999997e-92	333.0
CG806_RS00170	18	100.0	267	0	0	1	267	8556	8290	1.2399999999999996e-140	494.0
CG806_RS00175	18	99.743	777	2	0	1	777	8128	7352	0.0	1424.0
CG806_RS00180	18	99.851	1341	2	0	1	1341	7361	6021	0.0	2466.0
CG806_RS00185	18	100.0	477	0	0	1	477	5881	5405	0.0	881.0
CG806_RS00190	18	100.0	243	0	0	1	243	4944	5186	2.4599999999999994e-127	449.0
CG806_RS00205	18	100.0	198	0	0	1	198	4468	4271	2.0299999999999997e-102	366.0
CG806_RS00210	18	100.0	936	0	0	1	936	4130	3195	0.0	1729.0
CG806_RS00215	18	100.0	444	0	0	1	444	2981	2538	0.0	821.0
CG806_RS00220	18	99.76899999999999	864	2	0	1	864	2548	1685	0.0	1585.0
CG806_RS00225	18	99.315	1314	9	0	1	1314	1561	248	0.0	2377.0
CG806_RS00225	20	96.794	1310	42	0	5	1314	26722	28031	0.0	2187.0
CG806_RS00330	27	98.462	195	2	1	1	195	2142	1949	3.3699999999999997e-95	342.0
CG806_RS00390	18	98.925	372	4	0	1	372	19039	19410	0.0	665.0
CG806_RS00395	18	99.40899999999999	846	5	0	1	846	18201	19046	0.0	1535.0
CG806_RS00490	20	98.4	375	6	0	1	375	32398	32772	0.0	660.0
CG806_RS00630	13	98.039	357	4	1	1	357	3584	3231	9.589999999999997e-178	617.0
CG806_RS00830	18	100.0	111	0	0	1	111	20154	20044	2.4200000000000002e-54	206.0
CG806_RS00835	18	98.316	297	3	2	1	296	19804	19509	2.2899999999999994e-148	520.0
CSW12_RS30015	8	95.946	74	3	0	1	74	288	361	5.4e-29	121.0
CX663_RS14935	18	98.319	357	6	0	1	357	38138	38494	1.5899999999999997e-180	627.0
CX663_RS14940	18	100.0	267	0	0	1	267	38484	38750	1.2399999999999996e-140	494.0
CX663_RS14945	18	99.301	1002	7	0	1	1002	38909	39910	0.0	1812.0
CX663_RS15125	18	99.656	1163	3	1	1	1163	23795	24956	0.0	2124.0
CX663_RS16325	18	99.57	1163	4	1	1	1163	23795	24956	0.0	2119.0
CO993_RS15365	18	99.656	1163	3	1	1	1163	23795	24956	0.0	2124.0
CO993_RS15450	18	99.57	1163	4	1	1	1163	23795	24956	0.0	2119.0
CO999_RS15415	18	99.656	1163	3	1	1	1163	23795	24956	0.0	2124.0
CO999_RS15500	18	99.57	1163	4	1	1	1163	23795	24956	0.0	2119.0
CO997_RS15415	18	99.656	1163	3	1	1	1163	23795	24956	0.0	2124.0
CO997_RS15500	18	99.57	1163	4	1	1	1163	23795	24956	0.0	2119.0
CO996_RS15405	18	99.656	1163	3	1	1	1163	23795	24956	0.0	2124.0
CO996_RS15490	18	99.57	1163	4	1	1	1163	23795	24956	0.0	2119.0
CO994_RS15395	18	99.656	1163	3	1	1	1163	23795	24956	0.0	2124.0
CO994_RS15480	18	99.57	1163	4	1	1	1163	23795	24956	0.0	2119.0
CO995_RS15395	18	99.656	1163	3	1	1	1163	23795	24956	0.0	2124.0
CO995_RS15480	18	99.57	1163	4	1	1	1163	23795	24956	0.0	2119.0
CO998_RS15395	18	99.656	1163	3	1	1	1163	23795	24956	0.0	2124.0
CO998_RS15480	18	99.57	1163	4	1	1	1163	23795	24956	0.0	2119.0
BXT96_RS15060	18	99.484	1163	5	1	1	1163	23795	24956	0.0	2113.0
BXT96_RS16050	18	99.656	1163	3	1	1	1163	23795	24956	0.0	2124.0
BXT96_RS16115	18	99.57	1163	4	1	1	1163	23795	24956	0.0	2119.0
C1940_RS16680	8	95.946	74	3	0	1	74	288	361	5.4e-29	121.0
BWI86_RS26310	11	96.552	87	3	0	1	87	18297	18383	3.9599999999999996e-36	145.0
BWI86_RS26315	11	96.042	1920	76	0	1	1920	18399	20318	0.0	3125.0
C3K24_RS26755	11	97.5	1920	48	0	1	1920	18399	20318	0.0	3280.0
C3K24_RS26760	11	100.0	87	0	0	1	87	18297	18383	3.9299999999999993e-41	161.0
CU052_RS27680	11	96.552	87	3	0	1	87	18297	18383	3.9599999999999996e-36	145.0
E3T57_RS00045	11	100.0	87	0	0	1	87	18297	18383	3.9299999999999993e-41	161.0
E3O52_RS00145	11	100.0	87	0	0	1	87	18297	18383	3.9299999999999993e-41	161.0
E3O61_RS00020	11	100.0	87	0	0	1	87	18297	18383	3.9299999999999993e-41	161.0
E3T45_RS00135	11	100.0	87	0	0	1	87	18297	18383	3.9299999999999993e-41	161.0
E3T36_RS00190	11	100.0	87	0	0	1	87	18297	18383	3.9299999999999993e-41	161.0
E3O43_RS00075	11	100.0	87	0	0	1	87	18297	18383	3.9299999999999993e-41	161.0
E3O58_RS00310	11	100.0	87	0	0	1	87	18297	18383	3.9299999999999993e-41	161.0
FNZ59_RS24420	11	96.552	87	3	0	1	87	18297	18383	3.9599999999999996e-36	145.0
FNZ59_RS24425	11	96.042	1920	76	0	1	1920	18399	20318	0.0	3125.0
GQN55_RS01165	11	96.581	117	4	0	1	117	18267	18383	5.59e-51	195.0
GQN55_RS01170	11	96.042	1920	76	0	1	1920	18399	20318	0.0	3125.0
AL023_RS15620	18	99.656	1163	3	1	1	1163	23795	24956	0.0	2124.0
AL023_RS15690	18	99.57	1163	4	1	1	1163	23795	24956	0.0	2119.0
AL023_RS16200	18	99.484	1163	5	1	1	1163	23795	24956	0.0	2113.0
EBB55_RS14645	18	99.57	1163	4	1	1	1163	23795	24956	0.0	2119.0
EBB55_RS14795	18	99.57	1163	4	1	1	1163	23795	24956	0.0	2119.0
EBB55_RS14870	18	99.656	1163	3	1	1	1163	23795	24956	0.0	2124.0
EBB55_RS15955	18	99.656	1163	3	1	1	1163	23795	24956	0.0	2124.0
C7I31_RS14115	18	99.787	939	2	0	1	939	27403	26465	0.0	1724.0
C7I31_RS14120	18	99.904	1038	1	0	1	1038	26439	25402	0.0	1912.0
C7I31_RS14125	33	99.22	513	4	0	1	513	565	53	0.0	926.0
C7I31_RS14130	18	99.624	1064	3	1	1	1064	23795	24857	0.0	1941.0
C7I31_RS14145	27	95.63799999999999	298	12	1	15	312	2800	2504	1.4699999999999995e-135	477.0
C7I31_RS14260	18	99.484	1163	5	1	1	1163	23795	24956	0.0	2113.0
C7I31_RS14280	18	99.484	1163	5	1	1	1163	23795	24956	0.0	2113.0
C7I31_RS14310	18	97.65299999999999	213	5	0	1	213	35951	36163	2.1999999999999997e-102	366.0
C7I32_RS15330	13	99.221	385	3	0	1	385	3209	2825	0.0	695.0
C7I32_RS15335	13	98.039	357	4	1	1	357	3584	3231	9.589999999999997e-178	617.0
C7I32_RS15405	18	97.306	297	6	2	1	296	19804	19509	2.299999999999999e-143	503.0
C7I32_RS15455	18	99.54799999999999	885	4	0	1	885	53321	52437	0.0	1613.0
C7I32_RS15460	18	99.919	1239	1	0	1	1239	54659	53421	0.0	2283.0
C7I32_RS15465	18	100.0	2145	0	0	1	2145	56800	54656	0.0	3962.0
C7I32_RS15470	18	99.329	2982	20	0	1	2982	59793	56812	0.0	5397.0
C7I32_RS15475	18	100.0	192	0	0	1	192	60045	59854	4.249999999999999e-99	355.0
C7I32_RS15480	18	100.0	207	0	0	1	207	60285	60079	2.1199999999999997e-107	383.0
C7I32_RS15490	18	100.0	201	0	0	1	201	60689	60889	4.44e-104	372.0
C7I32_RS15495	18	99.619	1314	5	0	1	1314	1561	248	0.0	2399.0
C7I32_RS15495	20	96.947	1310	40	0	5	1314	26722	28031	0.0	2198.0
C7I32_RS15500	18	99.537	864	4	0	1	864	2548	1685	0.0	1574.0
C7I32_RS15505	18	99.09899999999999	444	1	1	1	441	2981	2538	0.0	795.0
C7I32_RS15510	18	99.145	936	8	0	1	936	4130	3195	0.0	1685.0
C7I32_RS15515	18	100.0	198	0	0	1	198	4468	4271	2.0299999999999997e-102	366.0
C7I32_RS15530	18	100.0	243	0	0	1	243	4944	5186	2.4599999999999994e-127	449.0
C7I32_RS15535	18	99.581	477	2	0	1	477	5881	5405	0.0	870.0
C7I32_RS15540	18	99.625	1335	5	0	1	1335	7355	6021	0.0	2438.0
C7I32_RS15545	18	99.87100000000001	777	1	0	1	777	8128	7352	0.0	1430.0
C7I32_RS15550	18	100.0	267	0	0	1	267	8556	8290	1.2399999999999996e-140	494.0
C7I32_RS15555	18	99.454	183	1	0	1	183	8745	8563	1.8899999999999997e-92	333.0
C7I32_RS15565	18	99.796	489	1	0	1	489	9651	9163	0.0	898.0
C7I32_RS15570	18	100.0	786	0	0	1	786	10442	9657	0.0	1452.0
C7I32_RS15580	18	99.867	2259	3	0	1	2259	13223	10965	0.0	4156.0
C7I32_RS15585	18	97.96	2353	40	6	1	2346	15561	13210	0.0	4072.0
C7I32_RS15605	18	99.915	2352	2	0	1	2352	15561	13210	0.0	4333.0
C7I32_RS15610	18	99.20100000000001	2252	15	3	1	2252	13223	10975	0.0	4056.0
C7I32_RS15740	18	98.64399999999999	295	3	1	1	294	19804	19510	6.359999999999999e-149	521.0
C7I32_RS15805	13	97.74	354	8	0	1	354	3584	3231	1.5899999999999995e-175	610.0
E5N98_RS25200	11	96.042	1920	76	0	1	1920	18399	20318	0.0	3125.0
E5N98_RS25205	11	96.581	117	4	0	1	117	18267	18383	5.59e-51	195.0
E5N99_RS24820	11	96.042	1920	76	0	1	1920	18399	20318	0.0	3125.0
E5N99_RS24825	11	96.581	117	4	0	1	117	18267	18383	5.59e-51	195.0
E5O15_RS24950	11	96.667	1920	64	0	1	1920	18399	20318	0.0	3192.0
E5O15_RS24955	11	96.552	87	3	0	1	87	18297	18383	3.9599999999999996e-36	145.0
CVI53_RS24525	11	96.581	117	4	0	1	117	18267	18383	5.59e-51	195.0
CVI53_RS24530	11	96.042	1920	76	0	1	1920	18399	20318	0.0	3125.0
DOU32_RS14615	18	98.60600000000001	287	4	0	1	287	19804	19518	4.949999999999999e-145	508.0
DOU32_RS14620	18	100.0	111	0	0	1	111	20154	20044	2.4200000000000002e-54	206.0
DOU32_RS14630	18	99.715	351	1	0	1	351	20755	20405	0.0	643.0
DOU32_RS14635	18	99.323	1329	9	0	1	1329	22080	20752	0.0	2405.0
DOU32_RS14640	18	98.02	303	6	0	1	303	22810	22508	1.3999999999999997e-150	527.0
DOU32_RS14645	18	96.51700000000001	201	7	0	1	201	23031	22831	2.0999999999999996e-92	333.0
DOU32_RS14650	18	96.889	225	7	0	1	225	23316	23092	1.0799999999999999e-105	377.0
DOU31_RS14595	18	96.889	225	7	0	1	225	23316	23092	1.0799999999999999e-105	377.0
DOU31_RS14600	18	96.51700000000001	201	7	0	1	201	23031	22831	2.0999999999999996e-92	333.0
DOU31_RS14605	18	98.02	303	6	0	1	303	22810	22508	1.3999999999999997e-150	527.0
DOU31_RS14610	18	99.323	1329	9	0	1	1329	22080	20752	0.0	2405.0
DOU31_RS14615	18	99.43	351	2	0	1	351	20755	20405	0.0	638.0
DOU31_RS14625	18	100.0	111	0	0	1	111	20154	20044	2.4200000000000002e-54	206.0
DOU31_RS14630	18	98.60600000000001	287	4	0	1	287	19804	19518	4.949999999999999e-145	508.0
DOU31_RS14655	18	99.675	615	2	0	1	615	40893	40279	0.0	1125.0
DOU31_RS14905	13	98.319	357	3	1	1	357	3584	3231	2.0599999999999996e-179	623.0
DOU31_RS14910	13	96.48299999999999	3895	121	8	1	3882	7537	3646	0.0	6420.0
DOU31_RS14980	18	96.167	287	11	0	1	287	19804	19518	2.3599999999999994e-133	470.0
DOU31_RS15100	18	99.807	1038	2	0	1	1038	26439	25402	0.0	1906.0
DOU31_RS15105	18	100.0	939	0	0	1	939	27403	26465	0.0	1735.0
EFAU085_RS14765	18	99.57	1163	4	1	1	1163	23795	24956	0.0	2119.0
EFAU085_RS15125	18	99.14	1163	9	1	1	1163	23795	24956	0.0	2091.0
EFAU085_RS15980	18	99.656	1163	3	1	1	1163	23795	24956	0.0	2124.0
DR75_RS00015	18	100.0	786	0	0	1	786	10442	9657	0.0	1452.0
DR75_RS00025	18	99.823	2259	4	0	1	2259	13223	10965	0.0	4150.0
DR75_RS00030	18	98.895	2352	26	0	1	2352	15561	13210	0.0	4200.0
DR75_RS15270	18	100.0	984	0	0	1	984	16675	15692	0.0	1818.0
DR75_RS15275	18	99.90100000000001	1011	0	1	1	1010	17729	16719	0.0	1860.0
DR75_RS00065	18	100.0	846	0	0	1	846	18201	19046	0.0	1563.0
DR75_RS00070	18	100.0	372	0	0	1	372	19039	19410	0.0	688.0
DR75_RS00075	18	100.0	291	0	0	1	291	19804	19514	6.169999999999999e-154	538.0
DR75_RS15315	18	100.0	111	0	0	1	111	20154	20044	2.4200000000000002e-54	206.0
DR75_RS00165	34	100.0	960	0	0	1	960	99	1058	0.0	1773.0
DR75_RS00260	18	100.0	1356	0	0	1	1356	51844	50489	0.0	2505.0
DR75_RS00265	18	100.0	948	0	0	1	948	50511	49564	0.0	1751.0
DR75_RS00270	18	99.796	490	1	0	1	490	48733	48244	0.0	900.0
DR75_RS00275	18	100.0	611	0	0	1	611	47880	47270	0.0	1129.0
DR75_RS00290	20	98.84100000000001	345	4	0	1	345	31921	31577	3.3299999999999982e-177	616.0
DR75_RS00335	18	98.667	225	3	0	1	225	23316	23092	2.3099999999999995e-112	399.0
DR75_RS00340	18	96.667	210	7	0	1	210	23031	22822	2.1899999999999992e-97	350.0
DR75_RS00345	18	96.04	303	12	0	1	303	22810	22508	1.4199999999999995e-140	494.0
DR75_RS00350	18	98.345	1329	22	0	1	1329	22080	20752	0.0	2333.0
DR75_RS00355	18	98.291	351	6	0	1	351	20755	20405	3.3899999999999987e-177	616.0
DR75_RS00415	13	96.45100000000001	2226	79	0	1	2226	5871	3646	0.0	3674.0
DR75_RS00420	13	98.319	357	3	1	1	357	3584	3231	2.0599999999999996e-179	623.0
DR75_RS00580	18	99.848	1314	2	0	1	1314	1561	248	0.0	2416.0
DR75_RS00580	20	97.023	1310	39	0	5	1314	26722	28031	0.0	2204.0
DR75_RS00585	18	100.0	201	0	0	1	201	60689	60889	4.44e-104	372.0
DR75_RS00595	18	100.0	207	0	0	1	207	60285	60079	2.1199999999999997e-107	383.0
DR75_RS00600	18	100.0	192	0	0	1	192	60045	59854	4.249999999999999e-99	355.0
DR75_RS00605	18	99.363	2982	19	0	1	2982	59793	56812	0.0	5402.0
DR75_RS00610	18	100.0	2145	0	0	1	2145	56800	54656	0.0	3962.0
DR75_RS00615	18	100.0	1239	0	0	1	1239	54659	53421	0.0	2289.0
DR75_RS00620	18	99.774	885	2	0	1	885	53321	52437	0.0	1624.0
LSJ_RS12040	11	100.0	117	0	0	1	117	18267	18383	1.19e-57	217.0
LSJ_RS11435	11	97.18799999999999	1920	54	0	1	1920	18399	20318	0.0	3247.0
BMQ_RS26035	24	98.611	72	1	0	1	72	16227	16156	3.11e-31	128.0
BMQ_RS26035	8	98.611	72	1	0	1	72	876	947	3.11e-31	128.0
BMQ_RS26035	8	98.611	72	1	0	1	72	1642	1713	3.11e-31	128.0
BMQ_RS26045	8	97.29700000000001	74	2	0	1	74	788	861	1.22e-30	126.0
BMQ_RS26045	8	97.29700000000001	74	2	0	1	74	1455	1528	1.22e-30	126.0
BMQ_RS26065	51	98.63	73	1	0	1	73	13	85	9.3e-32	130.0
BMQ_RS26065	8	98.63	73	1	0	1	73	98	170	9.3e-32	130.0
BMQ_RS26070	21	100.0	74	0	0	1	74	31689	31616	5.65e-34	137.0
BMQ_RS26070	8	100.0	74	0	0	1	74	11	84	5.65e-34	137.0
AL018_RS14640	18	99.484	1163	5	1	1	1163	23795	24956	0.0	2113.0
AL018_RS15310	18	99.656	1163	3	1	1	1163	23795	24956	0.0	2124.0
AL018_RS15375	18	99.57	1163	4	1	1	1163	23795	24956	0.0	2119.0
AL025_RS14760	18	99.57	1163	4	1	1	1163	23795	24956	0.0	2119.0
AL025_RS14825	18	99.57	1163	4	1	1	1163	23795	24956	0.0	2119.0
AL020_RS14205	18	99.484	1163	5	1	1	1163	23795	24956	0.0	2113.0
AL020_RS14610	18	99.57	1163	4	1	1	1163	23795	24956	0.0	2119.0
AL020_RS14670	18	99.656	1163	3	1	1	1163	23795	24956	0.0	2124.0
AL016_RS14990	18	99.484	1163	5	1	1	1163	23795	24956	0.0	2113.0
AL016_RS15655	18	99.656	1163	3	1	1	1163	23795	24956	0.0	2124.0
AL016_RS15720	18	99.57	1163	4	1	1	1163	23795	24956	0.0	2119.0
AL015_RS15785	18	99.57	1163	4	1	1	1163	23795	24956	0.0	2119.0
AL015_RS15875	18	99.656	1163	3	1	1	1163	23795	24956	0.0	2124.0
AL021_RS15585	18	99.656	1163	3	1	1	1163	23795	24956	0.0	2124.0
AL021_RS15645	18	99.57	1163	4	1	1	1163	23795	24956	0.0	2119.0
AL021_RS15895	18	99.301	1002	7	0	1	1002	38909	39910	0.0	1812.0
AL021_RS15900	18	100.0	267	0	0	1	267	38484	38750	1.2399999999999996e-140	494.0
AL021_RS15905	18	98.045	358	6	1	1	358	38138	38494	7.439999999999998e-179	621.0
AL021_RS15945	18	99.484	1163	5	1	1	1163	23795	24956	0.0	2113.0
AL021_RS16240	18	99.656	1163	3	1	1	1163	23795	24956	0.0	2124.0
AL021_RS16690	18	99.57	1163	4	1	1	1163	23795	24956	0.0	2119.0
AL017_RS15220	18	99.656	1163	3	1	1	1163	23795	24956	0.0	2124.0
AL017_RS15285	18	99.57	1163	4	1	1	1163	23795	24956	0.0	2119.0
AL017_RS15745	18	99.484	1163	5	1	1	1163	23795	24956	0.0	2113.0
LL275_RS13025	34	99.27799999999999	969	7	0	1	969	99	1067	0.0	1751.0
LL275_RS13580	18	100.0	456	0	0	10	465	25857	25402	0.0	843.0
LLUL8_RS12590	34	99.271	960	7	0	1	960	99	1058	0.0	1735.0
LL158_RS12580	18	99.711	1038	3	0	1	1038	26439	25402	0.0	1901.0
LL158_RS12585	18	99.361	939	6	0	1	939	27403	26465	0.0	1701.0
GWC90_RS00325	11	95.26299999999999	190	7	2	1	189	62918	63106	1.9899999999999998e-82	300.0
GWC90_RS00350	11	96.23700000000001	186	7	0	1	186	64753	64938	4.19e-84	305.0
GWC90_RS00395	11	95.0	220	9	2	1	219	69907	70125	1.0599999999999997e-95	344.0
GWC90_RS00400	11	96.581	117	4	0	1	117	70158	70274	5.59e-51	195.0
GWC90_RS01315	18	99.484	1163	5	1	1	1163	23795	24956	0.0	2113.0
GWC90_RS01375	34	98.958	960	10	0	1	960	99	1058	0.0	1718.0
GWC90_RS02080	31	96.69	1571	43	7	3	1568	210	1776	0.0	2604.0
GWC90_RS02085	30	95.786	2919	115	8	1	2916	125	3038	0.0	4702.0
GWC90_RS02090	30	95.69	116	5	0	1	116	3135	3250	9.259999999999998e-49	187.0
GWC90_RS03360	2	98.649	74	1	0	1	74	166345	166272	2.49e-32	132.0
GWC90_RS04285	31	96.69	1571	43	7	3	1568	210	1776	0.0	2604.0
GWC90_RS04290	51	100.0	73	0	0	1	73	13	85	1.8899999999999996e-33	135.0
GWC90_RS04290	8	100.0	73	0	0	1	73	98	170	1.8899999999999996e-33	135.0
GWC90_RS04295	30	95.786	2919	115	8	1	2916	125	3038	0.0	4702.0
GWC90_RS04300	30	95.652	115	5	0	2	116	3136	3250	3.33e-48	185.0
GWC90_RS04305	54	100.0	74	0	0	1	74	5	78	5.36e-34	137.0
GWC90_RS04315	24	98.611	72	1	0	1	72	16227	16156	3.11e-31	128.0
GWC90_RS04315	8	98.611	72	1	0	1	72	876	947	3.11e-31	128.0
GWC90_RS04315	8	98.611	72	1	0	1	72	1642	1713	3.11e-31	128.0
GWC90_RS04320	41	97.26	73	2	0	1	73	13	85	4.0999999999999996e-30	124.0
GWC90_RS04320	24	97.26	73	2	0	1	73	16128	16056	4.0999999999999996e-30	124.0
GWC90_RS04325	24	97.26	73	2	0	1	73	16045	15973	4.0999999999999996e-30	124.0
GWC90_RS04335	24	97.531	81	2	0	1	81	15846	15766	1.6799999999999998e-34	139.0
GWC90_RS04335	1	97.531	81	2	0	1	81	322292	322212	1.6799999999999998e-34	139.0
GWC90_RS04340	24	97.29700000000001	74	2	0	1	74	15761	15688	1.1599999999999999e-30	126.0
GWC90_RS04350	24	97.22200000000001	72	2	0	1	72	15564	15493	1.4499999999999998e-29	122.0
GWC90_RS04350	1	97.22200000000001	72	2	0	1	72	322202	322131	1.4499999999999998e-29	122.0
GWC90_RS04355	24	100.0	71	0	0	1	71	15467	15397	2.3599999999999997e-32	132.0
GWC90_RS04370	24	97.22200000000001	72	2	0	1	72	15564	15493	1.4499999999999998e-29	122.0
GWC90_RS04370	1	97.22200000000001	72	2	0	1	72	322202	322131	1.4499999999999998e-29	122.0
GWC90_RS04375	24	100.0	71	0	0	1	71	15467	15397	2.3599999999999997e-32	132.0
GWC90_RS05680	34	98.958	960	10	0	1	960	99	1058	0.0	1718.0
GWC90_RS08055	18	99.656	1163	3	1	1	1163	23795	24956	0.0	2124.0
GWC90_RS08395	18	99.656	1163	3	1	1	1163	23795	24956	0.0	2124.0
GWC90_RS09005	34	98.854	960	11	0	1	960	99	1058	0.0	1712.0
GWC90_RS09130	24	97.22200000000001	72	2	0	1	72	15564	15493	1.4499999999999998e-29	122.0
GWC90_RS09130	1	97.22200000000001	72	2	0	1	72	322202	322131	1.4499999999999998e-29	122.0
GWC90_RS09135	24	97.531	81	2	0	1	81	15846	15766	1.6799999999999998e-34	139.0
GWC90_RS09135	1	97.531	81	2	0	1	81	322292	322212	1.6799999999999998e-34	139.0
GWC90_RS09305	4	97.22200000000001	72	2	0	1	72	27365	27436	1.4499999999999998e-29	122.0
GWC90_RS09830	54	100.0	74	0	0	1	74	5	78	5.36e-34	137.0
GWC90_RS09850	18	99.656	1163	3	1	1	1163	23795	24956	0.0	2124.0
GWC90_RS09855	54	100.0	74	0	0	1	74	5	78	5.36e-34	137.0
GWC90_RS09860	30	95.69	116	5	0	1	116	3135	3250	9.259999999999998e-49	187.0
GWC90_RS09865	30	95.786	2919	115	8	1	2916	125	3038	0.0	4702.0
GWC90_RS09870	31	96.69	1571	43	7	3	1568	210	1776	0.0	2604.0
GWC90_RS11500	30	95.69	116	5	0	1	116	3135	3250	9.259999999999998e-49	187.0
GWC90_RS11505	30	95.786	2919	115	8	1	2916	125	3038	0.0	4702.0
GWC90_RS11510	31	96.69	1571	43	7	3	1568	210	1776	0.0	2604.0
GWC90_RS11515	34	98.958	960	10	0	1	960	99	1058	0.0	1718.0
GWC90_RS11910	24	98.611	72	1	0	1	72	16227	16156	3.11e-31	128.0
GWC90_RS11910	8	98.611	72	1	0	1	72	876	947	3.11e-31	128.0
GWC90_RS11910	8	98.611	72	1	0	1	72	1642	1713	3.11e-31	128.0
GWC90_RS11915	8	100.0	74	0	0	1	74	788	861	5.36e-34	137.0
GWC90_RS11915	8	100.0	74	0	0	1	74	1455	1528	5.36e-34	137.0
GWC90_RS11920	8	100.0	71	0	0	1	71	708	778	2.3599999999999997e-32	132.0
GWC90_RS11920	8	100.0	71	0	0	1	71	1371	1441	2.3599999999999997e-32	132.0
GWC90_RS11925	8	100.0	73	0	0	1	73	1284	1356	1.8899999999999996e-33	135.0
GWC90_RS11930	24	97.26	73	2	0	1	73	16045	15973	4.0999999999999996e-30	124.0
GWC90_RS11935	8	95.946	74	3	0	1	74	518	591	5.4e-29	121.0
GWC90_RS11935	8	95.946	74	3	0	1	74	1083	1156	5.4e-29	121.0
GWC90_RS11940	8	100.0	90	0	0	1	90	395	484	8.829999999999998e-43	167.0
GWC90_RS11940	8	100.0	90	0	0	1	90	960	1049	8.829999999999998e-43	167.0
GWC90_RS11945	24	98.611	72	1	0	1	72	16227	16156	3.11e-31	128.0
GWC90_RS11945	8	98.611	72	1	0	1	72	876	947	3.11e-31	128.0
GWC90_RS11945	8	98.611	72	1	0	1	72	1642	1713	3.11e-31	128.0
GWC90_RS11950	8	100.0	88	0	0	1	88	1539	1626	1.11e-41	163.0
GWC90_RS11955	8	100.0	74	0	0	1	74	788	861	5.36e-34	137.0
GWC90_RS11955	8	100.0	74	0	0	1	74	1455	1528	5.36e-34	137.0
GWC90_RS11960	8	100.0	71	0	0	1	71	708	778	2.3599999999999997e-32	132.0
GWC90_RS11960	8	100.0	71	0	0	1	71	1371	1441	2.3599999999999997e-32	132.0
GWC90_RS11965	24	97.368	76	2	0	1	76	16045	15970	9.3e-32	130.0
GWC90_RS11970	8	95.946	74	3	0	1	74	518	591	5.4e-29	121.0
GWC90_RS11970	8	95.946	74	3	0	1	74	1083	1156	5.4e-29	121.0
GWC90_RS11975	8	100.0	90	0	0	1	90	395	484	8.829999999999998e-43	167.0
GWC90_RS11975	8	100.0	90	0	0	1	90	960	1049	8.829999999999998e-43	167.0
GWC90_RS11980	8	100.0	74	0	0	1	74	288	361	5.36e-34	137.0
GWC90_RS11985	8	100.0	74	0	0	1	74	194	267	5.36e-34	137.0
GWC90_RS11990	51	100.0	73	0	0	1	73	13	85	1.8899999999999996e-33	135.0
GWC90_RS11990	8	100.0	73	0	0	1	73	98	170	1.8899999999999996e-33	135.0
GWC90_RS11995	21	100.0	74	0	0	1	74	31689	31616	5.36e-34	137.0
GWC90_RS11995	8	100.0	74	0	0	1	74	11	84	5.36e-34	137.0
GWC90_RS12005	41	100.0	86	0	0	1	86	436	521	1.3899999999999999e-40	159.0
GWC90_RS12010	41	100.0	72	0	0	1	72	349	420	6.679999999999999e-33	134.0
GWC90_RS12015	41	100.0	73	0	0	1	73	269	341	1.8899999999999996e-33	135.0
GWC90_RS12020	41	96.34100000000001	82	3	0	1	82	181	262	2.21e-33	135.0
GWC90_RS12025	41	100.0	73	0	0	1	73	92	164	1.8899999999999996e-33	135.0
GWC90_RS12030	41	97.26	73	2	0	1	73	13	85	4.0999999999999996e-30	124.0
GWC90_RS12030	24	97.26	73	2	0	1	73	16128	16056	4.0999999999999996e-30	124.0
GWC90_RS12035	30	95.69	116	5	0	1	116	3135	3250	9.259999999999998e-49	187.0
GWC90_RS12040	30	95.786	2919	115	8	1	2916	125	3038	0.0	4702.0
GWC90_RS12045	51	100.0	73	0	0	1	73	13	85	1.8899999999999996e-33	135.0
GWC90_RS12045	8	100.0	73	0	0	1	73	98	170	1.8899999999999996e-33	135.0
GWC90_RS12050	31	96.626	1571	44	7	3	1568	210	1776	0.0	2599.0
GWC90_RS12795	21	100.0	74	0	0	1	74	31689	31616	5.36e-34	137.0
GWC90_RS12795	8	100.0	74	0	0	1	74	11	84	5.36e-34	137.0
GWC90_RS12805	41	100.0	86	0	0	1	86	436	521	1.3899999999999999e-40	159.0
GWC90_RS12810	41	100.0	72	0	0	1	72	349	420	6.679999999999999e-33	134.0
GWC90_RS12815	41	100.0	73	0	0	1	73	269	341	1.8899999999999996e-33	135.0
GWC90_RS12820	41	96.34100000000001	82	3	0	1	82	181	262	2.21e-33	135.0
GWC90_RS12825	41	100.0	73	0	0	1	73	92	164	1.8899999999999996e-33	135.0
GWC90_RS12830	41	97.26	73	2	0	1	73	13	85	4.0999999999999996e-30	124.0
GWC90_RS12830	24	97.26	73	2	0	1	73	16128	16056	4.0999999999999996e-30	124.0
GWC90_RS12835	30	95.69	116	5	0	1	116	3135	3250	9.259999999999998e-49	187.0
GWC90_RS12840	30	95.786	2919	115	8	1	2916	125	3038	0.0	4702.0
GWC90_RS12845	31	96.69	1571	43	7	3	1568	210	1776	0.0	2604.0
M7W_RS12855	18	99.656	1163	3	1	1	1163	23795	24956	0.0	2124.0
M7W_RS13260	18	99.656	1163	3	1	1	1163	23795	24956	0.0	2124.0
M7W_RS13375	18	99.484	1163	5	1	1	1163	23795	24956	0.0	2113.0
M7W_RS13555	18	99.656	1163	3	1	1	1163	23795	24956	0.0	2124.0
LL229_RS12845	18	99.904	1038	1	0	1	1038	26439	25402	0.0	1912.0
LL229_RS12850	18	99.574	939	4	0	1	939	27403	26465	0.0	1712.0
LL229_RS13000	34	99.271	960	7	0	1	960	99	1058	0.0	1735.0
CCS05_RS12715	11	100.0	117	0	0	1	117	18267	18383	1.19e-57	217.0
CCS05_RS12720	11	97.396	1920	50	0	1	1920	18399	20318	0.0	3269.0
BMWSH_RS25170	21	100.0	74	0	0	1	74	31689	31616	5.65e-34	137.0
BMWSH_RS25170	8	100.0	74	0	0	1	74	11	84	5.65e-34	137.0
BMWSH_RS25175	51	98.63	73	1	0	1	73	13	85	9.3e-32	130.0
BMWSH_RS25175	8	98.63	73	1	0	1	73	98	170	9.3e-32	130.0
BMWSH_RS25195	8	97.29700000000001	74	2	0	1	74	788	861	1.1599999999999999e-30	126.0
BMWSH_RS25195	8	97.29700000000001	74	2	0	1	74	1455	1528	1.1599999999999999e-30	126.0
BMWSH_RS25200	24	98.611	72	1	0	1	72	16227	16156	3.11e-31	128.0
BMWSH_RS25200	8	98.611	72	1	0	1	72	876	947	3.11e-31	128.0
BMWSH_RS25200	8	98.611	72	1	0	1	72	1642	1713	3.11e-31	128.0
AS52_RS25995	24	98.611	72	1	0	1	72	16227	16156	3.11e-31	128.0
AS52_RS25995	8	98.611	72	1	0	1	72	876	947	3.11e-31	128.0
AS52_RS25995	8	98.611	72	1	0	1	72	1642	1713	3.11e-31	128.0
AS52_RS26000	8	97.29700000000001	74	2	0	1	74	788	861	1.1599999999999999e-30	126.0
AS52_RS26000	8	97.29700000000001	74	2	0	1	74	1455	1528	1.1599999999999999e-30	126.0
AS52_RS26020	51	98.63	73	1	0	1	73	13	85	9.3e-32	130.0
AS52_RS26020	8	98.63	73	1	0	1	73	98	170	9.3e-32	130.0
AS52_RS26025	21	100.0	74	0	0	1	74	31689	31616	5.65e-34	137.0
AS52_RS26025	8	100.0	74	0	0	1	74	11	84	5.65e-34	137.0
Y979_RS24780	11	97.5	1920	48	0	1	1920	18399	20318	0.0	3280.0
Y979_RS29125	11	100.0	117	0	0	1	117	18267	18383	1.19e-57	217.0
BE962_RS00870	11	100.0	87	0	0	1	87	18297	18383	3.9299999999999993e-41	161.0
BE962_RS00875	11	97.448	1920	49	0	1	1920	18399	20318	0.0	3275.0
EGCR1_RS18420	33	99.83	1179	2	0	1	1179	1231	53	0.0	2167.0
EGCR1_RS18495	18	99.74	384	1	0	1	384	37701	38084	0.0	704.0
EGCR1_RS18500	18	96.07799999999999	357	14	0	1	357	38138	38494	3.4999999999999984e-167	582.0
EGCR1_RS18505	18	99.251	267	2	0	1	267	38484	38750	2.6799999999999997e-137	483.0
CXB56_RS01710	11	99.145	117	1	0	1	117	18267	18383	5.549999999999999e-56	211.0
CXB56_RS01715	11	95.729	1920	82	0	1	1920	18399	20318	0.0	3092.0
D8N35_RS18115	18	95.5	600	27	0	1	600	27929	28528	0.0	959.0
EAH50_RS00200	11	96.042	1920	76	0	1	1920	18399	20318	0.0	3125.0
EAH50_RS00205	11	96.581	117	4	0	1	117	18267	18383	5.59e-51	195.0
GTK48_RS22870	11	96.581	117	4	0	1	117	18267	18383	5.59e-51	195.0
GTK48_RS22875	11	96.042	1920	76	0	1	1920	18399	20318	0.0	3125.0
GTK64_RS22615	11	96.581	117	4	0	1	117	18267	18383	5.59e-51	195.0
GTK64_RS22620	11	96.042	1920	76	0	1	1920	18399	20318	0.0	3125.0
EL353_RS14020	18	99.656	1163	3	1	1	1163	23795	24956	0.0	2124.0
EL353_RS14100	18	99.57	1163	4	1	1	1163	23795	24956	0.0	2119.0
EL353_RS14340	18	98.65700000000001	1191	16	0	1	1191	35951	37141	0.0	2111.0
EL353_RS14415	18	98.97399999999999	195	1	1	1	195	23795	23988	7.239999999999999e-97	348.0
EL353_RS14530	18	99.57	1163	4	1	1	1163	23795	24956	0.0	2119.0
EL353_RS14565	18	99.57	1163	4	1	1	1163	23795	24956	0.0	2119.0
EL353_RS14930	11	100.0	117	0	0	1	117	18267	18383	1.19e-57	217.0
DWB25_RS25010	11	96.042	1920	76	0	1	1920	18399	20318	0.0	3125.0
DWB25_RS25015	11	96.581	117	4	0	1	117	18267	18383	5.59e-51	195.0
BtSCAC15_RS29715	8	95.946	74	3	0	1	74	288	361	5.4e-29	121.0
ENE68_RS22425	11	99.145	117	1	0	1	117	18267	18383	5.549999999999999e-56	211.0
ENE68_RS22430	11	97.448	1920	48	1	1	1919	18399	20318	0.0	3273.0
CRG85_RS23675	11	100.0	117	0	0	1	117	18267	18383	1.19e-57	217.0
CRG85_RS23680	11	97.5	1920	48	0	1	1920	18399	20318	0.0	3280.0
EQB37_RS14415	18	99.656	1163	3	1	1	1163	23795	24956	0.0	2124.0
EQB37_RS14485	18	99.656	1163	3	1	1	1163	23795	24956	0.0	2124.0
EQB37_RS15660	18	99.656	1163	3	1	1	1163	23795	24956	0.0	2124.0
EQB50_RS13655	18	99.398	1163	5	2	1	1162	23795	24956	0.0	2108.0
EQB50_RS13940	18	99.656	1163	3	1	1	1163	23795	24956	0.0	2124.0
EQB53_RS13590	18	99.742	1163	2	1	1	1163	23795	24956	0.0	2130.0
EQB53_RS13755	18	99.656	1163	3	1	1	1163	23795	24956	0.0	2124.0
EQB53_RS14020	18	99.57	1163	4	1	1	1163	23795	24956	0.0	2119.0
EQB39_RS14715	18	99.656	1163	3	1	1	1163	23795	24956	0.0	2124.0
EQB39_RS14785	18	99.656	1163	3	1	1	1163	23795	24956	0.0	2124.0
EQB39_RS15760	18	99.57	1163	4	1	1	1163	23795	24956	0.0	2119.0
EQB45_RS15345	18	98.319	357	6	0	1	357	38138	38494	1.5899999999999997e-180	627.0
EQB45_RS15350	18	100.0	267	0	0	1	267	38484	38750	1.2399999999999996e-140	494.0
EQB45_RS15355	18	99.301	1002	7	0	1	1002	38909	39910	0.0	1812.0
EQB45_RS15535	18	99.57	1163	4	1	1	1163	23795	24956	0.0	2119.0
EQB49_RS14550	18	99.656	1163	3	1	1	1163	23795	24956	0.0	2124.0
EQB49_RS14865	18	99.656	1163	3	1	1	1163	23795	24956	0.0	2124.0
EQB49_RS14920	18	99.57	1163	4	1	1	1163	23795	24956	0.0	2119.0
EQB49_RS15380	18	97.75299999999999	267	6	0	1	267	38484	38750	1.2599999999999997e-130	460.0
EQB49_RS15385	18	96.07799999999999	357	14	0	1	357	38138	38494	3.4999999999999984e-167	582.0
EQB49_RS15400	18	95.5	600	27	0	1	600	27929	28528	0.0	959.0
EQB49_RS15435	18	99.57	1163	4	1	1	1163	23795	24956	0.0	2119.0
EQB49_RS15900	34	98.646	960	13	0	1	960	99	1058	0.0	1701.0
EQB56_RS15140	18	99.656	1163	3	1	1	1163	23795	24956	0.0	2124.0
EQB56_RS15460	18	99.656	1163	3	1	1	1163	23795	24956	0.0	2124.0
EQB56_RS15525	18	99.656	1163	3	1	1	1163	23795	24956	0.0	2124.0
EQB56_RS16100	18	97.75299999999999	267	6	0	1	267	38484	38750	1.2599999999999997e-130	460.0
EQB56_RS16105	18	96.07799999999999	357	14	0	1	357	38138	38494	3.4999999999999984e-167	582.0
EQB56_RS16120	18	95.5	600	27	0	1	600	27929	28528	0.0	959.0
EQB56_RS16155	18	99.484	1163	5	1	1	1163	23795	24956	0.0	2113.0
EQB56_RS16725	34	98.646	960	13	0	1	960	99	1058	0.0	1701.0
EQB38_RS15725	18	99.656	1163	3	1	1	1163	23795	24956	0.0	2124.0
EQB38_RS16105	18	99.57	1163	4	1	1	1163	23795	24956	0.0	2119.0
EQB38_RS16420	18	97.75299999999999	267	6	0	1	267	38484	38750	1.2599999999999997e-130	460.0
EQB38_RS16425	18	96.07799999999999	357	14	0	1	357	38138	38494	3.4999999999999984e-167	582.0
EQB38_RS16440	18	95.5	600	27	0	1	600	27929	28528	0.0	959.0
EQB38_RS16475	18	99.656	1163	3	1	1	1163	23795	24956	0.0	2124.0
EQB38_RS16915	34	98.646	960	13	0	1	960	99	1058	0.0	1701.0
EQB55_RS13580	18	99.656	1163	3	1	1	1163	23795	24956	0.0	2124.0
EQB55_RS13990	18	99.656	1163	3	1	1	1163	23795	24956	0.0	2124.0
EQB55_RS14055	18	99.14299999999999	1167	4	5	1	1166	23795	24956	0.0	2095.0
EQB55_RS14900	18	99.616	781	2	1	1	781	23795	24574	0.0	1424.0
EQB55_RS14985	11	100.0	117	0	0	1	117	18267	18383	1.19e-57	217.0
EQB55_RS15115	18	99.48700000000001	390	2	0	1	390	24567	24956	0.0	710.0
EQB40_RS14220	18	98.319	357	6	0	1	357	38138	38494	1.5899999999999997e-180	627.0
EQB40_RS14225	18	100.0	267	0	0	1	267	38484	38750	1.2399999999999996e-140	494.0
EQB40_RS14230	18	99.301	1002	7	0	1	1002	38909	39910	0.0	1812.0
EQB40_RS14475	18	99.656	1163	3	1	1	1163	23795	24956	0.0	2124.0
EQB40_RS14535	18	99.656	1163	3	1	1	1163	23795	24956	0.0	2124.0
EQB54_RS15165	18	99.656	1163	3	1	1	1163	23795	24956	0.0	2124.0
EQB54_RS15485	18	99.656	1163	3	1	1	1163	23795	24956	0.0	2124.0
EQB54_RS15550	18	99.656	1163	3	1	1	1163	23795	24956	0.0	2124.0
EQB54_RS16125	18	97.75299999999999	267	6	0	1	267	38484	38750	1.2599999999999997e-130	460.0
EQB54_RS16130	18	96.07799999999999	357	14	0	1	357	38138	38494	3.4999999999999984e-167	582.0
EQB54_RS16145	18	95.5	600	27	0	1	600	27929	28528	0.0	959.0
EQB54_RS16180	18	99.656	1163	3	1	1	1163	23795	24956	0.0	2124.0
EQB54_RS16475	34	98.646	960	13	0	1	960	99	1058	0.0	1701.0
EQB57_RS15720	18	99.656	1163	3	1	1	1163	23795	24956	0.0	2124.0
EQB57_RS16020	18	99.656	1163	3	1	1	1163	23795	24956	0.0	2124.0
EQB57_RS16085	18	99.656	1163	3	1	1	1163	23795	24956	0.0	2124.0
EQB57_RS16620	18	97.75299999999999	267	6	0	1	267	38484	38750	1.2599999999999997e-130	460.0
EQB57_RS16625	18	96.07799999999999	357	14	0	1	357	38138	38494	3.4999999999999984e-167	582.0
EQB57_RS16640	18	95.5	600	27	0	1	600	27929	28528	0.0	959.0
EQB57_RS16675	18	99.656	1163	3	1	1	1163	23795	24956	0.0	2124.0
EQB48_RS15175	18	99.656	1163	3	1	1	1163	23795	24956	0.0	2124.0
EQB48_RS15495	18	99.656	1163	3	1	1	1163	23795	24956	0.0	2124.0
EQB48_RS15560	18	99.656	1163	3	1	1	1163	23795	24956	0.0	2124.0
EQB48_RS16135	18	97.75299999999999	267	6	0	1	267	38484	38750	1.2599999999999997e-130	460.0
EQB48_RS16140	18	96.07799999999999	357	14	0	1	357	38138	38494	3.4999999999999984e-167	582.0
EQB48_RS16155	18	95.5	600	27	0	1	600	27929	28528	0.0	959.0
EQB48_RS16190	18	99.484	1163	5	1	1	1163	23795	24956	0.0	2113.0
EQB52_RS14470	18	98.319	357	6	0	1	357	38138	38494	1.5899999999999997e-180	627.0
EQB52_RS14475	18	100.0	267	0	0	1	267	38484	38750	1.2399999999999996e-140	494.0
EQB52_RS14480	18	99.301	1002	7	0	1	1002	38909	39910	0.0	1812.0
EQB52_RS14645	18	99.57	1163	4	1	1	1163	23795	24956	0.0	2119.0
EQB52_RS14705	18	99.656	1163	3	1	1	1163	23795	24956	0.0	2124.0
EQB67_RS13045	18	99.32799999999999	1191	8	0	1	1191	35951	37141	0.0	2156.0
EQB67_RS13160	34	98.854	960	11	0	1	960	99	1058	0.0	1712.0
EQB63_RS14275	34	98.958	960	10	0	1	960	99	1058	0.0	1718.0
EQB63_RS14300	18	99.656	1163	3	1	1	1163	23795	24956	0.0	2124.0
EQB63_RS14405	18	96.22200000000001	1191	45	0	1	1191	35951	37141	0.0	1951.0
EQB63_RS14415	18	99.57	1163	4	1	1	1163	23795	24956	0.0	2119.0
EQB63_RS14575	18	99.57	1163	4	1	1	1163	23795	24956	0.0	2119.0
EQB63_RS14655	18	99.57	1163	4	1	1	1163	23795	24956	0.0	2119.0
EQB63_RS15920	18	99.57	1163	4	1	1	1163	23795	24956	0.0	2119.0
EQB61_RS13915	18	99.656	1163	3	1	1	1163	23795	24956	0.0	2124.0
EQB61_RS14500	18	99.656	1163	3	1	1	1163	23795	24956	0.0	2124.0
EQB61_RS14815	18	97.75299999999999	267	6	0	1	267	38484	38750	1.2599999999999997e-130	460.0
EQB61_RS14820	18	96.07799999999999	357	14	0	1	357	38138	38494	3.4999999999999984e-167	582.0
EQB61_RS14835	18	95.5	600	27	0	1	600	27929	28528	0.0	959.0
EQB61_RS14870	18	99.57	1163	4	1	1	1163	23795	24956	0.0	2119.0
EQB62_RS14695	18	98.944	1799	16	3	1	1799	12770	10975	0.0	3214.0
EQB62_RS14805	20	98.667	375	5	0	1	375	32398	32772	0.0	665.0
EQB62_RS14820	20	99.13	345	3	0	1	345	31921	31577	7.149999999999998e-179	621.0
EQB62_RS15465	18	99.57	1163	4	1	1	1163	23795	24956	0.0	2119.0
EQB62_RS15530	18	99.57	1163	4	1	1	1163	23795	24956	0.0	2119.0
EQB62_RS16110	18	99.57	1163	4	1	1	1163	23795	24956	0.0	2119.0
EQB69_RS14060	18	98.944	1799	16	3	1	1799	12770	10975	0.0	3214.0
EQB69_RS14170	20	98.667	375	5	0	1	375	32398	32772	0.0	665.0
EQB69_RS14185	20	99.13	345	3	0	1	345	31921	31577	7.149999999999998e-179	621.0
EQB69_RS14515	18	99.656	1163	3	1	1	1163	23795	24956	0.0	2124.0
EQB69_RS15345	34	98.854	960	11	0	1	960	99	1058	0.0	1712.0
EQB60_RS13995	34	98.958	960	10	0	1	960	99	1058	0.0	1718.0
EQB60_RS14020	18	99.656	1163	3	1	1	1163	23795	24956	0.0	2124.0
EQB60_RS14125	18	96.22200000000001	1191	45	0	1	1191	35951	37141	0.0	1951.0
EQB60_RS14135	18	99.57	1163	4	1	1	1163	23795	24956	0.0	2119.0
EQB60_RS14295	18	99.484	1163	5	1	1	1163	23795	24956	0.0	2113.0
EQB60_RS14375	18	99.57	1163	4	1	1	1163	23795	24956	0.0	2119.0
EQB60_RS15095	11	100.0	117	0	0	1	117	18267	18383	1.19e-57	217.0
EQB60_RS15920	18	99.57	1163	4	1	1	1163	23795	24956	0.0	2119.0
EQB59_RS13950	18	99.656	1163	3	1	1	1163	23795	24956	0.0	2124.0
EQB59_RS14245	18	99.656	1163	3	1	1	1163	23795	24956	0.0	2124.0
EQB59_RS14625	18	99.57	1163	4	1	1	1163	23795	24956	0.0	2119.0
EQB59_RS14805	11	97.5	1920	48	0	1	1920	18399	20318	0.0	3280.0
EQB59_RS14810	11	100.0	117	0	0	1	117	18267	18383	1.19e-57	217.0
EQB72_RS14870	18	99.671	912	3	0	1	912	24045	24956	0.0	1668.0
EQB72_RS14970	18	99.57	1163	4	1	1	1163	23795	24956	0.0	2119.0
EQB72_RS15370	34	99.336	602	4	0	1	602	99	700	0.0	1090.0
EQB72_RS15400	34	99.06200000000001	960	9	0	1	960	99	1058	0.0	1724.0
EQB74_RS15900	18	99.73100000000001	1115	3	0	1	1115	23842	24956	0.0	2043.0
EQB74_RS15965	18	99.484	1163	5	1	1	1163	23795	24956	0.0	2113.0
EQB64_RS14255	34	98.958	960	10	0	1	960	99	1058	0.0	1718.0
EQB64_RS14260	18	99.73	371	0	1	1	371	23795	24164	0.0	678.0
EQB64_RS14400	18	99.57	1163	4	1	1	1163	23795	24956	0.0	2119.0
EQB64_RS14500	18	99.57	1163	4	1	1	1163	23795	24956	0.0	2119.0
EQB64_RS16465	18	99.57	1163	4	1	1	1163	23795	24956	0.0	2119.0
EQB65_RS15325	18	99.742	1163	2	1	1	1163	23795	24956	0.0	2130.0
EQB65_RS15385	18	99.656	1163	3	1	1	1163	23795	24956	0.0	2124.0
EQB65_RS15540	18	99.57	1163	4	1	1	1163	23795	24956	0.0	2119.0
EQB65_RS15695	18	97.75299999999999	267	6	0	1	267	38484	38750	1.2599999999999997e-130	460.0
EQB65_RS15700	18	96.07799999999999	357	14	0	1	357	38138	38494	3.4999999999999984e-167	582.0
EQB65_RS15715	18	95.5	600	27	0	1	600	27929	28528	0.0	959.0
EQB65_RS15750	18	99.656	1163	3	1	1	1163	23795	24956	0.0	2124.0
EQB65_RS17110	18	99.57	1163	4	1	1	1163	23795	24956	0.0	2119.0
EQB73_RS15105	18	99.656	1163	3	1	1	1163	23795	24956	0.0	2124.0
EQB73_RS15445	18	99.656	1163	3	1	1	1163	23795	24956	0.0	2124.0
EQB73_RS15510	18	99.57	1163	4	1	1	1163	23795	24956	0.0	2119.0
EQB73_RS16000	18	97.75299999999999	267	6	0	1	267	38484	38750	1.2599999999999997e-130	460.0
EQB73_RS16005	18	96.07799999999999	357	14	0	1	357	38138	38494	3.4999999999999984e-167	582.0
EQB73_RS16020	18	95.5	600	27	0	1	600	27929	28528	0.0	959.0
EQB73_RS16050	18	99.484	1163	5	1	1	1163	23795	24956	0.0	2113.0
EQB73_RS16770	34	98.646	960	13	0	1	960	99	1058	0.0	1701.0
EQB70_RS14790	18	99.57	1163	4	1	1	1163	23795	24956	0.0	2119.0
EQB70_RS15075	18	99.656	1163	3	1	1	1163	23795	24956	0.0	2124.0
EQB70_RS15110	18	95.5	600	27	0	1	600	27929	28528	0.0	959.0
EQB70_RS15125	18	96.07799999999999	357	14	0	1	357	38138	38494	3.4999999999999984e-167	582.0
EQB70_RS15130	18	97.75299999999999	267	6	0	1	267	38484	38750	1.2599999999999997e-130	460.0
EQB70_RS15450	18	99.57	1163	4	1	1	1163	23795	24956	0.0	2119.0
EQB70_RS16480	34	98.646	960	13	0	1	960	99	1058	0.0	1701.0
C0649_RS13570	18	99.31200000000001	1163	7	1	1	1163	23795	24956	0.0	2102.0
C0649_RS13710	18	99.73	371	0	1	1	371	23795	24164	0.0	678.0
C0649_RS13715	34	98.854	960	11	0	1	960	99	1058	0.0	1712.0
C0649_RS13720	18	99.119	795	7	0	1	795	24162	24956	0.0	1430.0
C0649_RS13815	34	98.75	960	12	0	1	960	99	1058	0.0	1707.0
C0649_RS13855	18	99.57	1163	4	1	1	1163	23795	24956	0.0	2119.0
C0649_RS14080	18	98.15299999999999	1191	22	0	1	1191	35951	37141	0.0	2078.0
A7A70_RS29455	8	95.946	74	3	0	1	74	288	361	5.4e-29	121.0
EL207_RS00750	24	98.63	73	1	0	1	73	16045	15973	8.81e-32	130.0
EL207_RS00755	24	98.611	72	1	0	1	72	16227	16156	3.11e-31	128.0
EL207_RS00755	8	98.611	72	1	0	1	72	876	947	3.11e-31	128.0
EL207_RS00755	8	98.611	72	1	0	1	72	1642	1713	3.11e-31	128.0
EL207_RS02575	24	98.684	76	1	0	1	76	16045	15970	2e-33	135.0
EL207_RS02580	8	98.649	74	1	0	1	74	518	591	2.49e-32	132.0
EL207_RS02580	8	98.649	74	1	0	1	74	1083	1156	2.49e-32	132.0
EL207_RS02585	41	97.26	73	2	0	1	73	13	85	4.33e-30	124.0
EL207_RS02585	24	97.26	73	2	0	1	73	16128	16056	4.33e-30	124.0
EL207_RS02590	24	98.611	72	1	0	1	72	16227	16156	3.11e-31	128.0
EL207_RS02590	8	98.611	72	1	0	1	72	876	947	3.11e-31	128.0
EL207_RS02590	8	98.611	72	1	0	1	72	1642	1713	3.11e-31	128.0
EL207_RS02615	51	100.0	73	0	0	1	73	13	85	2e-33	135.0
EL207_RS02615	8	100.0	73	0	0	1	73	98	170	2e-33	135.0
EL207_RS02620	8	100.0	74	0	0	1	74	788	861	5.36e-34	137.0
EL207_RS02620	8	100.0	74	0	0	1	74	1455	1528	5.36e-34	137.0
EL207_RS03795	51	100.0	73	0	0	1	73	13	85	2e-33	135.0
EL207_RS03795	8	100.0	73	0	0	1	73	98	170	2e-33	135.0
EL207_RS03800	8	100.0	74	0	0	1	74	788	861	5.36e-34	137.0
EL207_RS03800	8	100.0	74	0	0	1	74	1455	1528	5.36e-34	137.0
EL207_RS05715	24	98.611	72	1	0	1	72	16227	16156	3.11e-31	128.0
EL207_RS05715	8	98.611	72	1	0	1	72	876	947	3.11e-31	128.0
EL207_RS05715	8	98.611	72	1	0	1	72	1642	1713	3.11e-31	128.0
EL207_RS08045	41	97.26	73	2	0	1	73	13	85	4.0999999999999996e-30	124.0
EL207_RS08045	24	97.26	73	2	0	1	73	16128	16056	4.0999999999999996e-30	124.0
EL207_RS08060	41	96.34100000000001	82	3	0	1	82	181	262	2.21e-33	135.0
EL207_RS08070	41	95.34899999999999	86	4	0	1	86	436	521	6.529999999999999e-34	137.0
EL207_RS08080	21	100.0	74	0	0	1	74	31689	31616	5.36e-34	137.0
EL207_RS08080	8	100.0	74	0	0	1	74	11	84	5.36e-34	137.0
EL207_RS08085	51	100.0	73	0	0	1	73	13	85	1.8899999999999996e-33	135.0
EL207_RS08085	8	100.0	73	0	0	1	73	98	170	1.8899999999999996e-33	135.0
EL207_RS08095	8	97.29700000000001	74	2	0	1	74	288	361	1.1599999999999999e-30	126.0
EL207_RS08105	8	98.649	74	1	0	1	74	518	591	2.49e-32	132.0
EL207_RS08105	8	98.649	74	1	0	1	74	1083	1156	2.49e-32	132.0
EL207_RS08110	24	98.684	76	1	0	1	76	16045	15970	2e-33	135.0
EL207_RS08130	8	100.0	74	0	0	1	74	788	861	5.36e-34	137.0
EL207_RS08130	8	100.0	74	0	0	1	74	1455	1528	5.36e-34	137.0
EL207_RS08145	24	98.611	72	1	0	1	72	16227	16156	3.11e-31	128.0
EL207_RS08145	8	98.611	72	1	0	1	72	876	947	3.11e-31	128.0
EL207_RS08145	8	98.611	72	1	0	1	72	1642	1713	3.11e-31	128.0
EL207_RS10325	41	97.26	73	2	0	1	73	13	85	4.0999999999999996e-30	124.0
EL207_RS10325	24	97.26	73	2	0	1	73	16128	16056	4.0999999999999996e-30	124.0
EL207_RS10340	41	96.34100000000001	82	3	0	1	82	181	262	2.21e-33	135.0
EL207_RS10350	41	95.34899999999999	86	4	0	1	86	436	521	6.529999999999999e-34	137.0
EL207_RS10360	21	100.0	74	0	0	1	74	31689	31616	5.36e-34	137.0
EL207_RS10360	8	100.0	74	0	0	1	74	11	84	5.36e-34	137.0
EL207_RS10365	51	100.0	73	0	0	1	73	13	85	2e-33	135.0
EL207_RS10365	8	100.0	73	0	0	1	73	98	170	2e-33	135.0
D7J84_RS32125	8	95.946	74	3	0	1	74	288	361	5.4e-29	121.0
TM1040_RS02350	51	95.89	73	3	0	1	73	13	85	2.0099999999999997e-28	119.0
TM1040_RS02350	8	95.89	73	3	0	1	73	98	170	2.0099999999999997e-28	119.0
EF_RS15825	13	96.919	357	8	1	1	357	3584	3231	4.499999999999999e-171	595.0
EF_RS16060	18	97.561	287	7	0	1	287	19804	19518	4.979999999999999e-140	492.0
EF_RS16165	18	96.051	1013	36	4	1	1011	17729	16719	0.0	1646.0
EF_RS16645	18	100.0	153	0	0	1	153	5034	5186	1.5699999999999995e-77	283.0
EF_RS16245	18	100.0	477	0	0	1	477	5881	5405	0.0	881.0
EF_RS16250	18	97.662	1326	31	0	1	1326	7346	6021	0.0	2278.0
EF_RS16255	18	96.78200000000001	777	4	1	1	756	8128	7352	0.0	1277.0
EF_RS16260	18	100.0	267	0	0	1	267	8556	8290	1.2399999999999996e-140	494.0
EF_RS16265	18	100.0	183	0	0	1	183	8745	8563	4.0599999999999993e-94	339.0
EF_RS16270	18	99.387	489	3	0	1	489	9651	9163	0.0	887.0
EF_RS16285	18	96.898	2353	65	6	1	2346	15561	13210	0.0	3934.0
EF_RS16355	13	97.662	385	9	0	1	385	3209	2825	0.0	662.0
EF_RS16360	13	98.305	354	6	0	1	354	3584	3231	7.349999999999998e-179	621.0
EF_RS16365	13	96.559	3894	129	4	1	3891	7537	3646	0.0	6444.0
EF_RS16470	18	98.227	282	5	0	7	288	23591	23310	1.3399999999999996e-140	494.0
EF_RS16475	18	99.556	225	1	0	1	225	23316	23092	1.0699999999999998e-115	411.0
EF_RS16480	18	99.04799999999999	210	2	0	1	210	23031	22822	9.999999999999998e-106	377.0
EF_RS16485	18	97.36	303	8	0	1	303	22810	22508	3.0199999999999993e-147	516.0
EF_RS16490	18	98.194	1329	24	0	1	1329	22080	20752	0.0	2322.0
EF_RS16495	18	98.291	351	6	0	1	351	20755	20405	3.3899999999999987e-177	616.0
EF_RS16500	18	98.198	111	2	0	1	111	20154	20044	5.2499999999999996e-51	195.0
EF_RS16510	18	99.73100000000001	372	1	0	1	372	19039	19410	0.0	682.0
EF_RS16515	18	99.882	846	1	0	1	846	18201	19046	0.0	1557.0
HMPREF0351_RS13080	18	99.14	1163	5	4	1	1159	23795	24956	0.0	2087.0
HMPREF0351_RS13225	11	100.0	117	0	0	1	117	18267	18383	1.19e-57	217.0
HMPREF0351_RS13300	18	98.925	279	2	1	1	279	23795	24072	9.999999999999998e-142	497.0
HMPREF0351_RS13365	18	99.054	634	6	0	3	636	40912	40279	0.0	1138.0
HMPREF0351_RS13390	24	100.0	71	0	0	1	71	15467	15397	2.3599999999999997e-32	132.0
HMPREF0351_RS14100	34	98.854	960	11	0	1	960	99	1058	0.0	1712.0
HMPREF0351_RS14110	18	99.57	1163	4	1	1	1163	23795	24956	0.0	2119.0
HMPREF0351_RS14555	18	99.57	1163	4	1	1	1163	23795	24956	0.0	2119.0
GTP13_RS30505	11	100.0	117	0	0	1	117	18267	18383	1.19e-57	217.0
GTP13_RS30510	11	97.5	1920	48	0	1	1920	18399	20318	0.0	3280.0
C5F72_RS25760	11	96.552	87	3	0	1	87	18297	18383	3.9599999999999996e-36	145.0
C5F72_RS25765	11	96.667	1920	64	0	1	1920	18399	20318	0.0	3192.0
F6447_RS13370	18	99.14	1163	9	1	1	1163	23795	24956	0.0	2091.0
F6447_RS13525	18	99.656	1163	3	1	1	1163	23795	24956	0.0	2124.0
F6447_RS13790	18	99.57	1163	4	1	1	1163	23795	24956	0.0	2119.0
HC353_RS12905	18	99.484	1163	5	1	1	1163	23795	24956	0.0	2113.0
HC353_RS12970	34	98.646	960	13	0	1	960	99	1058	0.0	1701.0
HC353_RS13015	18	99.226	1163	8	1	1	1163	23795	24956	0.0	2097.0
HC353_RS13395	33	97.773	853	19	0	27	879	905	53	0.0	1471.0
HC353_RS13400	18	99.904	1038	1	0	1	1038	26439	25402	0.0	1912.0
HC353_RS13405	18	99.787	939	2	0	1	939	27403	26465	0.0	1724.0
HC354_RS12940	18	99.484	1163	5	1	1	1163	23795	24956	0.0	2113.0
HC354_RS13005	34	98.646	960	13	0	1	960	99	1058	0.0	1701.0
HC354_RS13050	18	99.226	1163	8	1	1	1163	23795	24956	0.0	2097.0
HC354_RS13430	33	97.773	853	19	0	27	879	905	53	0.0	1471.0
HC354_RS13435	18	99.904	1038	1	0	1	1038	26439	25402	0.0	1912.0
HC354_RS13440	18	99.787	939	2	0	1	939	27403	26465	0.0	1724.0
HEC82_RS23865	11	100.0	117	0	0	1	117	18267	18383	1.19e-57	217.0
HEC82_RS23870	11	97.5	1920	48	0	1	1920	18399	20318	0.0	3280.0
HEC90_RS24060	11	97.448	1920	49	0	1	1920	18399	20318	0.0	3275.0
HEC90_RS24065	11	100.0	117	0	0	1	117	18267	18383	1.19e-57	217.0
HEC78_RS23780	11	97.5	1920	48	0	1	1920	18399	20318	0.0	3280.0
HEC78_RS23785	11	100.0	117	0	0	1	117	18267	18383	1.19e-57	217.0
E2L09_RS12855	18	99.484	1163	5	1	1	1163	23795	24956	0.0	2113.0
E2L09_RS13295	18	99.259	270	2	0	1	270	24687	24956	5.839999999999999e-139	488.0
E2L09_RS13565	11	100.0	117	0	0	1	117	18267	18383	1.19e-57	217.0
FK536_RS22535	11	96.581	117	4	0	1	117	18267	18383	5.59e-51	195.0
FK536_RS22540	11	96.042	1920	76	0	1	1920	18399	20318	0.0	3125.0
HF500_RS17970	51	97.26	73	2	0	1	73	13	85	4.0999999999999996e-30	124.0
HF500_RS17970	8	97.26	73	2	0	1	73	98	170	4.0999999999999996e-30	124.0
HF500_RS17975	21	95.946	74	3	0	1	74	31689	31616	5.4e-29	121.0
HF500_RS17975	8	95.946	74	3	0	1	74	11	84	5.4e-29	121.0
HF500_RS18015	24	97.22200000000001	72	2	0	1	72	16227	16156	1.4499999999999998e-29	122.0
HF500_RS18015	8	97.22200000000001	72	2	0	1	72	876	947	1.4499999999999998e-29	122.0
HF500_RS18015	8	97.22200000000001	72	2	0	1	72	1642	1713	1.4499999999999998e-29	122.0
SMVRE20_RS00260	18	99.656	1163	3	1	1	1163	23795	24956	0.0	2124.0
SMVRE20_RS00310	18	99.57	1163	4	1	1	1163	23795	24956	0.0	2119.0
SMVRE20_RS00530	18	98.65700000000001	1191	16	0	1	1191	35951	37141	0.0	2111.0
SMVRE20_RS00640	18	99.57	1163	4	1	1	1163	23795	24956	0.0	2119.0
SMVRE20_RS00675	18	99.57	1163	4	1	1	1163	23795	24956	0.0	2119.0
FIP50_RS22965	11	96.042	1920	76	0	1	1920	18399	20318	0.0	3125.0
FIP50_RS22970	11	95.76299999999999	118	4	1	1	118	18267	18383	2.63e-49	189.0
E1J56_RS25500	11	100.0	117	0	0	1	117	18267	18383	1.19e-57	217.0
E1J56_RS25505	11	97.396	1920	50	0	1	1920	18399	20318	0.0	3269.0
E3N82_RS24135	11	95.729	1920	82	0	1	1920	18399	20318	0.0	3092.0
E3N82_RS24140	11	99.145	117	1	0	1	117	18267	18383	5.549999999999999e-56	211.0
E3N82_RS24765	11	96.581	117	4	0	1	117	18267	18383	5.59e-51	195.0
E3N82_RS24770	11	96.042	1920	76	0	1	1920	18399	20318	0.0	3125.0
GFC30_RS15805	24	97.22200000000001	72	2	0	1	72	16227	16156	1.4499999999999998e-29	122.0
GFC30_RS15805	8	97.22200000000001	72	2	0	1	72	876	947	1.4499999999999998e-29	122.0
GFC30_RS15805	8	97.22200000000001	72	2	0	1	72	1642	1713	1.4499999999999998e-29	122.0
GFC30_RS15820	8	95.946	74	3	0	1	74	788	861	5.4e-29	121.0
GFC30_RS15820	8	95.946	74	3	0	1	74	1455	1528	5.4e-29	121.0
GFC30_RS15850	8	95.946	74	3	0	1	74	518	591	5.689999999999999e-29	121.0
GFC30_RS15850	8	95.946	74	3	0	1	74	1083	1156	5.689999999999999e-29	121.0
GFC30_RS15860	24	97.22200000000001	72	2	0	1	72	16227	16156	1.4499999999999998e-29	122.0
GFC30_RS15860	8	97.22200000000001	72	2	0	1	72	876	947	1.4499999999999998e-29	122.0
GFC30_RS15860	8	97.22200000000001	72	2	0	1	72	1642	1713	1.4499999999999998e-29	122.0
GFC30_RS15910	51	97.26	73	2	0	1	73	13	85	4.0999999999999996e-30	124.0
GFC30_RS15910	8	97.26	73	2	0	1	73	98	170	4.0999999999999996e-30	124.0
GFC30_RS16230	24	97.22200000000001	72	2	0	1	72	16227	16156	1.4499999999999998e-29	122.0
GFC30_RS16230	8	97.22200000000001	72	2	0	1	72	876	947	1.4499999999999998e-29	122.0
GFC30_RS16230	8	97.22200000000001	72	2	0	1	72	1642	1713	1.4499999999999998e-29	122.0
GFC30_RS16245	24	98.611	72	1	0	1	72	15564	15493	3.2899999999999996e-31	128.0
GFC30_RS16245	1	98.611	72	1	0	1	72	322202	322131	3.2899999999999996e-31	128.0
GFC30_RS16270	21	97.29700000000001	74	2	0	1	74	31689	31616	1.22e-30	126.0
GFC30_RS16270	8	97.29700000000001	74	2	0	1	74	11	84	1.22e-30	126.0
BCM40_RS16175	24	95.833	72	3	0	1	72	16227	16156	7.11e-28	117.0
BCM40_RS16175	8	95.833	72	3	0	1	72	876	947	7.11e-28	117.0
BCM40_RS16175	8	95.833	72	3	0	1	72	1642	1713	7.11e-28	117.0
HPG65_RS01120	11	100.0	117	0	0	1	117	18267	18383	1.19e-57	217.0
HPG65_RS01125	11	97.5	1920	48	0	1	1920	18399	20318	0.0	3280.0
GJD93_RS00850	11	97.5	1920	48	0	1	1920	18399	20318	0.0	3280.0
GJD93_RS00855	11	100.0	117	0	0	1	117	18267	18383	1.19e-57	217.0
FSC11_RS15665	11	97.5	1920	48	0	1	1920	18399	20318	0.0	3280.0
FSC11_RS15670	11	100.0	117	0	0	1	117	18267	18383	1.19e-57	217.0
G3R47_RS18700	11	97.5	1920	48	0	1	1920	18399	20318	0.0	3280.0
G3R47_RS18705	11	100.0	117	0	0	1	117	18267	18383	1.19e-57	217.0
FDZ14_RS28685	8	95.455	88	4	0	1	88	1539	1626	5.429999999999999e-35	141.0
KNN_RS31700	8	95.946	74	3	0	1	74	288	361	5.4e-29	121.0
HPG46_RS27990	8	95.946	74	3	0	1	74	288	361	5.4e-29	121.0
BN9748_RS15175	18	99.656	1163	3	1	1	1163	23795	24956	0.0	2124.0
BN9748_RS15240	18	99.656	1163	3	1	1	1163	23795	24956	0.0	2124.0
FLC01_RS14010	34	98.75	960	12	0	1	960	99	1058	0.0	1707.0
FLC01_RS14135	18	99.656	1163	3	1	1	1163	23795	24956	0.0	2124.0
FLC01_RS14195	18	99.656	1163	3	1	1	1163	23795	24956	0.0	2124.0
FLC01_RS14345	18	99.656	1163	3	1	1	1163	23795	24956	0.0	2124.0
FLC01_RS14390	18	99.656	1163	3	1	1	1163	23795	24956	0.0	2124.0
FLC01_RS16095	18	99.57	1163	4	1	1	1163	23795	24956	0.0	2119.0
ELZ59_RS12980	18	99.57	1163	4	1	1	1163	23795	24956	0.0	2119.0
ELZ59_RS13185	18	99.57	1163	4	1	1	1163	23795	24956	0.0	2119.0
ELZ59_RS13565	18	99.57	1163	4	1	1	1163	23795	24956	0.0	2119.0
ELZ59_RS13650	11	100.0	117	0	0	1	117	18267	18383	1.19e-57	217.0
ELZ42_RS12935	18	99.484	1163	5	1	1	1163	23795	24956	0.0	2113.0
ELZ42_RS13150	18	99.57	1163	4	1	1	1163	23795	24956	0.0	2119.0
ELZ65_RS13975	34	98.958	960	10	0	1	960	99	1058	0.0	1718.0
ELZ65_RS14000	18	99.656	1163	3	1	1	1163	23795	24956	0.0	2124.0
ELZ65_RS14105	18	96.22200000000001	1191	45	0	1	1191	35951	37141	0.0	1951.0
ELZ65_RS14115	18	99.57	1163	4	1	1	1163	23795	24956	0.0	2119.0
ELZ65_RS14275	18	99.656	1163	3	1	1	1163	23795	24956	0.0	2124.0
ELZ65_RS14355	18	99.57	1163	4	1	1	1163	23795	24956	0.0	2119.0
ELZ65_RS15690	34	98.958	960	10	0	1	960	99	1058	0.0	1718.0
EL279_RS14680	18	100.0	111	0	0	1	111	20154	20044	2.4200000000000002e-54	206.0
EL279_RS14685	18	95.47	287	13	0	1	287	19804	19518	5.109999999999998e-130	459.0
EL279_RS14745	13	98.88	357	1	1	1	357	3584	3231	0.0	634.0
EL279_RS14750	13	97.662	385	9	0	1	385	3209	2825	0.0	662.0
EL279_RS14830	18	96.685	2353	70	6	1	2346	15561	13210	0.0	3906.0
EL279_RS14835	18	99.15899999999999	2259	19	0	1	2259	13223	10965	0.0	4067.0
EL279_RS14845	18	100.0	786	0	0	1	786	10442	9657	0.0	1452.0
EL279_RS14850	18	98.773	489	6	0	1	489	9651	9163	0.0	870.0
EL279_RS14860	18	100.0	183	0	0	1	183	8745	8563	4.0599999999999993e-94	339.0
EL279_RS14865	18	100.0	267	0	0	1	267	8556	8290	1.2399999999999996e-140	494.0
EL279_RS14870	18	99.743	777	2	0	1	777	8128	7352	0.0	1424.0
EL279_RS14875	18	99.85	1335	2	0	1	1335	7355	6021	0.0	2455.0
EL279_RS14880	18	100.0	477	0	0	1	477	5881	5405	0.0	881.0
EL279_RS14885	18	100.0	185	0	0	1	185	5002	5186	3.18e-95	342.0
EL279_RS15505	18	99.681	939	3	0	1	939	27403	26465	0.0	1718.0
EL279_RS15510	18	99.807	1038	2	0	1	1038	26439	25402	0.0	1906.0
EL279_RS15855	11	98.291	117	2	0	1	117	18267	18383	2.5799999999999996e-54	206.0
EL279_RS15860	11	97.552	1920	47	0	1	1920	18399	20318	0.0	3286.0
EL345_RS13095	18	99.32799999999999	1191	8	0	1	1191	35951	37141	0.0	2156.0
EL345_RS13210	34	98.854	960	11	0	1	960	99	1058	0.0	1712.0
EL240_RS14685	18	100.0	111	0	0	1	111	20154	20044	2.4200000000000002e-54	206.0
EL240_RS14690	18	95.47	287	13	0	1	287	19804	19518	5.109999999999998e-130	459.0
EL240_RS14750	13	98.88	357	1	1	1	357	3584	3231	0.0	634.0
EL240_RS14755	13	97.662	385	9	0	1	385	3209	2825	0.0	662.0
EL240_RS14835	18	96.685	2353	70	6	1	2346	15561	13210	0.0	3906.0
EL240_RS14840	18	99.15899999999999	2259	19	0	1	2259	13223	10965	0.0	4067.0
EL240_RS14850	18	100.0	786	0	0	1	786	10442	9657	0.0	1452.0
EL240_RS14855	18	98.773	489	6	0	1	489	9651	9163	0.0	870.0
EL240_RS14865	18	100.0	183	0	0	1	183	8745	8563	4.0599999999999993e-94	339.0
EL240_RS14870	18	100.0	267	0	0	1	267	8556	8290	1.2399999999999996e-140	494.0
EL240_RS14875	18	99.743	777	2	0	1	777	8128	7352	0.0	1424.0
EL240_RS14880	18	99.85	1335	2	0	1	1335	7355	6021	0.0	2455.0
EL240_RS14885	18	100.0	477	0	0	1	477	5881	5405	0.0	881.0
EL240_RS14890	18	100.0	185	0	0	1	185	5002	5186	3.18e-95	342.0
EL240_RS15510	18	99.681	939	3	0	1	939	27403	26465	0.0	1718.0
EL240_RS15515	18	99.807	1038	2	0	1	1038	26439	25402	0.0	1906.0
EL240_RS15860	11	98.291	117	2	0	1	117	18267	18383	2.5799999999999996e-54	206.0
EL240_RS15865	11	97.552	1920	47	0	1	1920	18399	20318	0.0	3286.0
EL348_RS14290	18	99.656	1163	3	1	1	1163	23795	24956	0.0	2124.0
EL348_RS14755	18	99.57	1163	4	1	1	1163	23795	24956	0.0	2119.0
EQB36_RS13850	18	99.656	1163	3	1	1	1163	23795	24956	0.0	2124.0
EQB36_RS14150	18	99.656	1163	3	1	1	1163	23795	24956	0.0	2124.0
EQB36_RS15105	18	99.57	1163	4	1	1	1163	23795	24956	0.0	2119.0
EQB68_RS13995	18	99.656	1163	3	1	1	1163	23795	24956	0.0	2124.0
EQB68_RS14065	18	99.57	1163	4	1	1	1163	23795	24956	0.0	2119.0
EQB68_RS15620	18	99.57	1163	4	1	1	1163	23795	24956	0.0	2119.0
EL352_RS12870	18	99.484	1163	5	1	1	1163	23795	24956	0.0	2113.0
EL352_RS13085	18	99.484	1163	5	1	1	1163	23795	24956	0.0	2113.0
EQB51_RS14995	18	99.656	1163	3	1	1	1163	23795	24956	0.0	2124.0
EQB51_RS15315	18	99.656	1163	3	1	1	1163	23795	24956	0.0	2124.0
EQB51_RS15380	18	99.656	1163	3	1	1	1163	23795	24956	0.0	2124.0
EQB51_RS15955	18	97.75299999999999	267	6	0	1	267	38484	38750	1.2599999999999997e-130	460.0
EQB51_RS15960	18	96.07799999999999	357	14	0	1	357	38138	38494	3.4999999999999984e-167	582.0
EQB51_RS15975	18	95.5	600	27	0	1	600	27929	28528	0.0	959.0
EQB51_RS16010	18	99.656	1163	3	1	1	1163	23795	24956	0.0	2124.0
EQB51_RS16580	34	98.646	960	13	0	1	960	99	1058	0.0	1701.0
EQB58_RS14725	18	99.656	1163	3	1	1	1163	23795	24956	0.0	2124.0
EQB58_RS14800	18	99.656	1163	3	1	1	1163	23795	24956	0.0	2124.0
EQB58_RS14915	18	99.656	1163	3	1	1	1163	23795	24956	0.0	2124.0
EQB58_RS16035	18	99.57	1163	4	1	1	1163	23795	24956	0.0	2119.0
EL354_RS14445	18	99.656	1163	3	1	1	1163	23795	24956	0.0	2124.0
EQB43_RS15160	18	99.656	1163	3	1	1	1163	23795	24956	0.0	2124.0
EQB43_RS15485	18	99.656	1163	3	1	1	1163	23795	24956	0.0	2124.0
EQB43_RS15550	18	99.656	1163	3	1	1	1163	23795	24956	0.0	2124.0
EQB43_RS16125	18	97.75299999999999	267	6	0	1	267	38484	38750	1.2599999999999997e-130	460.0
EQB43_RS16130	18	96.07799999999999	357	14	0	1	357	38138	38494	3.4999999999999984e-167	582.0
EQB43_RS16145	18	95.5	600	27	0	1	600	27929	28528	0.0	959.0
EQB43_RS16180	18	99.656	1163	3	1	1	1163	23795	24956	0.0	2124.0
EQB43_RS17030	34	98.646	960	13	0	1	960	99	1058	0.0	1701.0
EQB75_RS15720	18	99.57	1163	4	1	1	1163	23795	24956	0.0	2119.0
EQB75_RS15805	18	99.57	1163	4	1	1	1163	23795	24956	0.0	2119.0
EQB75_RS16255	18	99.656	1163	3	1	1	1163	23795	24956	0.0	2124.0
EQB75_RS17045	18	99.57	1163	4	1	1	1163	23795	24956	0.0	2119.0
E7T08_RS14120	18	99.57	1163	4	1	1	1163	23795	24956	0.0	2119.0
E7T08_RS14535	18	99.656	1163	3	1	1	1163	23795	24956	0.0	2124.0
E7T08_RS14600	18	99.656	1163	3	1	1	1163	23795	24956	0.0	2124.0
E7T08_RS14885	34	99.336	602	4	0	1	602	99	700	0.0	1090.0
E7T08_RS14900	34	98.75	960	12	0	1	960	99	1058	0.0	1707.0
E7T08_RS15375	18	99.57	1163	4	1	1	1163	23795	24956	0.0	2119.0
E7T08_RS15670	18	99.57	1163	4	1	1	1163	23795	24956	0.0	2119.0
FNL85_RS13250	34	98.958	960	10	0	1	960	99	1058	0.0	1718.0
FNL85_RS13465	34	98.55799999999999	971	14	0	1	971	99	1069	0.0	1716.0
FNL85_RS13895	18	99.398	1163	6	1	1	1163	23795	24956	0.0	2108.0
FP479_RS14780	51	97.26	73	2	0	1	73	13	85	4.33e-30	124.0
FP479_RS14780	8	97.26	73	2	0	1	73	98	170	4.33e-30	124.0
FP479_RS14785	8	97.29700000000001	74	2	0	1	74	788	861	1.22e-30	126.0
FP479_RS14785	8	97.29700000000001	74	2	0	1	74	1455	1528	1.22e-30	126.0
FP479_RS14805	8	97.29700000000001	74	2	0	1	74	788	861	1.22e-30	126.0
FP479_RS14805	8	97.29700000000001	74	2	0	1	74	1455	1528	1.22e-30	126.0
HP430_RS22905	11	96.581	117	4	0	1	117	18267	18383	5.59e-51	195.0
HP430_RS22910	11	96.042	1920	76	0	1	1920	18399	20318	0.0	3125.0
HP430_RS23930	11	100.0	117	0	0	1	117	18267	18383	1.19e-57	217.0
HP430_RS23935	11	97.5	1920	48	0	1	1920	18399	20318	0.0	3280.0
HP434_RS22495	11	96.042	1920	76	0	1	1920	18399	20318	0.0	3125.0
HP434_RS22500	11	96.581	117	4	0	1	117	18267	18383	5.59e-51	195.0
HP434_RS23720	11	96.581	117	4	0	1	117	18267	18383	5.59e-51	195.0
HP434_RS23725	11	96.042	1920	76	0	1	1920	18399	20318	0.0	3125.0
HP433_RS23125	11	96.581	117	4	0	1	117	18267	18383	5.59e-51	195.0
HP433_RS23130	11	96.042	1920	76	0	1	1920	18399	20318	0.0	3125.0
HP432_RS00900	11	96.581	117	4	0	1	117	18267	18383	5.59e-51	195.0
HP432_RS00905	11	96.042	1920	76	0	1	1920	18399	20318	0.0	3125.0
FP476_RS14780	31	95.556	90	4	0	1	90	1686	1775	4.1399999999999996e-36	145.0
FP476_RS14785	8	97.29700000000001	74	2	0	1	74	788	861	1.22e-30	126.0
FP476_RS14785	8	97.29700000000001	74	2	0	1	74	1455	1528	1.22e-30	126.0
FP476_RS14790	51	97.26	73	2	0	1	73	13	85	4.33e-30	124.0
FP476_RS14790	8	97.26	73	2	0	1	73	98	170	4.33e-30	124.0
FP476_RS14820	8	97.29700000000001	74	2	0	1	74	788	861	1.22e-30	126.0
FP476_RS14820	8	97.29700000000001	74	2	0	1	74	1455	1528	1.22e-30	126.0
FP476_RS14825	31	95.556	90	4	0	1	90	1686	1775	4.1399999999999996e-36	145.0
E4V86_RS12915	11	100.0	117	0	0	1	117	18267	18383	1.19e-57	217.0
C7S07_RS12895	11	100.0	117	0	0	1	117	18267	18383	1.19e-57	217.0
FOV01_RS13460	13	98.59899999999999	357	2	1	1	357	3584	3231	0.0	628.0
FOV01_RS13490	18	99.625	267	1	0	1	267	16690	16424	5.769999999999998e-139	488.0
FOV01_RS13510	18	97.64299999999999	297	5	2	1	296	19804	19509	4.949999999999999e-145	508.0
FOV01_RS13555	18	98.728	786	10	0	1	786	10442	9657	0.0	1397.0
FOV01_RS13565	18	97.211	2259	63	0	1	2259	13223	10965	0.0	3823.0
FOV01_RS13570	18	96.98299999999999	2353	63	6	1	2346	15561	13210	0.0	3945.0
FOV01_RS13640	18	99.57	1163	4	1	1	1163	23795	24956	0.0	2119.0
FOV01_RS13760	18	97.64299999999999	297	5	2	1	296	19804	19509	4.949999999999999e-145	508.0
FOV01_RS13765	18	100.0	111	0	0	1	111	20154	20044	2.4200000000000002e-54	206.0
FOV01_RS13775	18	98.291	351	6	0	1	351	20755	20405	3.3899999999999987e-177	616.0
FOV01_RS13780	18	98.646	1329	18	0	1	1329	22080	20752	0.0	2355.0
HTD38_RS00270	18	96.667	600	20	0	1	600	27929	28528	0.0	998.0
HTF48_RS00375	18	99.656	1163	3	1	1	1163	23795	24956	0.0	2124.0
HTF63_RS00095	18	99.656	1163	3	1	1	1163	23795	24956	0.0	2124.0
HTF63_RS00180	18	99.656	1163	3	1	1	1163	23795	24956	0.0	2124.0
HTG14_RS00095	18	99.656	1163	3	1	1	1163	23795	24956	0.0	2124.0
HTG14_RS00180	18	99.656	1163	3	1	1	1163	23795	24956	0.0	2124.0
HTG34_RS00150	11	95.76299999999999	118	4	1	1	118	18267	18383	2.63e-49	189.0
HTG34_RS00155	11	96.042	1920	76	0	1	1920	18399	20318	0.0	3125.0
HTG24_RS00045	18	97.64299999999999	297	5	2	1	296	19804	19509	4.949999999999999e-145	508.0
HTG24_RS00050	18	100.0	111	0	0	1	111	20154	20044	2.4200000000000002e-54	206.0
HTG24_RS00055	18	98.291	351	6	0	1	351	20755	20405	3.3899999999999987e-177	616.0
HTG24_RS00060	18	98.57	1329	19	0	1	1329	22080	20752	0.0	2350.0
HTG28_RS00095	18	99.656	1163	3	1	1	1163	23795	24956	0.0	2124.0
HTG28_RS00180	18	99.656	1163	3	1	1	1163	23795	24956	0.0	2124.0
HTG27_RS00095	18	99.656	1163	3	1	1	1163	23795	24956	0.0	2124.0
HTG27_RS00180	18	99.656	1163	3	1	1	1163	23795	24956	0.0	2124.0
HTG21_RS00095	18	99.656	1163	3	1	1	1163	23795	24956	0.0	2124.0
HTG21_RS00175	18	99.656	1163	3	1	1	1163	23795	24956	0.0	2124.0
HTG44_RS00095	18	99.656	1163	3	1	1	1163	23795	24956	0.0	2124.0
HTG44_RS00180	18	99.656	1163	3	1	1	1163	23795	24956	0.0	2124.0
HTI56_RS00650	11	96.581	117	4	0	1	117	18267	18383	5.59e-51	195.0
HTI56_RS00655	11	96.042	1920	76	0	1	1920	18399	20318	0.0	3125.0
HTJ06_RS00445	11	96.042	1920	76	0	1	1920	18399	20318	0.0	3125.0
HTJ06_RS00450	11	96.581	117	4	0	1	117	18267	18383	5.59e-51	195.0
HTK17_RS00200	27	98.462	195	2	1	1	195	2142	1949	3.3699999999999997e-95	342.0
HTK17_RS00410	11	100.0	117	0	0	1	117	18267	18383	1.19e-57	217.0
HTK17_RS00470	18	99.40899999999999	846	5	0	1	846	18201	19046	0.0	1535.0
HTK17_RS00475	18	98.925	372	4	0	1	372	19039	19410	0.0	665.0
HTK47_RS00020	18	99.57	1163	4	1	1	1163	23795	24956	0.0	2119.0
HTK34_RS00385	18	99.57	1163	4	1	1	1163	23795	24956	0.0	2119.0
HTL21_RS00090	11	100.0	117	0	0	1	117	18267	18383	1.19e-57	217.0
HTL02_RS00165	11	100.0	117	0	0	1	117	18267	18383	1.19e-57	217.0
HTL57_RS00225	27	96.226	265	10	0	9	273	1337	1073	7.779999999999998e-123	435.0
HTL57_RS00305	18	98.65299999999999	594	8	0	1	594	41825	42418	0.0	1053.0
HTL57_RS00310	18	98.459	1428	22	0	1	1428	42396	43823	0.0	2516.0
HTM13_RS00030	18	96.296	297	9	2	1	296	19804	19509	2.319999999999999e-138	486.0
HTM13_RS00090	11	97.436	117	2	1	1	116	18267	18383	4.28e-52	198.0
HTO36_RS00445	11	99.145	117	1	0	1	117	18267	18383	5.549999999999999e-56	211.0
HTO36_RS00450	11	98.958	864	8	1	1	863	18399	19262	0.0	1544.0
HTO36_RS00455	11	96.15799999999999	1041	40	0	1	1041	19278	20318	0.0	1701.0
HTR14_RS01325	11	97.5	1920	48	0	1	1920	18399	20318	0.0	3280.0
HTR14_RS01330	11	100.0	117	0	0	1	117	18267	18383	1.19e-57	217.0
HTO79_RS00020	11	100.0	117	0	0	1	117	18267	18383	1.19e-57	217.0
HTO79_RS00025	11	97.5	1920	48	0	1	1920	18399	20318	0.0	3280.0
HTQ45_RS00710	11	97.5	1920	48	0	1	1920	18399	20318	0.0	3280.0
HTQ45_RS00715	11	100.0	117	0	0	1	117	18267	18383	1.19e-57	217.0
HTQ42_RS00150	20	98.667	375	5	0	1	375	32398	32772	0.0	665.0
HTQ42_RS00240	13	97.163	141	4	0	1	141	3786	3646	3.1399999999999996e-64	239.0
HTQ42_RS00245	13	98.039	357	4	1	1	357	3584	3231	9.589999999999997e-178	617.0
HTQ84_RS00720	11	97.344	1920	47	4	1	1916	18399	20318	0.0	3260.0
HTQ84_RS00725	11	100.0	117	0	0	1	117	18267	18383	1.19e-57	217.0
HTR99_RS00150	18	99.57	1163	4	1	1	1163	23795	24956	0.0	2119.0
HTR99_RS00230	11	100.0	117	0	0	1	117	18267	18383	1.19e-57	217.0
HTR93_RS00350	18	99.57	1163	4	1	1	1163	23795	24956	0.0	2119.0
HTR93_RS00585	18	99.46	1112	5	1	1	1112	23795	24905	0.0	2019.0
HTU19_RS00265	11	100.0	117	0	0	1	117	18267	18383	1.19e-57	217.0
HTU31_RS00235	11	100.0	117	0	0	1	117	18267	18383	1.19e-57	217.0
CRG82_RS00500	11	96.667	1920	64	0	1	1920	18399	20318	0.0	3192.0
CRG82_RS00505	11	96.552	87	3	0	1	87	18297	18383	3.9599999999999996e-36	145.0
HTS83_RS00485	11	100.0	117	0	0	1	117	18267	18383	1.19e-57	217.0
HTS83_RS00490	11	97.5	1920	48	0	1	1920	18399	20318	0.0	3280.0
HTV29_RS00015	11	100.0	117	0	0	1	117	18267	18383	1.19e-57	217.0
HTV29_RS00020	11	97.5	1920	48	0	1	1920	18399	20318	0.0	3280.0
HTW12_RS00325	18	99.315	1314	9	0	1	1314	1561	248	0.0	2377.0
HTW12_RS00325	20	96.794	1310	42	0	5	1314	26722	28031	0.0	2187.0
HTW12_RS00330	18	99.76899999999999	864	2	0	1	864	2548	1685	0.0	1585.0
HTW12_RS00335	18	100.0	444	0	0	1	444	2981	2538	0.0	821.0
HTW12_RS00340	18	100.0	144	0	0	1	144	3121	2978	1.4799999999999998e-72	267.0
HTW12_RS00345	18	100.0	936	0	0	1	936	4130	3195	0.0	1729.0
HTW12_RS00350	18	100.0	198	0	0	1	198	4468	4271	2.0299999999999997e-102	366.0
HTW12_RS00355	18	100.0	185	0	0	1	185	5002	5186	3.18e-95	342.0
HTW12_RS00360	18	100.0	477	0	0	1	477	5881	5405	0.0	881.0
HTW12_RS00365	18	99.85	1335	2	0	1	1335	7355	6021	0.0	2455.0
HTW12_RS00370	18	99.743	777	2	0	1	777	8128	7352	0.0	1424.0
HTW12_RS00375	18	100.0	267	0	0	1	267	8556	8290	1.2399999999999996e-140	494.0
HTW12_RS00380	18	100.0	183	0	0	1	183	8745	8563	4.0599999999999993e-94	339.0
HTW12_RS00385	18	98.773	489	6	0	1	489	9651	9163	0.0	870.0
HTW12_RS00390	18	100.0	786	0	0	1	786	10442	9657	0.0	1452.0
HTW12_RS00395	18	99.15899999999999	2259	19	0	1	2259	13223	10965	0.0	4067.0
HTW12_RS00400	18	96.685	2353	70	6	1	2346	15561	13210	0.0	3906.0
HTW12_RS00475	13	97.662	385	9	0	1	385	3209	2825	0.0	662.0
HTW12_RS00480	13	98.88	357	1	1	1	357	3584	3231	0.0	634.0
HTW12_RS00540	18	95.819	287	12	0	1	287	19804	19518	1.0999999999999997e-131	464.0
HTW12_RS00545	18	100.0	111	0	0	1	111	20154	20044	2.4200000000000002e-54	206.0
HTX01_RS00145	11	100.0	117	0	0	1	117	18267	18383	1.19e-57	217.0
HTX46_RS00035	18	100.0	111	0	0	1	111	20154	20044	2.4200000000000002e-54	206.0
HTX46_RS00040	18	97.90899999999999	287	6	0	1	287	19804	19518	1.08e-141	497.0
HTX46_RS00100	13	98.88	357	1	1	1	357	3584	3231	0.0	634.0
HTX46_RS00105	13	97.662	385	9	0	1	385	3209	2825	0.0	662.0
HTX46_RS00180	18	96.344	2352	80	3	1	2346	15561	13210	0.0	3862.0
HTX46_RS00185	18	99.15899999999999	2259	19	0	1	2259	13223	10965	0.0	4067.0
HTX46_RS00190	18	100.0	786	0	0	1	786	10442	9657	0.0	1452.0
HTX46_RS00195	18	98.773	489	6	0	1	489	9651	9163	0.0	870.0
HTX46_RS00200	18	100.0	183	0	0	1	183	8745	8563	4.0599999999999993e-94	339.0
HTX46_RS00205	18	100.0	267	0	0	1	267	8556	8290	1.2399999999999996e-140	494.0
HTX46_RS00210	18	99.743	777	2	0	1	777	8128	7352	0.0	1424.0
HTX46_RS00215	18	99.85	1335	2	0	1	1335	7355	6021	0.0	2455.0
HTX46_RS00220	18	100.0	477	0	0	1	477	5881	5405	0.0	881.0
HTX46_RS00225	18	100.0	185	0	0	1	185	5002	5186	3.18e-95	342.0
HTX46_RS00230	18	100.0	267	0	0	1	267	4958	4692	1.2399999999999996e-140	494.0
HTX46_RS00235	18	100.0	198	0	0	1	198	4468	4271	2.0299999999999997e-102	366.0
HTV94_RS00925	11	96.581	117	4	0	1	117	18267	18383	5.59e-51	195.0
HTV94_RS00930	11	95.99	1920	77	0	1	1920	18399	20318	0.0	3120.0
HTX59_RS00190	11	100.0	117	0	0	1	117	18267	18383	1.19e-57	217.0
HTX59_RS00195	11	97.5	1920	48	0	1	1920	18399	20318	0.0	3280.0
BVA20_RS16185	18	96.22200000000001	1191	45	0	1	1191	35951	37141	0.0	1951.0
BVA20_RS16195	18	99.398	1163	6	1	1	1163	23795	24956	0.0	2108.0
BVA20_RS16360	18	99.484	1163	5	1	1	1163	23795	24956	0.0	2113.0
BVA20_RS16435	18	99.656	1163	3	1	1	1163	23795	24956	0.0	2124.0
BVA20_RS16610	18	99.57	1163	4	1	1	1163	23795	24956	0.0	2119.0
B4W80_RS15420	18	99.656	1163	3	1	1	1163	23795	24956	0.0	2124.0
B4W80_RS16465	18	99.615	519	2	0	1	519	24438	24956	0.0	948.0
BUW91_RS28505	24	98.611	72	1	0	1	72	16227	16156	3.11e-31	128.0
BUW91_RS28505	8	98.611	72	1	0	1	72	876	947	3.11e-31	128.0
BUW91_RS28505	8	98.611	72	1	0	1	72	1642	1713	3.11e-31	128.0
B4W81_RS15545	18	99.484	1163	5	1	1	1163	23795	24956	0.0	2113.0
B4W81_RS16160	18	98.319	357	6	0	1	357	38138	38494	1.5899999999999997e-180	627.0
B4W81_RS16165	18	100.0	267	0	0	1	267	38484	38750	1.2399999999999996e-140	494.0
B4W81_RS16170	18	99.84	626	1	0	1	626	38909	39534	0.0	1151.0
B4W81_RS16180	18	98.148	378	7	0	1	378	39533	39910	0.0	660.0
B4W81_RS16365	18	99.656	1163	3	1	1	1163	23795	24956	0.0	2124.0
B4W81_RS16700	18	99.615	519	2	0	1	519	24438	24956	0.0	948.0
B4W81_RS17575	18	99.615	519	2	0	1	519	24438	24956	0.0	948.0
A6B47_RS14545	20	96.37700000000001	414	11	2	1	413	30353	30763	0.0	678.0
A6B47_RS14630	1	96.132	1034	28	1	2	1023	38202	37169	0.0	1677.0
A6B47_RS15010	13	97.175	354	10	0	1	354	3584	3231	3.439999999999999e-172	599.0
A6B47_RS15090	18	96.939	2352	66	3	1	2346	15561	13210	0.0	3940.0
A6B47_RS15095	18	98.845	2252	23	3	1	2252	13223	10975	0.0	4012.0
A6B47_RS15250	18	98.667	225	3	0	1	225	23316	23092	2.3099999999999995e-112	399.0
A6B47_RS15255	18	97.14299999999999	210	6	0	1	210	23031	22822	4.699999999999999e-99	355.0
A6B47_RS15260	18	96.37	303	11	0	1	303	22810	22508	3.0399999999999995e-142	499.0
A6B47_RS15265	18	98.273	1332	20	2	1	1332	22080	20752	0.0	2329.0
A6B47_RS15270	18	98.006	351	7	0	1	351	20755	20405	1.5799999999999997e-175	610.0
A6B47_RS15280	18	100.0	111	0	0	1	111	20154	20044	2.4200000000000002e-54	206.0
A6B47_RS15285	18	99.303	287	2	0	1	287	19804	19518	2.2899999999999994e-148	520.0
EsVE80_RS13400	18	95.833	360	15	0	1	360	38909	39268	3.529999999999999e-167	582.0
EsVE80_RS13405	18	97.75299999999999	267	6	0	1	267	38484	38750	1.2599999999999997e-130	460.0
EsVE80_RS13410	18	96.359	357	13	0	1	357	38138	38494	7.519999999999998e-169	588.0
EsVE80_RS13425	18	95.5	600	27	0	1	600	27929	28528	0.0	959.0
EsVE80_RS13475	18	99.054	1163	10	1	1	1163	23795	24956	0.0	2085.0
AL026_RS00840	18	99.656	1163	3	1	1	1163	23795	24956	0.0	2124.0
AL026_RS00910	18	99.57	1163	4	1	1	1163	23795	24956	0.0	2119.0
AL026_RS01420	18	99.484	1163	5	1	1	1163	23795	24956	0.0	2113.0
BST98_RS21320	11	96.552	87	3	0	1	87	18297	18383	3.9599999999999996e-36	145.0
EFE1165_RS14260	18	99.57	1163	4	1	1	1163	23795	24956	0.0	2119.0
EFE1165_RS14330	18	99.57	1163	4	1	1	1163	23795	24956	0.0	2119.0
EFE1165_RS14635	18	99.57	1163	4	1	1	1163	23795	24956	0.0	2119.0
EFE1165_RS15030	18	99.57	1163	4	1	1	1163	23795	24956	0.0	2119.0
DTO64_RS16240	18	96.87	1885	51	4	7	1884	15555	13672	0.0	3147.0
DTO64_RS16250	18	97.273	2347	55	5	7	2345	15555	13210	0.0	3971.0
DTO64_RS16255	18	98.979	2252	20	3	1	2252	13223	10975	0.0	4028.0
DTO64_RS16365	20	98.667	375	5	0	1	375	32398	32772	0.0	665.0
DTO64_RS16380	20	99.13	345	3	0	1	345	31921	31577	7.149999999999998e-179	621.0
DTO64_RS16510	18	98.227	282	5	0	7	288	23591	23310	1.3399999999999996e-140	494.0
DTO64_RS16515	18	99.556	225	1	0	1	225	23316	23092	1.0699999999999998e-115	411.0
DTO64_RS16520	18	99.04799999999999	210	2	0	1	210	23031	22822	9.999999999999998e-106	377.0
DTO64_RS16525	18	97.36	303	8	0	1	303	22810	22508	3.0199999999999993e-147	516.0
DTO64_RS16530	18	98.309	414	7	0	1	414	22080	21667	0.0	726.0
DTO64_RS16545	18	98.152	920	17	0	2	921	21671	20752	0.0	1605.0
DTO64_RS16550	18	98.291	351	6	0	1	351	20755	20405	3.3899999999999987e-177	616.0
DTO64_RS16560	18	98.198	111	2	0	1	111	20154	20044	5.2499999999999996e-51	195.0
DTO64_RS16575	18	99.73100000000001	372	1	0	1	372	19039	19410	0.0	682.0
DTO64_RS16580	18	99.882	846	1	0	1	846	18201	19046	0.0	1557.0
DTO64_RS16590	18	96.051	1013	36	4	1	1011	17729	16719	0.0	1646.0
DTO64_RS16670	13	96.559	3894	129	4	1	3891	7537	3646	0.0	6444.0
DTO64_RS16675	13	98.305	354	6	0	1	354	3584	3231	7.349999999999998e-179	621.0
DTO64_RS16680	13	97.662	385	9	0	1	385	3209	2825	0.0	662.0
DTO64_RS16750	18	96.898	2353	64	7	1	2345	15561	13210	0.0	3932.0
D9C02_RS25015	11	96.581	117	4	0	1	117	18267	18383	5.59e-51	195.0
D9C02_RS25020	11	96.042	1920	76	0	1	1920	18399	20318	0.0	3125.0
EfmKUHS13_RS13955	18	99.484	1163	3	3	1	1161	23795	24956	0.0	2111.0
EfmKUHS13_RS14005	18	99.31299999999999	1165	5	3	1	1165	23795	24956	0.0	2104.0
EfmKUHS13_RS14240	18	99.301	1002	7	0	1	1002	38909	39910	0.0	1812.0
EfmKUHS13_RS14245	18	100.0	267	0	0	1	267	38484	38750	1.2399999999999996e-140	494.0
EfmKUHS13_RS14250	18	98.319	357	6	0	1	357	38138	38494	1.5899999999999997e-180	627.0
EfmKUHS13_RS14730	18	99.398	1163	5	2	1	1162	23795	24956	0.0	2108.0
HBA75_RS29870	8	95.946	74	3	0	1	74	288	361	5.4e-29	121.0
FORC82_RS23665	11	100.0	117	0	0	1	117	18267	18383	1.19e-57	217.0
FORC82_RS23670	11	97.5	1920	48	0	1	1920	18399	20318	0.0	3280.0
GKQ57_RS14000	13	97.191	356	7	1	1	356	3584	3232	3.479999999999999e-172	599.0
GKQ57_RS14275	18	98.319	1428	24	0	1	1428	42396	43823	0.0	2505.0
GKQ57_RS14280	18	98.65299999999999	594	8	0	1	594	41825	42418	0.0	1053.0
GKQ57_RS14300	18	98.227	282	5	0	7	288	23591	23310	1.3399999999999996e-140	494.0
GKQ57_RS14305	18	99.556	225	1	0	1	225	23316	23092	1.0699999999999998e-115	411.0
GKQ57_RS14310	18	99.04799999999999	210	2	0	1	210	23031	22822	9.999999999999998e-106	377.0
GKQ57_RS14315	18	97.36	303	8	0	1	303	22810	22508	3.0199999999999993e-147	516.0
GKQ57_RS14320	18	99.24799999999999	1329	10	0	1	1329	22080	20752	0.0	2399.0
GKQ57_RS14325	18	98.006	351	7	0	1	351	20755	20405	1.5799999999999997e-175	610.0
GKQ57_RS14330	18	100.0	111	0	0	1	111	20154	20044	2.4200000000000002e-54	206.0
GKQ57_RS14335	18	98.955	287	3	0	1	287	19804	19518	1.0599999999999997e-146	514.0
GKQ57_RS14350	18	100.0	1011	0	0	1	1011	17729	16719	0.0	1868.0
GKQ57_RS14355	18	99.9	999	0	1	1	998	16690	15692	0.0	1838.0
GKQ57_RS14360	18	100.0	2352	0	0	1	2352	15561	13210	0.0	4344.0
GKQ57_RS14365	18	99.867	2259	3	0	1	2259	13223	10965	0.0	4156.0
GKQ57_RS14370	18	100.0	786	0	0	1	786	10442	9657	0.0	1452.0
GKQ57_RS14475	34	99.896	960	1	0	1	960	99	1058	0.0	1768.0
GKQ57_RS14485	18	98.319	1428	24	0	1	1428	42396	43823	0.0	2505.0
GKQ57_RS14490	18	98.65299999999999	594	8	0	1	594	41825	42418	0.0	1053.0
GKQ57_RS14505	18	100.0	615	0	0	1	615	40893	40279	0.0	1136.0
GKQ57_RS14510	18	100.0	1002	0	0	1	1002	38909	39910	0.0	1851.0
GKQ57_RS14515	18	100.0	267	0	0	1	267	38484	38750	1.2399999999999996e-140	494.0
GKQ57_RS14520	18	100.0	357	0	0	1	357	38138	38494	0.0	660.0
GKQ57_RS14525	18	100.0	783	0	0	1	783	37302	38084	0.0	1447.0
GKQ57_RS14530	18	99.58	1191	5	0	1	1191	35951	37141	0.0	2172.0
GKQ57_RS14535	18	100.0	645	0	0	1	645	35033	35677	0.0	1192.0
GKQ57_RS14540	18	100.0	948	0	0	1	948	34080	35027	0.0	1751.0
GKQ57_RS14545	18	100.0	1368	0	0	1	1368	32524	33891	0.0	2527.0
GKQ57_RS14550	18	100.0	279	0	0	1	279	32230	32508	2.7599999999999996e-147	516.0
GKQ57_RS14555	18	100.0	459	0	0	1	459	31750	32208	0.0	848.0
GKQ57_RS14560	18	100.0	750	0	0	1	750	30959	31708	0.0	1386.0
GKQ57_RS14565	18	100.0	663	0	0	1	663	30728	30066	0.0	1225.0
GKQ57_RS14570	18	100.0	1335	0	0	1	1335	28740	30074	0.0	2466.0
GKQ57_RS14575	18	100.0	600	0	0	1	600	27929	28528	0.0	1109.0
GKQ57_RS14580	18	100.0	939	0	0	1	939	27403	26465	0.0	1735.0
GKQ57_RS14585	18	100.0	1038	0	0	1	1038	26439	25402	0.0	1917.0
GKQ57_RS14590	18	100.0	1162	0	0	1	1162	23795	24956	0.0	2146.0
GKQ57_RS14595	18	100.0	108	0	0	1	108	23721	23614	1.0900000000000001e-52	200.0
GKQ57_RS14600	18	100.0	315	0	0	1	315	23624	23310	3.0599999999999994e-167	582.0
GKQ57_RS14605	18	100.0	225	0	0	1	225	23316	23092	2.289999999999999e-117	416.0
GKQ57_RS14610	18	100.0	210	0	0	1	210	23031	22822	4.629999999999998e-109	388.0
GKQ57_RS14615	18	100.0	303	0	0	1	303	22810	22508	1.3799999999999994e-160	560.0
GKQ57_RS14620	18	100.0	1329	0	0	1	1329	22080	20752	0.0	2455.0
GKQ57_RS14625	18	98.006	351	7	0	1	351	20755	20405	1.5799999999999997e-175	610.0
GKQ57_RS14630	18	100.0	111	0	0	1	111	20154	20044	2.4200000000000002e-54	206.0
GKQ57_RS14635	18	100.0	291	0	0	1	291	19804	19514	6.169999999999999e-154	538.0
GKQ57_RS14640	18	100.0	372	0	0	1	372	19039	19410	0.0	688.0
GKQ57_RS14645	18	100.0	846	0	0	1	846	18201	19046	0.0	1563.0
F0T12_RS11840	11	100.0	117	0	0	1	117	18267	18383	1.19e-57	217.0
F0T11_RS11675	11	100.0	117	0	0	1	117	18267	18383	1.19e-57	217.0
F0T10_RS11825	11	100.0	117	0	0	1	117	18267	18383	1.19e-57	217.0
DPAN417_RS10640	11	96.164	1929	65	1	1	1929	18399	20318	0.0	3144.0
DPAN417_RS10645	11	100.0	117	0	0	1	117	18267	18383	1.19e-57	217.0
YBT1518_RS30485	8	95.946	74	3	0	1	74	288	361	5.4e-29	121.0
FKW92_RS14005	34	98.958	960	10	0	1	960	99	1058	0.0	1718.0
FKW92_RS14125	18	99.57	1163	4	1	1	1163	23795	24956	0.0	2119.0
FKW92_RS14185	18	99.656	1163	3	1	1	1163	23795	24956	0.0	2124.0
FKW92_RS14335	18	99.656	1163	3	1	1	1163	23795	24956	0.0	2124.0
FKW92_RS14380	18	99.57	1163	4	1	1	1163	23795	24956	0.0	2119.0
FKW92_RS16130	18	99.57	1163	4	1	1	1163	23795	24956	0.0	2119.0
FGF59_RS24455	11	96.042	1920	76	0	1	1920	18399	20318	0.0	3125.0
FGF59_RS24460	11	96.581	117	4	0	1	117	18267	18383	5.59e-51	195.0
FGO77_RS24695	11	96.042	1920	76	0	1	1920	18399	20318	0.0	3125.0
FGO77_RS24700	11	96.581	117	4	0	1	117	18267	18383	5.59e-51	195.0
FE005_RS16215	18	95.167	600	29	0	1	600	27929	28528	0.0	948.0
FE005_RS16235	8	97.29700000000001	74	2	0	1	74	288	361	1.1599999999999999e-30	126.0
FGF98_RS00150	18	97.75299999999999	267	6	0	1	267	38484	38750	1.2599999999999997e-130	460.0
FGF98_RS00155	18	96.07799999999999	357	14	0	1	357	38138	38494	3.4999999999999984e-167	582.0
FGF98_RS00170	18	95.5	600	27	0	1	600	27929	28528	0.0	959.0
FGF98_RS00205	18	99.484	1163	5	1	1	1163	23795	24956	0.0	2113.0
FGF98_RS00460	18	99.57	1163	4	1	1	1163	23795	24956	0.0	2119.0
FGF98_RS00645	34	98.75	960	12	0	1	960	99	1058	0.0	1707.0
FGF98_RS00770	18	99.656	1163	3	1	1	1163	23795	24956	0.0	2124.0
FGF98_RS00970	18	99.656	1163	3	1	1	1163	23795	24956	0.0	2124.0
FGF98_RS01035	18	99.57	1163	4	1	1	1163	23795	24956	0.0	2119.0
FGF98_RS15390	18	99.57	1163	4	1	1	1163	23795	24956	0.0	2119.0
FGY81_RS14395	18	98.319	357	6	0	1	357	38138	38494	1.5899999999999997e-180	627.0
FGY81_RS14400	18	100.0	267	0	0	1	267	38484	38750	1.2399999999999996e-140	494.0
FGY81_RS14405	18	99.34	909	6	0	1	909	38909	39817	0.0	1646.0
FGY81_RS14620	18	99.656	1163	3	1	1	1163	23795	24956	0.0	2124.0
FGY81_RS14785	18	99.656	1163	3	1	1	1163	23795	24956	0.0	2124.0
FGY81_RS15785	18	99.484	1163	5	1	1	1163	23795	24956	0.0	2113.0
FHE73_RS28860	8	95.946	74	3	0	1	74	288	361	5.4e-29	121.0
SAW_RS16855	18	98.227	282	5	0	7	288	23591	23310	1.3399999999999996e-140	494.0
SAW_RS16860	18	98.667	225	3	0	1	225	23316	23092	2.3099999999999995e-112	399.0
SAW_RS16865	18	97.619	210	5	0	1	210	23031	22822	1.0099999999999998e-100	361.0
SAW_RS16870	18	96.37	303	11	0	1	303	22810	22508	3.0399999999999995e-142	499.0
SAW_RS16875	18	98.42	1329	21	0	1	1329	22080	20752	0.0	2338.0
SAW_RS16880	18	98.291	351	6	0	1	351	20755	20405	3.3899999999999987e-177	616.0
SAW_RS16890	18	98.198	111	2	0	1	111	20154	20044	5.2499999999999996e-51	195.0
SAW_RS16910	18	99.73100000000001	372	1	0	1	372	19039	19410	0.0	682.0
SAW_RS16915	18	99.882	846	1	0	1	846	18201	19046	0.0	1557.0
SAW_RS16925	18	96.051	1013	36	4	1	1011	17729	16719	0.0	1646.0
SAW_RS16985	13	95.89299999999999	3896	151	8	1	3891	7537	3646	0.0	6300.0
SAW_RS16990	13	96.919	357	8	1	1	357	3584	3231	4.499999999999999e-171	595.0
HXC88_RS00855	11	96.552	87	3	0	1	87	18297	18383	3.9599999999999996e-36	145.0
HXG71_RS00090	11	97.5	1920	48	0	1	1920	18399	20318	0.0	3280.0
HXG71_RS00095	11	100.0	117	0	0	1	117	18267	18383	1.19e-57	217.0
HXG71_RS00100	11	99.68799999999999	642	2	0	1	642	17381	18022	0.0	1175.0
HXG38_RS00035	18	99.46799999999999	939	5	0	1	939	27403	26465	0.0	1707.0
HXG38_RS00040	18	99.615	1038	4	0	1	1038	26439	25402	0.0	1895.0
UCCLB556_RS12545	8	95.946	74	3	0	1	74	288	361	5.4e-29	121.0
HXD63_RS00660	11	96.552	87	3	0	1	87	18297	18383	3.9599999999999996e-36	145.0
