HKJ52_RS00015	49	97.59	249	5	1	8	255	2381	2133	4.339999999999999e-120	425.0
HKJ59_RS00010	49	96.38600000000001	249	6	3	8	253	2381	2133	1.5599999999999996e-114	407.0
HS358_RS00105	39	99.70200000000001	1680	5	0	1	1680	921	2600	0.0	3075.0
HS358_RS00110	39	98.815	422	5	0	1	422	734	313	0.0	752.0
HS358_RS00155	33	99.21600000000001	1530	12	0	1	1530	41	1570	0.0	2760.0
HS358_RS00350	41	96.087	230	8	1	1	230	414	186	1.4499999999999997e-104	374.0
pMG1_p05	41	100.0	291	0	0	1	291	12572	12862	6.129999999999999e-154	538.0
pMG1_p06	41	99.68799999999999	640	2	0	1	640	13090	13729	0.0	1171.0
pMG2200_85	48	100.0	105	0	0	1	105	586	482	4.8699999999999994e-51	195.0
pMG2200_89	48	96.396	111	4	0	1	111	486	376	1.13e-47	183.0
pCF10_04	4	95.189	291	12	2	1	290	157389	157678	5.019999999999999e-130	459.0
pCF10_33	41	98.90100000000001	273	3	0	1	273	11970	11698	5.869999999999999e-139	488.0
pCF10_34	41	100.0	357	0	0	1	357	11452	11096	0.0	660.0
pCF10_35	41	98.90799999999999	1649	18	0	1	1649	11095	9447	0.0	2946.0
pCF10_37	41	100.0	168	0	0	1	168	8703	8536	7.979999999999998e-86	311.0
pCF10_55	48	99.111	225	2	0	1	225	586	362	4.929999999999999e-114	405.0
HS082_RS00040	41	99.82700000000001	1158	2	0	1	1158	12572	13729	0.0	2128.0
HS082_RS00150	41	99.634	273	1	0	1	273	11970	11698	2.7099999999999993e-142	499.0
HS082_RS00165	41	99.715	351	1	0	1	351	9377	9027	0.0	643.0
HS082_RS00170	41	100.0	166	0	0	1	166	8703	8538	1.05e-84	307.0
HS082_RS00175	41	99.479	1344	7	0	1	1344	7167	8510	0.0	2444.0
HS082_RS00180	41	97.179	780	16	3	1	774	6388	7167	0.0	1314.0
HS082_RS00390	48	98.995	597	6	0	1	597	1480	884	0.0	1070.0
HS082_RS00395	48	100.0	288	0	0	1	288	867	580	2.819999999999999e-152	532.0
HS082_RS00400	48	99.111	225	2	0	1	225	586	362	4.929999999999999e-114	405.0
HS082_RS00405	48	98.571	210	3	0	1	210	302	93	4.629999999999999e-104	372.0
pWZ1668_p08	41	99.51899999999999	832	4	0	1	832	12898	13729	0.0	1515.0
pWZ1668_p09	41	99.656	291	1	0	1	291	12572	12862	2.8499999999999993e-152	532.0
pTW9_p01	48	95.008	621	30	1	1	620	1505	885	0.0	974.0
pTW9_p07	4	95.86200000000001	290	12	0	1	290	157389	157678	2.319999999999999e-133	470.0
pTW9_p49	39	99.425	348	2	0	1	348	14073	13726	0.0	632.0
pTW9_p55	39	95.488	687	31	0	1	687	14412	13726	0.0	1098.0
pTW9_p83	39	99.709	687	2	0	1	687	14412	13726	0.0	1258.0
HS307_RS00025	39	95.79299999999999	618	26	0	1	618	3251	3868	0.0	998.0
HS735_RS00055	33	99.346	1530	10	0	1	1530	41	1570	0.0	2771.0
HS690_RS00070	39	99.762	1679	4	0	1	1679	921	2599	0.0	3079.0
HS704_RS00035	41	99.574	939	4	0	1	939	1648	2586	0.0	1712.0
HS704_RS00040	41	99.904	1038	1	0	1	1038	2612	3649	0.0	1912.0
HS814_RS00230	41	99.574	939	4	0	1	939	1648	2586	0.0	1712.0
HS814_RS00235	41	99.904	1038	1	0	1	1038	2612	3649	0.0	1912.0
G7C14_RS00115	41	100.0	69	0	0	1	69	237	169	2.91e-31	128.0
G7C14_RS00130	41	100.0	105	0	0	1	105	273	169	4.8699999999999994e-51	195.0
PVF_RS00190	39	99.52600000000001	422	2	0	1	422	734	313	0.0	769.0
PVF_RS00195	39	99.70200000000001	1680	5	0	1	1680	921	2600	0.0	3075.0
pSM19035_004	39	95.469	618	28	0	1	618	3251	3868	0.0	987.0
pSM19035_017	39	95.469	618	28	0	1	618	3251	3868	0.0	987.0
HS798_RS00080	46	95.294	255	12	0	1	255	1053	1307	5.649999999999999e-114	405.0
HS798_RS00090	41	99.82700000000001	1158	2	0	1	1158	12572	13729	0.0	2128.0
HS674_RS00005	41	96.74799999999999	123	4	0	1	123	291	169	2.719999999999999e-54	206.0
HXI36_RS00040	39	95.469	618	28	0	1	618	3251	3868	0.0	987.0
HXI36_RS00290	41	99.82700000000001	1158	2	0	1	1158	12572	13729	0.0	2128.0
HXI36_RS00300	46	95.686	255	11	0	1	255	1053	1307	1.2099999999999996e-115	411.0
HS492_RS00005	49	100.0	975	0	0	1	975	1	975	0.0	1801.0
HS492_RS00010	49	100.0	162	0	0	1	162	1375	1536	1.6599999999999997e-82	300.0
HS492_RS00015	49	100.0	429	0	0	1	429	2033	1605	0.0	793.0
HS492_RS00020	49	100.0	255	0	0	1	255	2387	2133	5.489999999999999e-134	472.0
HS346_RS00150	39	99.881	1680	2	0	1	1680	921	2600	0.0	3092.0
D686_p36	41	99.51899999999999	832	4	0	1	832	12898	13729	0.0	1515.0
D686_p37	41	99.656	291	1	0	1	291	12572	12862	2.8499999999999993e-152	532.0
HS631_RS00165	33	99.281	1530	11	0	1	1530	41	1570	0.0	2765.0
HS631_RS00185	39	99.821	1680	3	0	1	1680	921	2600	0.0	3086.0
D686_p1035	41	99.51899999999999	832	4	0	1	832	12898	13729	0.0	1515.0
D686_p1036	41	99.656	291	1	0	1	291	12572	12862	2.8499999999999993e-152	532.0
HS335_RS00030	39	98.544	618	9	0	1	618	3251	3868	0.0	1092.0
PGL3_p7	41	99.46799999999999	939	5	0	1	939	1648	2586	0.0	1707.0
PGL3_p8	41	99.711	1038	3	0	1	1038	2612	3649	0.0	1901.0
HTA37_RS00005	49	100.0	255	0	0	1	255	2387	2133	5.489999999999999e-134	472.0
HTA37_RS00010	49	99.76700000000001	429	1	0	1	429	2033	1605	0.0	787.0
HTA37_RS00015	49	100.0	162	0	0	1	162	1375	1536	1.6599999999999997e-82	300.0
HTA37_RS00020	49	99.59100000000001	977	2	2	1	977	1	975	0.0	1781.0
HKJ00_RS00225	41	99.12299999999999	114	1	0	1	114	282	169	2.49e-54	206.0
D684_p4004	39	95.469	618	28	0	1	618	3251	3868	0.0	987.0
D684_p4017	39	95.469	618	28	0	1	618	3251	3868	0.0	987.0
CY96_RS27335	31	95.946	74	3	0	1	74	16640	16567	5.36e-29	121.0
FHK66_RS13850	41	99.741	1159	2	1	1	1159	12572	13729	0.0	2122.0
FHK66_RS14755	41	99.655	1158	4	0	1	1158	12572	13729	0.0	2117.0
FHK66_RS14870	41	98.99700000000001	299	3	0	14	312	467	169	2.3799999999999996e-153	536.0
FJM50_RS28575	31	98.611	72	1	0	1	72	15286	15215	3.0899999999999997e-31	128.0
FJM50_RS28575	31	98.611	72	1	0	1	72	16052	15981	3.0899999999999997e-31	128.0
FJM50_RS28575	19	98.611	72	1	0	1	72	50908	50837	3.0899999999999997e-31	128.0
FJM50_RS28585	31	97.29700000000001	74	2	0	1	74	15473	15400	1.22e-30	126.0
FJM50_RS28585	31	97.29700000000001	74	2	0	1	74	16140	16067	1.22e-30	126.0
FJM50_RS28605	61	98.63	73	1	0	1	73	93	21	9.23e-32	130.0
FJM50_RS28605	31	98.63	73	1	0	1	73	16830	16758	9.23e-32	130.0
FJM50_RS28610	31	100.0	74	0	0	1	74	16917	16844	5.6199999999999996e-34	137.0
FJM50_RS28610	11	100.0	74	0	0	1	74	93103	93030	5.6199999999999996e-34	137.0
BSQ49_RS11875	33	98.954	1530	16	0	1	1530	41	1570	0.0	2737.0
Wei3612_RS11620	33	98.56200000000001	1530	22	0	1	1530	41	1570	0.0	2704.0
FKZ20_RS00765	41	99.568	1158	5	0	1	1158	12572	13729	0.0	2111.0
FKZ20_RS01065	41	99.914	1158	1	0	1	1158	12572	13729	0.0	2134.0
FKZ20_RS01135	41	99.82700000000001	1158	2	0	1	1158	12572	13729	0.0	2128.0
FKZ20_RS01550	41	98.611	72	0	1	1	72	868	798	1.11e-30	126.0
FKZ20_RS15805	46	95.686	255	11	0	1	255	1053	1307	1.2099999999999996e-115	411.0
FKZ20_RS15815	41	99.82700000000001	1158	2	0	1	1158	12572	13729	0.0	2128.0
EXV96_RS14190	41	99.914	1158	1	0	1	1158	12572	13729	0.0	2134.0
EXV96_RS14255	41	99.914	1158	1	0	1	1158	12572	13729	0.0	2134.0
EXV96_RS14340	41	98.611	72	0	1	1	72	868	798	1.11e-30	126.0
EXV96_RS14355	41	98.649	74	0	1	2	75	870	798	9.07e-32	130.0
EXV96_RS14645	33	99.484	1163	6	0	1	1163	3529	2367	0.0	2115.0
EXV96_RS14665	33	99.068	644	6	0	1	644	3529	2886	0.0	1157.0
EXV96_RS15800	46	95.686	255	11	0	1	255	1053	1307	1.2099999999999996e-115	411.0
EXV96_RS15810	41	99.82700000000001	1158	2	0	1	1158	12572	13729	0.0	2128.0
EXV96_RS15910	39	97.727	132	3	0	1	132	202	71	6.25e-61	228.0
EXV96_RS15930	39	97.727	132	3	0	1	132	202	71	6.25e-61	228.0
EXV96_RS15955	39	98.361	183	3	0	1	183	202	20	4.06e-89	322.0
EXV96_RS15960	39	96.51700000000001	201	5	2	11	209	4345	4545	7.86e-92	331.0
BSQ50_RS11835	33	98.954	1530	16	0	1	1530	41	1570	0.0	2737.0
LLKF_RS13450	41	96.0	75	2	1	1	75	868	795	5.460000000000001e-29	121.0
OEA_RS33475	31	100.0	74	0	0	1	74	16917	16844	5.6199999999999996e-34	137.0
OEA_RS33475	11	100.0	74	0	0	1	74	93103	93030	5.6199999999999996e-34	137.0
OEA_RS33480	61	97.26	73	1	1	1	72	93	21	1.52e-29	122.0
OEA_RS33480	31	97.26	73	1	1	1	72	16830	16758	1.52e-29	122.0
OEA_RS33500	31	97.29700000000001	74	2	0	1	74	15473	15400	1.22e-30	126.0
OEA_RS33500	31	97.29700000000001	74	2	0	1	74	16140	16067	1.22e-30	126.0
OEA_RS33510	31	98.611	72	1	0	1	72	15286	15215	3.0899999999999997e-31	128.0
OEA_RS33510	31	98.611	72	1	0	1	72	16052	15981	3.0899999999999997e-31	128.0
OEA_RS33510	19	98.611	72	1	0	1	72	50908	50837	3.0899999999999997e-31	128.0
EFD32_RS15050	39	99.709	687	2	0	1	687	14412	13726	0.0	1258.0
UC509_RS12930	41	98.649	74	0	1	2	75	870	798	9.07e-32	130.0
UC509_RS12995	41	98.649	74	0	1	2	75	870	798	9.07e-32	130.0
UC509_RS12785	39	99.54299999999999	219	1	0	1	219	734	516	2.2299999999999995e-112	399.0
UC509_RS13000	39	99.065	107	1	0	1	107	761	867	1.79e-50	193.0
UC509_RS12200	39	99.821	1680	3	0	1	1680	921	2600	0.0	3086.0
UC509_RS13005	39	100.0	75	0	0	1	75	2648	2722	1.51e-34	139.0
UC509_RS13010	41	97.22200000000001	72	1	1	1	72	868	798	5.17e-29	121.0
UC509_RS13015	41	98.649	74	0	1	2	75	870	798	9.07e-32	130.0
UC509_RS12795	41	100.0	113	0	0	1	113	798	686	1.9199999999999996e-55	209.0
UC509_RS13020	41	98.198	111	2	0	1	111	279	169	5.2100000000000005e-51	195.0
UC509_RS12310	41	99.807	1038	2	0	1	1038	2612	3649	0.0	1906.0
UC509_RS12315	41	99.361	939	6	0	1	939	1648	2586	0.0	1701.0
MC28_RS27620	31	98.649	74	1	0	1	74	16640	16567	2.48e-32	132.0
MC28_RS29740	31	98.649	74	1	0	1	74	16640	16567	2.48e-32	132.0
AL024_RS16965	41	98.611	72	0	1	1	72	868	798	1.11e-30	126.0
AL024_RS15385	33	100.0	99	0	0	1	99	2239	2337	9.809999999999999e-48	183.0
AL024_RS15390	33	99.31200000000001	1163	8	0	1	1163	3529	2367	0.0	2104.0
AL024_RS16975	41	98.611	72	0	1	1	72	868	798	1.11e-30	126.0
AL024_RS15680	41	99.82700000000001	1158	2	0	1	1158	12572	13729	0.0	2128.0
AL024_RS15745	41	99.914	1158	1	0	1	1158	12572	13729	0.0	2134.0
HK93_RS16910	41	98.649	74	0	1	2	75	870	798	9.07e-32	130.0
DN407_RS31340	31	97.29700000000001	74	2	0	1	74	16640	16567	1.15e-30	126.0
FZP47_RS13220	41	99.82700000000001	1158	2	0	1	1158	12572	13729	0.0	2128.0
FS851_RS15150	21	98.625	291	4	0	1	291	1968	1678	2.869999999999999e-147	516.0
F0220_RS30810	19	100.0	74	0	0	1	74	50442	50369	5.319999999999999e-34	137.0
FTN78_RS00045	41	99.807	1038	2	0	1	1038	2612	3649	0.0	1906.0
FTN78_RS00050	41	99.46799999999999	939	5	0	1	939	1648	2586	0.0	1707.0
FTN78_RS12565	41	98.649	74	0	1	2	75	870	798	9.07e-32	130.0
FTN78_RS12595	41	98.611	72	0	1	1	72	868	798	1.11e-30	126.0
FTN78_RS12600	39	99.065	107	1	0	1	107	761	867	1.79e-50	193.0
FTN78_RS12605	39	99.821	1680	3	0	1	1680	921	2600	0.0	3086.0
FTN78_RS13060	41	99.574	939	4	0	1	939	1648	2586	0.0	1712.0
FTN78_RS13065	41	99.904	1038	1	0	1	1038	2612	3649	0.0	1912.0
FTN78_RS13075	41	98.611	72	0	1	1	72	868	798	1.11e-30	126.0
FTN78_RS13130	41	97.22200000000001	72	1	1	1	72	868	798	5.17e-29	121.0
FTN78_RS13155	41	97.22200000000001	72	1	1	1	72	868	798	5.17e-29	121.0
FTN78_RS13220	41	97.22200000000001	72	1	1	1	72	868	798	5.17e-29	121.0
FTN78_RS13275	41	98.611	72	0	1	1	72	868	798	1.11e-30	126.0
FTN78_RS13350	41	98.198	111	2	0	1	111	279	169	5.2100000000000005e-51	195.0
FTN78_RS13500	41	97.561	123	3	0	1	123	291	169	5.849999999999999e-56	211.0
F6440_RS14475	41	99.914	1158	1	0	1	1158	12572	13729	0.0	2134.0
F6440_RS14790	41	99.914	1158	1	0	1	1158	12572	13729	0.0	2134.0
F6440_RS14855	41	99.82700000000001	1158	2	0	1	1158	12572	13729	0.0	2128.0
F6440_RS14890	41	98.611	72	0	1	1	72	868	798	1.11e-30	126.0
F6440_RS14935	41	98.611	72	0	1	1	72	868	798	1.11e-30	126.0
F6440_RS15095	33	99.31200000000001	1163	8	0	1	1163	3529	2367	0.0	2104.0
F6440_RS15115	33	99.14	1163	10	0	1	1163	3529	2367	0.0	2093.0
F6440_RS15120	33	100.0	99	0	0	1	99	2239	2337	9.809999999999999e-48	183.0
F6440_RS15230	41	98.611	72	0	1	1	72	868	798	1.11e-30	126.0
F6440_RS15325	41	99.82700000000001	1158	2	0	1	1158	12572	13729	0.0	2128.0
F6439_RS14655	41	99.914	1158	1	0	1	1158	12572	13729	0.0	2134.0
F6439_RS14700	41	98.649	74	0	1	2	75	870	798	9.07e-32	130.0
F6439_RS14715	41	98.611	72	0	1	1	72	868	798	1.11e-30	126.0
F6439_RS14760	33	99.757	412	1	0	1	412	3101	2690	0.0	756.0
F6439_RS14785	41	99.914	1158	1	0	1	1158	12572	13729	0.0	2134.0
F6439_RS14850	41	99.914	1158	1	0	1	1158	12572	13729	0.0	2134.0
F6439_RS15005	41	99.655	1158	4	0	1	1158	12572	13729	0.0	2117.0
F6439_RS15035	41	98.611	72	0	1	1	72	868	798	1.11e-30	126.0
F6439_RS15335	33	99.068	644	6	0	1	644	3529	2886	0.0	1157.0
F6439_RS15730	46	95.686	255	11	0	1	255	1053	1307	1.2099999999999996e-115	411.0
F6439_RS15740	41	99.82700000000001	1158	2	0	1	1158	12572	13729	0.0	2128.0
F6439_RS16435	41	98.649	74	0	1	2	75	870	798	9.07e-32	130.0
BHS03_RS09660	33	97.77799999999999	135	3	0	1	135	1819	1685	1.3799999999999998e-62	233.0
EfmAA708_RS16180	41	99.741	1158	3	0	1	1158	12572	13729	0.0	2122.0
EfmAA708_RS16190	46	95.686	255	11	0	1	255	1053	1307	1.2099999999999996e-115	411.0
CGZ46_RS14440	41	99.43	351	2	0	1	351	9377	9027	0.0	638.0
CGZ46_RS14455	41	98.90100000000001	273	3	0	1	273	11970	11698	5.869999999999999e-139	488.0
CGZ46_RS14675	48	100.0	231	0	0	1	231	1709	1939	1.0799999999999999e-120	427.0
CGZ46_RS14680	48	99.708	342	1	0	1	342	1939	2280	1.5099999999999998e-180	627.0
CGZ46_RS14690	46	100.0	603	0	0	1	603	312	914	0.0	1114.0
CGZ46_RS14695	46	99.912	1139	0	1	1	1139	1053	2190	0.0	2097.0
CGZ46_RS14790	41	97.69200000000001	780	18	0	1	780	6388	7167	0.0	1341.0
CGZ46_RS14900	48	96.12700000000001	284	11	0	1	284	867	584	1.0299999999999998e-131	464.0
FOA09_RS14370	4	95.86200000000001	290	12	0	1	290	157389	157678	2.319999999999999e-133	470.0
FOA09_RS14395	48	95.134	596	29	0	1	596	1480	885	0.0	941.0
B4U48_RS15285	41	99.89200000000001	923	1	0	2	924	12807	13729	0.0	1700.0
EYB36_RS00050	41	95.0	780	39	0	1	780	6388	7167	0.0	1225.0
EYB36_RS00055	41	98.152	1299	24	0	1	1299	7167	8465	0.0	2266.0
EYB36_RS00295	48	98.667	225	3	0	1	225	586	362	2.29e-112	399.0
EYB36_RS00300	48	97.93799999999999	194	4	0	1	194	302	109	1.6099999999999998e-93	337.0
EYB36_RS00355	4	95.17200000000001	290	14	0	1	290	157389	157678	5.019999999999999e-130	459.0
EYB36_RS00550	48	98.70100000000001	231	3	0	1	231	1709	1939	1.0899999999999997e-115	411.0
EYB36_RS00555	48	98.24600000000001	342	6	0	1	342	1939	2280	3.2999999999999994e-172	599.0
EYB36_RS00620	39	99.709	687	2	0	1	687	14412	13726	0.0	1258.0
EYB36_RS00655	39	99.709	687	2	0	1	687	14412	13726	0.0	1258.0
GJ652_RS00430	33	99.398	1163	7	0	1	1163	3529	2367	0.0	2109.0
GJ652_RS00460	33	99.398	1163	7	0	1	1163	3529	2367	0.0	2109.0
GJ652_RS00520	33	99.27	959	7	0	1	959	3529	2571	0.0	1733.0
GJ652_RS00540	33	99.398	1163	7	0	1	1163	3529	2367	0.0	2109.0
GJ652_RS00915	41	99.914	1158	1	0	1	1158	12572	13729	0.0	2134.0
GJ652_RS16485	21	98.625	291	4	0	1	291	1968	1678	2.869999999999999e-147	516.0
GJ652_RS16495	39	95.469	618	28	0	1	618	3251	3868	0.0	987.0
XM37_RS13770	41	99.914	1158	1	0	1	1158	12572	13729	0.0	2134.0
XM37_RS13830	41	99.82700000000001	1158	2	0	1	1158	12572	13729	0.0	2128.0
XM37_RS14035	33	99.31200000000001	1163	8	0	1	1163	3529	2367	0.0	2104.0
CEQ83_RS26840	31	98.611	72	1	0	1	72	15286	15215	3.0899999999999997e-31	128.0
CEQ83_RS26840	31	98.611	72	1	0	1	72	16052	15981	3.0899999999999997e-31	128.0
CEQ83_RS26840	19	98.611	72	1	0	1	72	50908	50837	3.0899999999999997e-31	128.0
CEQ83_RS26845	31	97.29700000000001	74	2	0	1	74	15473	15400	1.15e-30	126.0
CEQ83_RS26845	31	97.29700000000001	74	2	0	1	74	16140	16067	1.15e-30	126.0
CEQ83_RS26865	61	98.63	73	1	0	1	73	93	21	9.23e-32	130.0
CEQ83_RS26865	31	98.63	73	1	0	1	73	16830	16758	9.23e-32	130.0
CEQ83_RS26870	31	100.0	74	0	0	1	74	16917	16844	5.6199999999999996e-34	137.0
CEQ83_RS26870	11	100.0	74	0	0	1	74	93103	93030	5.6199999999999996e-34	137.0
LLH_RS12895	39	99.821	1680	3	0	1	1680	921	2600	0.0	3086.0
LLH_RS13245	39	99.821	1680	3	0	1	1680	921	2600	0.0	3086.0
EfmE745_RS13895	41	99.91	1110	1	0	1	1110	12620	13729	0.0	2045.0
EfmE745_RS13950	41	99.82	1110	2	0	1	1110	12620	13729	0.0	2039.0
EfmE745_RS14000	41	99.741	1158	3	0	1	1158	12572	13729	0.0	2122.0
EfmE745_RS14220	33	99.31200000000001	1163	8	0	1	1163	3529	2367	0.0	2104.0
EfmE745_RS14240	33	99.14	1163	10	0	1	1163	3529	2367	0.0	2093.0
EfmE745_RS14675	39	95.469	618	28	0	1	618	3251	3868	0.0	987.0
BO233_RS15560	41	99.914	1158	1	0	1	1158	12572	13729	0.0	2134.0
BO233_RS15730	33	99.31200000000001	1163	8	0	1	1163	3529	2367	0.0	2104.0
BO233_RS15750	33	99.57	1163	5	0	1	1163	3529	2367	0.0	2121.0
BO233_RS15915	41	99.914	1158	1	0	1	1158	12572	13729	0.0	2134.0
BO233_RS16200	39	95.469	618	28	0	1	618	3251	3868	0.0	987.0
BZG32_RS16375	48	97.77799999999999	225	5	0	1	225	586	362	4.959999999999998e-109	388.0
BZG32_RS16380	48	97.917	288	6	0	1	288	867	580	2.859999999999999e-142	499.0
BZG32_RS16385	48	96.81700000000001	597	19	0	1	597	1480	884	0.0	998.0
BZG32_RS16655	39	99.709	687	2	0	1	687	14412	13726	0.0	1258.0
BZG32_RS16870	39	95.469	618	28	0	1	618	3251	3868	0.0	987.0
BZG32_RS17065	39	99.709	687	2	0	1	687	14412	13726	0.0	1258.0
YBT1520_RS30450	31	95.946	74	3	0	1	74	16640	16567	5.36e-29	121.0
BTK_RS33765	31	95.946	74	3	0	1	74	16640	16567	5.36e-29	121.0
DF16_RS31850	31	95.946	74	3	0	1	74	16640	16567	5.36e-29	121.0
BMT03_RS13405	55	98.77	244	3	0	1	244	141	384	6.87e-123	435.0
BMT03_RS13425	39	99.353	618	4	0	1	618	3251	3868	0.0	1120.0
BMT03_RS13660	41	96.31	271	10	0	3	273	1250	1520	3.579999999999999e-126	446.0
XI92_RS31140	31	95.946	74	3	0	1	74	16640	16567	5.36e-29	121.0
AXW78_RS27290	31	95.946	74	3	0	1	74	16640	16567	5.36e-29	121.0
A6P53_RS13035	39	99.709	687	2	0	1	687	14412	13726	0.0	1258.0
A6P53_RS13065	39	99.709	687	2	0	1	687	14412	13726	0.0	1258.0
BCM43_RS27650	31	95.946	74	3	0	1	74	16640	16567	5.36e-29	121.0
BHF65_RS09355	39	96.02	201	4	1	1	197	202	2	1.3099999999999998e-89	324.0
AZI09_RS12680	33	99.02	1531	13	2	1	1530	41	1570	0.0	2743.0
AZI10_RS12865	33	99.02	1531	13	2	1	1530	41	1570	0.0	2743.0
AZI11_RS14260	31	97.29700000000001	74	2	0	1	74	16640	16567	1.15e-30	126.0
GPK32_RS00475	39	99.029	309	3	0	1	309	734	426	6.499999999999998e-159	555.0
GPK32_RS01310	33	98.954	1530	16	0	1	1530	41	1570	0.0	2737.0
B2J90_RS28865	31	95.946	74	3	0	1	74	16640	16567	5.36e-29	121.0
BTI247_RS30975	31	95.946	74	3	0	1	74	16640	16567	5.36e-29	121.0
BTG_RS32805	31	98.649	74	1	0	1	74	16640	16567	2.48e-32	132.0
BOQ65_RS16110	39	99.762	1680	4	0	1	1680	921	2600	0.0	3081.0
BIZ33_RS15185	33	98.17	1530	28	0	1	1530	41	1570	0.0	2671.0
BSR26_RS09995	33	99.15	1530	13	0	1	1530	41	1570	0.0	2754.0
BSR25_RS12535	41	97.561	123	3	0	1	123	291	169	5.849999999999999e-56	211.0
BSR25_RS13070	41	100.0	69	0	0	1	69	237	169	2.91e-31	128.0
BSR25_RS12850	39	99.821	1680	3	0	1	1680	921	2600	0.0	3086.0
S101174_RS12535	33	99.281	1530	11	0	1	1530	41	1570	0.0	2765.0
S100194_RS08985	39	96.84700000000001	222	7	0	1	222	734	513	4.919999999999999e-104	372.0
S100194_RS08995	33	98.758	1530	19	0	1	1530	41	1570	0.0	2721.0
BT246_RS33775	31	95.946	74	3	0	1	74	16640	16567	5.36e-29	121.0
CNX66_RS14410	41	99.914	1158	1	0	1	1158	12572	13729	0.0	2134.0
CNX66_RS14475	41	99.914	1158	1	0	1	1158	12572	13729	0.0	2134.0
CNX66_RS15865	41	98.649	74	0	1	2	75	870	798	9.07e-32	130.0
CNX66_RS14905	33	99.484	1163	6	0	1	1163	3529	2367	0.0	2115.0
CNX66_RS14925	33	99.068	644	6	0	1	644	3529	2886	0.0	1157.0
CNX66_RS15445	41	99.741	1158	3	0	1	1158	12572	13729	0.0	2122.0
CNX66_RS15725	46	95.686	255	11	0	1	255	1053	1307	1.2099999999999996e-115	411.0
CNX66_RS15735	41	99.82700000000001	1158	2	0	1	1158	12572	13729	0.0	2128.0
FAM18149p_RS14925	39	99.70200000000001	1680	5	0	1	1680	921	2600	0.0	3075.0
CGZ63_RS29920	31	95.946	74	3	0	1	74	16640	16567	5.36e-29	121.0
CU067_RS00410	33	99.085	1530	14	0	1	1530	41	1570	0.0	2748.0
CG806_RS00100	39	98.238	681	2	1	1	671	14406	13726	0.0	1182.0
CG806_RS00135	39	98.238	681	2	1	1	671	14406	13726	0.0	1182.0
CG806_RS00295	46	97.181	603	17	0	1	603	312	914	0.0	1020.0
CG806_RS00305	48	98.24600000000001	342	6	0	1	342	1939	2280	3.2999999999999994e-172	599.0
CG806_RS00310	48	98.70100000000001	231	3	0	1	231	1709	1939	1.0899999999999997e-115	411.0
CG806_RS00415	41	99.256	1344	10	0	1	1344	7167	8510	0.0	2427.0
CG806_RS00420	41	95.385	780	36	0	1	780	6388	7167	0.0	1242.0
CG806_RS00725	41	99.26700000000001	273	2	0	1	273	11970	11698	1.2599999999999997e-140	494.0
CG806_RS00740	41	99.145	351	3	0	1	351	9377	9027	0.0	632.0
CG806_RS00825	39	99.837	612	1	0	1	612	14337	13726	0.0	1125.0
CG806_RS00835	4	95.86200000000001	290	12	0	1	290	157389	157678	2.319999999999999e-133	470.0
BBD24_RS15920	33	97.82600000000001	92	2	0	2	93	1776	1685	1.53e-40	159.0
CSW12_RS30015	31	95.946	74	3	0	1	74	16640	16567	5.36e-29	121.0
CX663_RS15125	41	99.914	1158	1	0	1	1158	12572	13729	0.0	2134.0
CX663_RS15565	33	99.068	644	6	0	1	644	3529	2886	0.0	1157.0
CX663_RS15585	33	99.484	1163	6	0	1	1163	3529	2367	0.0	2115.0
CX663_RS16325	41	99.82700000000001	1158	2	0	1	1158	12572	13729	0.0	2128.0
CX663_RS16335	46	95.686	255	11	0	1	255	1053	1307	1.2099999999999996e-115	411.0
CO993_RS15365	41	99.914	1158	1	0	1	1158	12572	13729	0.0	2134.0
CO993_RS15450	41	99.82700000000001	1158	2	0	1	1158	12572	13729	0.0	2128.0
CO999_RS15415	41	99.914	1158	1	0	1	1158	12572	13729	0.0	2134.0
CO999_RS15500	41	99.82700000000001	1158	2	0	1	1158	12572	13729	0.0	2128.0
CO997_RS15415	41	99.914	1158	1	0	1	1158	12572	13729	0.0	2134.0
CO997_RS15500	41	99.82700000000001	1158	2	0	1	1158	12572	13729	0.0	2128.0
CO996_RS15405	41	99.914	1158	1	0	1	1158	12572	13729	0.0	2134.0
CO996_RS15490	41	99.82700000000001	1158	2	0	1	1158	12572	13729	0.0	2128.0
CO994_RS15395	41	99.914	1158	1	0	1	1158	12572	13729	0.0	2134.0
CO994_RS15480	41	99.82700000000001	1158	2	0	1	1158	12572	13729	0.0	2128.0
CO995_RS15395	41	99.914	1158	1	0	1	1158	12572	13729	0.0	2134.0
CO995_RS15480	41	99.82700000000001	1158	2	0	1	1158	12572	13729	0.0	2128.0
CO998_RS15395	41	99.914	1158	1	0	1	1158	12572	13729	0.0	2134.0
CO998_RS15480	41	99.82700000000001	1158	2	0	1	1158	12572	13729	0.0	2128.0
BXT96_RS14885	33	99.484	1163	6	0	1	1163	3529	2367	0.0	2115.0
BXT96_RS14905	33	99.31200000000001	1163	8	0	1	1163	3529	2367	0.0	2104.0
BXT96_RS15060	41	99.568	1158	5	0	1	1158	12572	13729	0.0	2111.0
BXT96_RS16050	41	99.914	1158	1	0	1	1158	12572	13729	0.0	2134.0
BXT96_RS16115	41	99.82700000000001	1158	2	0	1	1158	12572	13729	0.0	2128.0
C1940_RS16680	31	95.946	74	3	0	1	74	16640	16567	5.36e-29	121.0
GAY71_RS22275	39	95.469	618	28	0	1	618	3251	3868	0.0	987.0
AL023_RS15620	41	99.914	1158	1	0	1	1158	12572	13729	0.0	2134.0
AL023_RS15690	41	99.82700000000001	1158	2	0	1	1158	12572	13729	0.0	2128.0
AL023_RS16020	33	99.484	1163	6	0	1	1163	3529	2367	0.0	2115.0
AL023_RS16040	33	99.31200000000001	1163	8	0	1	1163	3529	2367	0.0	2104.0
AL023_RS16200	41	99.568	1158	5	0	1	1158	12572	13729	0.0	2111.0
EBB55_RS14645	41	99.82700000000001	1158	2	0	1	1158	12572	13729	0.0	2128.0
EBB55_RS14795	41	99.82700000000001	1158	2	0	1	1158	12572	13729	0.0	2128.0
EBB55_RS14870	41	99.914	1158	1	0	1	1158	12572	13729	0.0	2134.0
EBB55_RS15340	33	99.27	959	7	0	1	959	3529	2571	0.0	1733.0
EBB55_RS15360	33	99.398	1163	7	0	1	1163	3529	2367	0.0	2109.0
EBB55_RS15955	41	99.914	1158	1	0	1	1158	12572	13729	0.0	2134.0
EBB55_RS15965	46	95.686	255	11	0	1	255	1053	1307	1.2099999999999996e-115	411.0
C7I30_RS13350	39	95.469	618	28	0	1	618	3251	3868	0.0	987.0
C7I31_RS14100	41	99.524	630	3	0	1	630	798	169	0.0	1147.0
C7I31_RS14110	41	99.697	330	1	0	1	330	1191	1520	6.819999999999998e-174	604.0
C7I31_RS14115	41	100.0	939	0	0	1	939	1648	2586	0.0	1735.0
C7I31_RS14120	41	100.0	1038	0	0	1	1038	2612	3649	0.0	1917.0
C7I31_RS14125	41	99.79799999999999	494	1	0	20	513	4447	3954	0.0	907.0
C7I31_RS14130	41	99.906	1064	1	0	1	1064	12572	13635	0.0	1960.0
C7I31_RS14150	48	95.49799999999999	622	27	1	1	621	1505	884	0.0	992.0
C7I31_RS14155	48	99.134	231	2	0	1	231	1709	1939	2.3399999999999994e-117	416.0
C7I31_RS14160	48	97.95299999999999	342	7	0	1	342	1939	2280	1.5299999999999994e-170	593.0
C7I31_RS14170	46	97.181	603	17	0	1	603	312	914	0.0	1020.0
C7I31_RS14225	41	98.899	454	4	1	1	453	8057	8510	0.0	809.0
C7I31_RS14235	41	98.291	351	5	1	1	350	9377	9027	1.2099999999999994e-176	614.0
C7I31_RS14245	41	96.919	357	11	0	1	357	11452	11096	3.449999999999999e-172	599.0
C7I31_RS14250	41	100.0	273	0	0	1	273	11970	11698	5.829999999999999e-144	505.0
C7I31_RS14255	41	98.374	492	8	0	1	492	12494	12003	0.0	865.0
C7I31_RS14260	41	99.741	1158	3	0	1	1158	12572	13729	0.0	2122.0
C7I31_RS14280	41	99.741	1158	3	0	1	1158	12572	13729	0.0	2122.0
C7I31_RS14290	4	99.79899999999999	996	2	0	1	996	160330	161325	0.0	1829.0
C7I31_RS14295	4	100.0	852	0	0	1	852	159667	158816	0.0	1574.0
C7I31_RS14300	4	100.0	543	0	0	1	543	158806	158264	0.0	1003.0
C7I32_RS15405	4	95.51700000000001	290	13	0	1	290	157389	157678	1.0799999999999997e-131	464.0
C7I32_RS15675	41	97.584	1283	31	0	17	1299	7183	8465	0.0	2198.0
C7I32_RS15740	4	95.17200000000001	290	14	0	1	290	157389	157678	5.019999999999999e-130	459.0
DOU32_RS14335	41	99.26700000000001	273	2	0	1	273	11970	11698	1.2599999999999997e-140	494.0
DOU32_RS14450	41	99.634	273	1	0	1	273	11970	11698	2.7099999999999993e-142	499.0
DOU32_RS14555	39	99.559	681	3	0	1	681	14406	13726	0.0	1242.0
DOU32_RS14590	39	99.706	681	2	0	1	681	14406	13726	0.0	1247.0
DOU32_RS14645	48	97.93799999999999	194	4	0	1	194	302	109	1.6099999999999998e-93	337.0
DOU32_RS14650	48	98.667	225	3	0	1	225	586	362	2.29e-112	399.0
DOU32_RS14725	41	97.429	350	9	0	1	350	9377	9028	1.2199999999999997e-171	597.0
DOU31_RS14365	39	99.706	681	2	0	1	681	14406	13726	0.0	1247.0
DOU31_RS14400	39	99.559	681	3	0	1	681	14406	13726	0.0	1242.0
DOU31_RS14505	41	99.634	273	1	0	1	273	11970	11698	2.7099999999999993e-142	499.0
DOU31_RS14510	41	96.919	357	11	0	1	357	11452	11096	3.449999999999999e-172	599.0
DOU31_RS14520	41	97.429	350	9	0	1	350	9377	9028	1.2199999999999997e-171	597.0
DOU31_RS14595	48	98.667	225	3	0	1	225	586	362	2.29e-112	399.0
DOU31_RS14600	48	97.93799999999999	194	4	0	1	194	302	109	1.6099999999999998e-93	337.0
DOU31_RS14780	41	99.43	351	2	0	1	351	9377	9027	0.0	638.0
DOU31_RS14790	41	96.639	357	12	0	1	357	11452	11096	1.6099999999999992e-170	593.0
DOU31_RS14795	41	98.90100000000001	273	3	0	1	273	11970	11698	5.869999999999999e-139	488.0
DOU31_RS14965	4	99.29700000000001	996	7	0	1	996	160330	161325	0.0	1801.0
DOU31_RS14970	4	96.831	852	27	0	1	852	159667	158816	0.0	1424.0
DOU31_RS14975	4	98.34299999999999	543	9	0	1	543	158806	158264	0.0	953.0
DOU31_RS14980	4	98.0	300	6	0	1	300	157389	157688	6.3799999999999984e-149	521.0
DOU31_RS14985	4	97.619	84	2	0	1	84	157057	157140	3.7599999999999996e-36	145.0
DOU31_RS15035	48	96.785	622	19	1	1	621	1505	884	0.0	1037.0
DOU31_RS15040	48	100.0	231	0	0	1	231	1709	1939	1.0799999999999999e-120	427.0
DOU31_RS15045	48	99.708	342	1	0	1	342	1939	2280	1.5099999999999998e-180	627.0
DOU31_RS15055	46	100.0	603	0	0	1	603	312	914	0.0	1114.0
DOU31_RS15060	46	100.0	1157	0	0	1	1157	1053	2209	0.0	2137.0
DOU31_RS15065	46	99.92200000000001	1284	1	0	1	1284	2315	3598	0.0	2366.0
DOU31_RS15070	46	99.961	2595	1	0	1	2595	4003	6597	0.0	4787.0
DOU31_RS15075	46	100.0	1218	0	0	1	1218	6602	7819	0.0	2250.0
DOU31_RS15100	41	99.904	1038	1	0	1	1038	2612	3649	0.0	1912.0
DOU31_RS15105	41	99.787	939	2	0	1	939	1648	2586	0.0	1724.0
EFAU085_RS14765	41	99.82700000000001	1158	2	0	1	1158	12572	13729	0.0	2128.0
EFAU085_RS14965	33	99.484	1163	6	0	1	1163	3529	2367	0.0	2115.0
EFAU085_RS17220	33	99.227	1164	8	1	1	1164	3529	2367	0.0	2098.0
EFAU085_RS15125	41	99.223	1158	9	0	1	1158	12572	13729	0.0	2089.0
EFAU085_RS15980	41	99.914	1158	1	0	1	1158	12572	13729	0.0	2134.0
EFAU085_RS15995	46	95.686	255	11	0	1	255	1053	1307	1.2099999999999996e-115	411.0
DR75_RS00075	4	95.189	291	13	1	1	291	157389	157678	4.909999999999999e-130	459.0
DR75_RS00330	48	95.86	314	13	0	2	315	893	580	5.239999999999999e-145	508.0
DR75_RS00335	48	98.667	225	3	0	1	225	586	362	2.29e-112	399.0
DR75_RS00515	41	98.897	272	3	0	1	272	11970	11699	2.1099999999999994e-138	486.0
DR75_RS00525	41	98.059	1649	32	0	1	1649	11095	9447	0.0	2868.0
DR75_RS00540	41	97.695	1345	29	2	1	1344	7167	8510	0.0	2311.0
DR75_RS00545	41	97.179	780	16	3	1	774	6388	7167	0.0	1314.0
LSJ_RS09350	39	96.51700000000001	201	3	1	1	197	202	2	2.8099999999999996e-91	329.0
LACR_RS12950	39	99.881	1680	2	0	1	1680	921	2600	0.0	3092.0
BMQ_RS26035	31	98.611	72	1	0	1	72	15286	15215	3.0899999999999997e-31	128.0
BMQ_RS26035	31	98.611	72	1	0	1	72	16052	15981	3.0899999999999997e-31	128.0
BMQ_RS26035	19	98.611	72	1	0	1	72	50908	50837	3.0899999999999997e-31	128.0
BMQ_RS26045	31	97.29700000000001	74	2	0	1	74	15473	15400	1.22e-30	126.0
BMQ_RS26045	31	97.29700000000001	74	2	0	1	74	16140	16067	1.22e-30	126.0
BMQ_RS26065	61	98.63	73	1	0	1	73	93	21	9.23e-32	130.0
BMQ_RS26065	31	98.63	73	1	0	1	73	16830	16758	9.23e-32	130.0
BMQ_RS26070	31	100.0	74	0	0	1	74	16917	16844	5.6199999999999996e-34	137.0
BMQ_RS26070	11	100.0	74	0	0	1	74	93103	93030	5.6199999999999996e-34	137.0
AN634_RS17330	41	97.70100000000001	174	4	0	1	174	342	169	1.7999999999999997e-82	300.0
AN634_RS16220	33	99.085	1530	14	0	1	1530	41	1570	0.0	2748.0
AL018_RS14470	33	99.484	1163	6	0	1	1163	3529	2367	0.0	2115.0
AL018_RS14485	33	99.31200000000001	1163	8	0	1	1163	3529	2367	0.0	2104.0
AL018_RS14640	41	99.568	1158	5	0	1	1158	12572	13729	0.0	2111.0
AL018_RS15310	41	99.914	1158	1	0	1	1158	12572	13729	0.0	2134.0
AL018_RS15375	41	99.82700000000001	1158	2	0	1	1158	12572	13729	0.0	2128.0
AL025_RS14760	41	99.82700000000001	1158	2	0	1	1158	12572	13729	0.0	2128.0
AL025_RS14825	41	99.82700000000001	1158	2	0	1	1158	12572	13729	0.0	2128.0
AL025_RS15135	33	99.398	1163	7	0	1	1163	3529	2367	0.0	2109.0
AL025_RS15150	33	99.31200000000001	1163	8	0	1	1163	3529	2367	0.0	2104.0
AL020_RS14205	41	99.568	1158	5	0	1	1158	12572	13729	0.0	2111.0
AL020_RS14345	33	99.31200000000001	1163	8	0	1	1163	3529	2367	0.0	2104.0
AL020_RS14365	33	99.484	1163	6	0	1	1163	3529	2367	0.0	2115.0
AL020_RS14610	41	99.82700000000001	1158	2	0	1	1158	12572	13729	0.0	2128.0
AL020_RS14670	41	99.914	1158	1	0	1	1158	12572	13729	0.0	2134.0
AL016_RS14825	33	99.484	1163	6	0	1	1163	3529	2367	0.0	2115.0
AL016_RS14840	33	99.31200000000001	1163	8	0	1	1163	3529	2367	0.0	2104.0
AL016_RS14990	41	99.568	1158	5	0	1	1158	12572	13729	0.0	2111.0
AL016_RS15655	41	99.914	1158	1	0	1	1158	12572	13729	0.0	2134.0
AL016_RS15720	41	99.82700000000001	1158	2	0	1	1158	12572	13729	0.0	2128.0
AL015_RS15455	33	99.31200000000001	1163	8	0	1	1163	3529	2367	0.0	2104.0
AL015_RS15470	33	99.484	1163	6	0	1	1163	3529	2367	0.0	2115.0
AL015_RS15785	41	99.82700000000001	1158	2	0	1	1158	12572	13729	0.0	2128.0
AL015_RS15875	41	99.914	1158	1	0	1	1158	12572	13729	0.0	2134.0
AL021_RS15585	41	99.914	1158	1	0	1	1158	12572	13729	0.0	2134.0
AL021_RS15645	41	99.82700000000001	1158	2	0	1	1158	12572	13729	0.0	2128.0
AL021_RS15810	33	99.31200000000001	1163	8	0	1	1163	3529	2367	0.0	2104.0
AL021_RS15830	33	99.57	1163	5	0	1	1163	3529	2367	0.0	2121.0
AL021_RS15945	41	99.741	1158	3	0	1	1158	12572	13729	0.0	2122.0
AL021_RS15965	46	96.096	1127	42	1	1	1127	1053	2177	0.0	1836.0
AL021_RS16240	41	99.914	1158	1	0	1	1158	12572	13729	0.0	2134.0
AL021_RS16690	41	99.82700000000001	1158	2	0	1	1158	12572	13729	0.0	2128.0
AL021_RS16705	46	95.686	255	11	0	1	255	1053	1307	1.2099999999999996e-115	411.0
AL017_RS15220	41	99.914	1158	1	0	1	1158	12572	13729	0.0	2134.0
AL017_RS15285	41	99.82700000000001	1158	2	0	1	1158	12572	13729	0.0	2128.0
AL017_RS15575	33	99.398	1163	7	0	1	1163	3529	2367	0.0	2109.0
AL017_RS15590	33	99.484	1163	6	0	1	1163	3529	2367	0.0	2115.0
AL017_RS15745	41	99.568	1158	5	0	1	1158	12572	13729	0.0	2111.0
LL275_RS13490	41	98.305	177	3	0	1	177	798	622	8.459999999999999e-86	311.0
LL275_RS13580	41	100.0	456	0	0	10	465	3194	3649	0.0	843.0
LLUC063_RS13190	41	98.551	69	1	0	1	69	237	169	1.36e-29	122.0
LLUC063_RS12905	39	99.881	1679	1	1	1	1678	921	2599	0.0	3088.0
LLUC063_RS13230	41	100.0	69	0	0	1	69	237	169	2.91e-31	128.0
LLJM4_RS12360	41	100.0	77	0	0	1	77	798	722	1.23e-35	143.0
LLJM4_RS13185	41	98.198	111	2	0	1	111	279	169	5.2100000000000005e-51	195.0
LLJM3_RS12850	39	99.881	1680	2	0	1	1680	921	2600	0.0	3092.0
LLJM3_RS13415	41	98.667	225	3	0	1	225	393	169	2.29e-112	399.0
LSAJ23K_RS00410	33	98.889	1530	17	0	1	1530	41	1570	0.0	2732.0
LL158_RS12480	39	99.54299999999999	219	1	0	1	219	734	516	2.2299999999999995e-112	399.0
LL158_RS12490	39	99.821	1680	3	0	1	1680	921	2600	0.0	3086.0
LL158_RS12520	41	100.0	113	0	0	1	113	798	686	1.9199999999999996e-55	209.0
LL158_RS12545	41	98.198	111	2	0	1	111	279	169	5.2100000000000005e-51	195.0
LL158_RS12580	41	99.807	1038	2	0	1	1038	2612	3649	0.0	1906.0
LL158_RS12585	41	99.361	939	6	0	1	939	1648	2586	0.0	1701.0
LLUC08_RS11820	39	99.70200000000001	1680	5	0	1	1680	921	2600	0.0	3075.0
LLUC08_RS11830	39	98.815	422	5	0	1	422	734	313	0.0	752.0
LLUC08_RS12230	41	96.087	230	8	1	1	230	414	186	1.4499999999999997e-104	374.0
GWC90_RS00325	13	95.26299999999999	190	7	2	1	189	43744	43932	1.9699999999999995e-82	300.0
GWC90_RS00350	13	96.23700000000001	186	7	0	1	186	45579	45764	4.159999999999999e-84	305.0
GWC90_RS00395	13	95.0	220	9	2	1	219	50733	50951	1.0599999999999997e-95	344.0
GWC90_RS00400	13	96.581	117	4	0	1	117	50984	51100	5.55e-51	195.0
GWC90_RS01315	41	99.741	1158	3	0	1	1158	12572	13729	0.0	2122.0
GWC90_RS02080	51	96.69	1571	43	7	3	1568	1626	60	0.0	2604.0
GWC90_RS02085	50	95.786	2919	115	8	1	2916	2987	74	0.0	4702.0
GWC90_RS02090	58	95.69	116	5	0	1	116	24	139	9.19e-49	187.0
GWC90_RS02090	19	95.726	117	3	2	1	116	51253	51138	9.19e-49	187.0
GWC90_RS03360	5	98.649	74	1	0	1	74	52825	52898	2.48e-32	132.0
GWC90_RS04285	51	96.69	1571	43	7	3	1568	1626	60	0.0	2604.0
GWC90_RS04290	61	100.0	73	0	0	1	73	93	21	1.88e-33	135.0
GWC90_RS04290	31	100.0	73	0	0	1	73	16830	16758	1.88e-33	135.0
GWC90_RS04295	50	95.786	2919	115	8	1	2916	2987	74	0.0	4702.0
GWC90_RS04300	58	95.652	115	5	0	2	116	25	139	3.31e-48	185.0
GWC90_RS04300	19	95.69	116	3	2	2	116	51252	51138	3.31e-48	185.0
GWC90_RS04305	19	100.0	74	0	0	1	74	51131	51058	5.319999999999999e-34	137.0
GWC90_RS04305	6	100.0	74	0	0	1	74	151925	151852	5.319999999999999e-34	137.0
GWC90_RS04315	31	98.611	72	1	0	1	72	15286	15215	3.0899999999999997e-31	128.0
GWC90_RS04315	31	98.611	72	1	0	1	72	16052	15981	3.0899999999999997e-31	128.0
GWC90_RS04315	19	98.611	72	1	0	1	72	50908	50837	3.0899999999999997e-31	128.0
GWC90_RS04320	53	97.26	73	2	0	1	73	13	85	4.0699999999999995e-30	124.0
GWC90_RS04320	19	97.26	73	2	0	1	73	50809	50737	4.0699999999999995e-30	124.0
GWC90_RS04325	19	97.26	73	2	0	1	73	50726	50654	4.0699999999999995e-30	124.0
GWC90_RS04335	19	97.531	81	2	0	1	81	50527	50447	1.67e-34	139.0
GWC90_RS04335	8	97.531	81	2	0	1	81	6804	6724	1.67e-34	139.0
GWC90_RS04340	19	97.29700000000001	74	2	0	1	74	50442	50369	1.15e-30	126.0
GWC90_RS04350	19	97.22200000000001	72	2	0	1	72	50245	50174	1.44e-29	122.0
GWC90_RS04350	8	97.22200000000001	72	2	0	1	72	6714	6643	1.44e-29	122.0
GWC90_RS04355	19	100.0	71	0	0	1	71	50148	50078	2.3399999999999997e-32	132.0
GWC90_RS04370	19	97.22200000000001	72	2	0	1	72	50245	50174	1.44e-29	122.0
GWC90_RS04370	8	97.22200000000001	72	2	0	1	72	6714	6643	1.44e-29	122.0
GWC90_RS04375	19	100.0	71	0	0	1	71	50148	50078	2.3399999999999997e-32	132.0
GWC90_RS06645	31	98.611	72	1	0	3	74	16638	16567	3.1999999999999997e-31	128.0
GWC90_RS08055	41	99.914	1158	1	0	1	1158	12572	13729	0.0	2134.0
GWC90_RS08395	41	99.914	1158	1	0	1	1158	12572	13729	0.0	2134.0
GWC90_RS09130	19	97.22200000000001	72	2	0	1	72	50245	50174	1.44e-29	122.0
GWC90_RS09130	8	97.22200000000001	72	2	0	1	72	6714	6643	1.44e-29	122.0
GWC90_RS09135	19	97.531	81	2	0	1	81	50527	50447	1.67e-34	139.0
GWC90_RS09135	8	97.531	81	2	0	1	81	6804	6724	1.67e-34	139.0
GWC90_RS09305	30	97.22200000000001	72	2	0	1	72	4845	4916	1.44e-29	122.0
GWC90_RS09830	19	100.0	74	0	0	1	74	51131	51058	5.319999999999999e-34	137.0
GWC90_RS09830	6	100.0	74	0	0	1	74	151925	151852	5.319999999999999e-34	137.0
GWC90_RS09850	41	99.914	1158	1	0	1	1158	12572	13729	0.0	2134.0
GWC90_RS09855	19	100.0	74	0	0	1	74	51131	51058	5.319999999999999e-34	137.0
GWC90_RS09855	6	100.0	74	0	0	1	74	151925	151852	5.319999999999999e-34	137.0
GWC90_RS09860	58	95.69	116	5	0	1	116	24	139	9.19e-49	187.0
GWC90_RS09860	19	95.726	117	3	2	1	116	51253	51138	9.19e-49	187.0
GWC90_RS09865	50	95.786	2919	115	8	1	2916	2987	74	0.0	4702.0
GWC90_RS09870	51	96.69	1571	43	7	3	1568	1626	60	0.0	2604.0
GWC90_RS10595	33	99.656	1163	4	0	1	1163	3529	2367	0.0	2126.0
GWC90_RS11500	58	95.69	116	5	0	1	116	24	139	9.19e-49	187.0
GWC90_RS11500	19	95.726	117	3	2	1	116	51253	51138	9.19e-49	187.0
GWC90_RS11505	50	95.786	2919	115	8	1	2916	2987	74	0.0	4702.0
GWC90_RS11510	51	96.69	1571	43	7	3	1568	1626	60	0.0	2604.0
GWC90_RS11910	31	98.611	72	1	0	1	72	15286	15215	3.0899999999999997e-31	128.0
GWC90_RS11910	31	98.611	72	1	0	1	72	16052	15981	3.0899999999999997e-31	128.0
GWC90_RS11910	19	98.611	72	1	0	1	72	50908	50837	3.0899999999999997e-31	128.0
GWC90_RS11915	31	100.0	74	0	0	1	74	15473	15400	5.319999999999999e-34	137.0
GWC90_RS11915	31	100.0	74	0	0	1	74	16140	16067	5.319999999999999e-34	137.0
GWC90_RS11920	31	100.0	71	0	0	1	71	15557	15487	2.3399999999999997e-32	132.0
GWC90_RS11920	31	100.0	71	0	0	1	71	16220	16150	2.3399999999999997e-32	132.0
GWC90_RS11925	31	100.0	73	0	0	1	73	15644	15572	1.88e-33	135.0
GWC90_RS11930	19	97.26	73	2	0	1	73	50726	50654	4.0699999999999995e-30	124.0
GWC90_RS11935	31	95.946	74	3	0	1	74	15845	15772	5.36e-29	121.0
GWC90_RS11935	31	95.946	74	3	0	1	74	16410	16337	5.36e-29	121.0
GWC90_RS11940	31	100.0	90	0	0	1	90	15968	15879	8.77e-43	167.0
GWC90_RS11940	31	100.0	90	0	0	1	90	16533	16444	8.77e-43	167.0
GWC90_RS11945	31	98.611	72	1	0	1	72	15286	15215	3.0899999999999997e-31	128.0
GWC90_RS11945	31	98.611	72	1	0	1	72	16052	15981	3.0899999999999997e-31	128.0
GWC90_RS11945	19	98.611	72	1	0	1	72	50908	50837	3.0899999999999997e-31	128.0
GWC90_RS11950	31	100.0	88	0	0	1	88	15389	15302	1.0999999999999999e-41	163.0
GWC90_RS11955	31	100.0	74	0	0	1	74	15473	15400	5.319999999999999e-34	137.0
GWC90_RS11955	31	100.0	74	0	0	1	74	16140	16067	5.319999999999999e-34	137.0
GWC90_RS11960	31	100.0	71	0	0	1	71	15557	15487	2.3399999999999997e-32	132.0
GWC90_RS11960	31	100.0	71	0	0	1	71	16220	16150	2.3399999999999997e-32	132.0
GWC90_RS11965	19	97.368	76	2	0	1	76	50726	50651	9.23e-32	130.0
GWC90_RS11970	31	95.946	74	3	0	1	74	15845	15772	5.36e-29	121.0
GWC90_RS11970	31	95.946	74	3	0	1	74	16410	16337	5.36e-29	121.0
GWC90_RS11975	31	100.0	90	0	0	1	90	15968	15879	8.77e-43	167.0
GWC90_RS11975	31	100.0	90	0	0	1	90	16533	16444	8.77e-43	167.0
GWC90_RS11980	31	100.0	74	0	0	1	74	16640	16567	5.319999999999999e-34	137.0
GWC90_RS11985	31	100.0	74	0	0	1	74	16734	16661	5.319999999999999e-34	137.0
GWC90_RS11990	61	100.0	73	0	0	1	73	93	21	1.88e-33	135.0
GWC90_RS11990	31	100.0	73	0	0	1	73	16830	16758	1.88e-33	135.0
GWC90_RS11995	31	100.0	74	0	0	1	74	16917	16844	5.319999999999999e-34	137.0
GWC90_RS11995	11	100.0	74	0	0	1	74	93103	93030	5.319999999999999e-34	137.0
GWC90_RS12005	53	100.0	86	0	0	1	86	436	521	1.38e-40	159.0
GWC90_RS12010	53	100.0	72	0	0	1	72	349	420	6.64e-33	134.0
GWC90_RS12015	53	100.0	73	0	0	1	73	269	341	1.88e-33	135.0
GWC90_RS12020	53	96.34100000000001	82	3	0	1	82	181	262	2.1899999999999997e-33	135.0
GWC90_RS12025	53	100.0	73	0	0	1	73	92	164	1.88e-33	135.0
GWC90_RS12030	53	97.26	73	2	0	1	73	13	85	4.0699999999999995e-30	124.0
GWC90_RS12030	19	97.26	73	2	0	1	73	50809	50737	4.0699999999999995e-30	124.0
GWC90_RS12035	58	95.69	116	5	0	1	116	24	139	9.19e-49	187.0
GWC90_RS12035	19	95.726	117	3	2	1	116	51253	51138	9.19e-49	187.0
GWC90_RS12040	50	95.786	2919	115	8	1	2916	2987	74	0.0	4702.0
GWC90_RS12045	61	100.0	73	0	0	1	73	93	21	1.88e-33	135.0
GWC90_RS12045	31	100.0	73	0	0	1	73	16830	16758	1.88e-33	135.0
GWC90_RS12050	51	96.626	1571	44	7	3	1568	1626	60	0.0	2599.0
GWC90_RS12795	31	100.0	74	0	0	1	74	16917	16844	5.319999999999999e-34	137.0
GWC90_RS12795	11	100.0	74	0	0	1	74	93103	93030	5.319999999999999e-34	137.0
GWC90_RS12805	53	100.0	86	0	0	1	86	436	521	1.38e-40	159.0
GWC90_RS12810	53	100.0	72	0	0	1	72	349	420	6.64e-33	134.0
GWC90_RS12815	53	100.0	73	0	0	1	73	269	341	1.88e-33	135.0
GWC90_RS12820	53	96.34100000000001	82	3	0	1	82	181	262	2.1899999999999997e-33	135.0
GWC90_RS12825	53	100.0	73	0	0	1	73	92	164	1.88e-33	135.0
GWC90_RS12830	53	97.26	73	2	0	1	73	13	85	4.0699999999999995e-30	124.0
GWC90_RS12830	19	97.26	73	2	0	1	73	50809	50737	4.0699999999999995e-30	124.0
GWC90_RS12835	58	95.69	116	5	0	1	116	24	139	9.19e-49	187.0
GWC90_RS12835	19	95.726	117	3	2	1	116	51253	51138	9.19e-49	187.0
GWC90_RS12840	50	95.786	2919	115	8	1	2916	2987	74	0.0	4702.0
GWC90_RS12845	51	96.69	1571	43	7	3	1568	1626	60	0.0	2604.0
GWC90_RS13385	39	95.469	618	28	0	1	618	3251	3868	0.0	987.0
GWC90_RS13395	21	98.625	291	4	0	1	291	1968	1678	2.869999999999999e-147	516.0
M7W_RS12715	46	95.031	1127	54	2	1	1127	1053	2177	0.0	1770.0
M7W_RS12855	41	99.741	1158	3	0	1	1158	12572	13729	0.0	2122.0
M7W_RS13260	41	99.914	1158	1	0	1	1158	12572	13729	0.0	2134.0
M7W_RS13375	41	99.741	1158	3	0	1	1158	12572	13729	0.0	2122.0
M7W_RS13555	41	99.741	1158	3	0	1	1158	12572	13729	0.0	2122.0
CDIMF43_RS00220	39	96.926	618	19	0	1	618	3251	3868	0.0	1037.0
LL229_RS12845	41	100.0	1038	0	0	1	1038	2612	3649	0.0	1917.0
LL229_RS12850	41	99.574	939	4	0	1	939	1648	2586	0.0	1712.0
LL229_RS13010	41	99.561	228	1	0	1	228	396	169	2.31e-117	416.0
LL229_RS13165	39	99.54299999999999	219	1	0	1	219	734	516	2.2299999999999995e-112	399.0
LL229_RS13170	39	99.821	1680	3	0	1	1680	921	2600	0.0	3086.0
LL229_RS13190	41	100.0	113	0	0	1	113	798	686	1.9199999999999996e-55	209.0
LL229_RS13845	41	98.198	111	2	0	1	111	279	169	5.2100000000000005e-51	195.0
LL229_RS13865	41	100.0	69	0	0	1	69	237	169	2.91e-31	128.0
LL229_RS13325	39	99.821	1680	3	0	1	1680	921	2600	0.0	3086.0
LL229_RS13890	41	100.0	78	0	0	1	78	246	169	3.41e-36	145.0
GWA86_RS00055	33	99.477	1530	8	0	1	1530	41	1570	0.0	2782.0
CVCAS_RS12395	39	99.762	1680	4	0	1	1680	921	2600	0.0	3081.0
CVCAS_RS12975	41	98.596	285	4	0	16	300	453	169	6.429999999999998e-144	505.0
BMWSH_RS25170	31	100.0	74	0	0	1	74	16917	16844	5.6199999999999996e-34	137.0
BMWSH_RS25170	11	100.0	74	0	0	1	74	93103	93030	5.6199999999999996e-34	137.0
BMWSH_RS25175	61	98.63	73	1	0	1	73	93	21	9.23e-32	130.0
BMWSH_RS25175	31	98.63	73	1	0	1	73	16830	16758	9.23e-32	130.0
BMWSH_RS25195	31	97.29700000000001	74	2	0	1	74	15473	15400	1.15e-30	126.0
BMWSH_RS25195	31	97.29700000000001	74	2	0	1	74	16140	16067	1.15e-30	126.0
BMWSH_RS25200	31	98.611	72	1	0	1	72	15286	15215	3.0899999999999997e-31	128.0
BMWSH_RS25200	31	98.611	72	1	0	1	72	16052	15981	3.0899999999999997e-31	128.0
BMWSH_RS25200	19	98.611	72	1	0	1	72	50908	50837	3.0899999999999997e-31	128.0
AS52_RS25995	31	98.611	72	1	0	1	72	15286	15215	3.0899999999999997e-31	128.0
AS52_RS25995	31	98.611	72	1	0	1	72	16052	15981	3.0899999999999997e-31	128.0
AS52_RS25995	19	98.611	72	1	0	1	72	50908	50837	3.0899999999999997e-31	128.0
AS52_RS26000	31	97.29700000000001	74	2	0	1	74	15473	15400	1.15e-30	126.0
AS52_RS26000	31	97.29700000000001	74	2	0	1	74	16140	16067	1.15e-30	126.0
AS52_RS26020	61	98.63	73	1	0	1	73	93	21	9.23e-32	130.0
AS52_RS26020	31	98.63	73	1	0	1	73	16830	16758	9.23e-32	130.0
AS52_RS26025	31	100.0	74	0	0	1	74	16917	16844	5.6199999999999996e-34	137.0
AS52_RS26025	11	100.0	74	0	0	1	74	93103	93030	5.6199999999999996e-34	137.0
ARA02_RS10165	33	99.259	135	1	0	1	135	1819	1685	6.379999999999998e-66	244.0
LLUC06_RS13195	33	99.15	1530	13	0	1	1530	41	1570	0.0	2754.0
LLUC06_RS13665	41	100.0	69	0	0	1	69	237	169	2.91e-31	128.0
LLUC06_RS13690	39	99.762	1679	4	0	1	1679	921	2599	0.0	3079.0
CXB68_RS09810	33	98.889	1530	17	0	1	1530	41	1570	0.0	2732.0
EGCR1_RS18630	39	95.315	619	27	2	1	618	3251	3868	0.0	981.0
L3107_RS12505	33	99.346	1530	10	0	1	1530	41	1570	0.0	2771.0
L3107_RS12630	41	100.0	77	0	0	1	77	798	722	1.23e-35	143.0
L3107_RS12885	41	98.198	111	2	0	1	111	279	169	5.2100000000000005e-51	195.0
L3107_RS13000	41	100.0	113	0	0	1	113	798	686	1.9199999999999996e-55	209.0
L3107_RS13030	39	99.70200000000001	1680	5	0	1	1680	921	2600	0.0	3075.0
L3107_RS13040	39	99.54299999999999	219	1	0	1	219	734	516	2.2299999999999995e-112	399.0
DT351_RS10920	33	98.824	1530	18	0	1	1530	41	1570	0.0	2726.0
CKK51_RS00365	33	98.954	1530	16	0	1	1530	41	1570	0.0	2737.0
ASV54_RS16600	39	99.881	1680	2	0	1	1680	921	2600	0.0	3092.0
ASV54_RS17170	33	98.17	1530	28	0	1	1530	41	1570	0.0	2671.0
D8N35_RS17900	41	98.876	1157	13	0	1	1157	5743	4587	0.0	2065.0
G4V46_RS11500	33	98.039	1530	30	0	1	1530	41	1570	0.0	2660.0
EL353_RS14020	41	99.914	1158	1	0	1	1158	12572	13729	0.0	2134.0
EL353_RS14100	41	99.82700000000001	1158	2	0	1	1158	12572	13729	0.0	2128.0
EL353_RS14130	33	99.319	881	6	0	1	881	3529	2649	0.0	1594.0
EL353_RS14285	33	99.398	1163	7	0	1	1163	3529	2367	0.0	2109.0
EL353_RS14305	33	99.31200000000001	1163	8	0	1	1163	3529	2367	0.0	2104.0
EL353_RS14415	41	99.48700000000001	195	1	0	1	195	12572	12766	4.299999999999999e-99	355.0
EL353_RS14530	41	99.82700000000001	1158	2	0	1	1158	12572	13729	0.0	2128.0
EL353_RS14565	41	99.82700000000001	1158	2	0	1	1158	12572	13729	0.0	2128.0
LLCC_RS13465	33	99.15	1530	11	2	1	1528	41	1570	0.0	2752.0
LLCC_RS13560	41	99.09899999999999	111	1	0	1	111	279	169	1.1200000000000001e-52	200.0
LLCC_RS13620	39	99.54299999999999	219	1	0	1	219	734	516	2.2299999999999995e-112	399.0
LLCC_RS13630	39	99.762	1680	4	0	1	1680	921	2600	0.0	3081.0
BtSCAC15_RS29715	31	95.946	74	3	0	1	74	16640	16567	5.36e-29	121.0
EQB37_RS14415	41	99.914	1158	1	0	1	1158	12572	13729	0.0	2134.0
EQB37_RS14485	41	99.914	1158	1	0	1	1158	12572	13729	0.0	2134.0
EQB37_RS14905	33	99.484	1163	6	0	1	1163	3529	2367	0.0	2115.0
EQB37_RS14925	33	99.068	644	6	0	1	644	3529	2886	0.0	1157.0
EQB37_RS15660	41	99.914	1158	1	0	1	1158	12572	13729	0.0	2134.0
EQB37_RS15670	46	95.686	255	11	0	1	255	1053	1307	1.2099999999999996e-115	411.0
EQB50_RS13655	41	99.655	1158	3	1	1	1157	12572	13729	0.0	2115.0
EQB50_RS13940	41	99.914	1158	1	0	1	1158	12572	13729	0.0	2134.0
EQB53_RS13590	41	99.82700000000001	1158	2	0	1	1158	12572	13729	0.0	2128.0
EQB53_RS13755	41	99.914	1158	1	0	1	1158	12572	13729	0.0	2134.0
EQB53_RS14020	41	99.82700000000001	1158	2	0	1	1158	12572	13729	0.0	2128.0
EQB53_RS14410	55	100.0	77	0	0	1	77	187	263	1.2099999999999998e-35	143.0
EQB53_RS14420	21	95.29700000000001	489	21	2	1	488	2190	1703	0.0	774.0
EQB39_RS14715	41	99.914	1158	1	0	1	1158	12572	13729	0.0	2134.0
EQB39_RS14785	41	99.914	1158	1	0	1	1158	12572	13729	0.0	2134.0
EQB39_RS15205	33	99.484	1163	6	0	1	1163	3529	2367	0.0	2115.0
EQB39_RS15225	33	99.068	644	6	0	1	644	3529	2886	0.0	1157.0
EQB39_RS15760	41	99.82700000000001	1158	2	0	1	1158	12572	13729	0.0	2128.0
EQB39_RS15770	46	95.686	255	11	0	1	255	1053	1307	1.2099999999999996e-115	411.0
EQB45_RS15535	41	99.82700000000001	1158	2	0	1	1158	12572	13729	0.0	2128.0
EQB45_RS15690	39	97.87200000000001	141	3	0	1	141	202	62	6.709999999999999e-66	244.0
EQB45_RS15965	33	99.484	1163	6	0	1	1163	3529	2367	0.0	2115.0
EQB45_RS15985	33	99.068	644	6	0	1	644	3529	2886	0.0	1157.0
EQB49_RS14550	41	99.914	1158	1	0	1	1158	12572	13729	0.0	2134.0
EQB49_RS14865	41	99.914	1158	1	0	1	1158	12572	13729	0.0	2134.0
EQB49_RS14920	41	99.82700000000001	1158	2	0	1	1158	12572	13729	0.0	2128.0
EQB49_RS15210	33	99.31200000000001	1163	8	0	1	1163	3529	2367	0.0	2104.0
EQB49_RS15230	33	99.14	1163	10	0	1	1163	3529	2367	0.0	2093.0
EQB49_RS15435	41	99.82700000000001	1158	2	0	1	1158	12572	13729	0.0	2128.0
EQB56_RS15140	41	99.914	1158	1	0	1	1158	12572	13729	0.0	2134.0
EQB56_RS15460	41	99.914	1158	1	0	1	1158	12572	13729	0.0	2134.0
EQB56_RS15525	41	99.914	1158	1	0	1	1158	12572	13729	0.0	2134.0
EQB56_RS15650	41	98.649	74	0	1	2	75	870	798	9.07e-32	130.0
EQB56_RS15930	33	99.398	1163	7	0	1	1163	3529	2367	0.0	2109.0
EQB56_RS15950	33	99.14	1163	10	0	1	1163	3529	2367	0.0	2093.0
EQB56_RS16155	41	99.568	1158	5	0	1	1158	12572	13729	0.0	2111.0
EQB38_RS15725	41	99.914	1158	1	0	1	1158	12572	13729	0.0	2134.0
EQB38_RS16105	41	99.82700000000001	1158	2	0	1	1158	12572	13729	0.0	2128.0
EQB38_RS16250	33	99.31200000000001	1163	8	0	1	1163	3529	2367	0.0	2104.0
EQB38_RS16270	33	99.31200000000001	1163	8	0	1	1163	3529	2367	0.0	2104.0
EQB38_RS16475	41	99.741	1158	3	0	1	1158	12572	13729	0.0	2122.0
EQB38_RS16920	39	95.469	618	28	0	1	618	3251	3868	0.0	987.0
EQB38_RS16995	21	98.625	291	4	0	1	291	1968	1678	2.869999999999999e-147	516.0
EQB55_RS13580	41	99.914	1158	1	0	1	1158	12572	13729	0.0	2134.0
EQB55_RS13990	41	99.914	1158	1	0	1	1158	12572	13729	0.0	2134.0
EQB55_RS14055	41	99.398	1162	2	4	1	1161	12572	13729	0.0	2102.0
EQB55_RS14255	33	99.484	1163	6	0	1	1163	3529	2367	0.0	2115.0
EQB55_RS14580	41	99.331	299	2	0	14	312	467	169	5.109999999999998e-155	542.0
EQB55_RS14900	41	99.744	781	2	0	1	781	12572	13352	0.0	1432.0
EQB55_RS14910	46	95.686	255	11	0	1	255	1053	1307	1.2099999999999996e-115	411.0
EQB55_RS15115	41	100.0	385	0	0	1	385	13345	13729	0.0	712.0
EQB40_RS14475	41	99.914	1158	1	0	1	1158	12572	13729	0.0	2134.0
EQB40_RS14535	41	99.914	1158	1	0	1	1158	12572	13729	0.0	2134.0
EQB40_RS14730	41	98.734	237	3	0	1	237	405	169	5.179999999999998e-119	422.0
EQB40_RS15025	33	99.57	1163	5	0	1	1163	3529	2367	0.0	2121.0
EQB40_RS15045	33	99.068	644	6	0	1	644	3529	2886	0.0	1157.0
EQB54_RS15165	41	99.914	1158	1	0	1	1158	12572	13729	0.0	2134.0
EQB54_RS15485	41	99.914	1158	1	0	1	1158	12572	13729	0.0	2134.0
EQB54_RS15550	41	99.914	1158	1	0	1	1158	12572	13729	0.0	2134.0
EQB54_RS15675	41	98.649	74	0	1	2	75	870	798	9.07e-32	130.0
EQB54_RS15955	33	99.398	1163	7	0	1	1163	3529	2367	0.0	2109.0
EQB54_RS15975	33	99.14	1163	10	0	1	1163	3529	2367	0.0	2093.0
EQB54_RS16180	41	99.741	1158	3	0	1	1158	12572	13729	0.0	2122.0
EQB57_RS15720	41	99.914	1158	1	0	1	1158	12572	13729	0.0	2134.0
EQB57_RS16020	41	99.914	1158	1	0	1	1158	12572	13729	0.0	2134.0
EQB57_RS16085	41	99.914	1158	1	0	1	1158	12572	13729	0.0	2134.0
EQB57_RS16180	41	98.649	74	0	1	2	75	870	798	9.07e-32	130.0
EQB57_RS16460	33	99.398	1163	7	0	1	1163	3529	2367	0.0	2109.0
EQB57_RS16470	33	99.14	1163	10	0	1	1163	3529	2367	0.0	2093.0
EQB57_RS16675	41	99.741	1158	3	0	1	1158	12572	13729	0.0	2122.0
EQB48_RS15175	41	99.914	1158	1	0	1	1158	12572	13729	0.0	2134.0
EQB48_RS15495	41	99.914	1158	1	0	1	1158	12572	13729	0.0	2134.0
EQB48_RS15560	41	99.914	1158	1	0	1	1158	12572	13729	0.0	2134.0
EQB48_RS15685	41	98.649	74	0	1	2	75	870	798	9.07e-32	130.0
EQB48_RS15965	33	99.398	1163	7	0	1	1163	3529	2367	0.0	2109.0
EQB48_RS15985	33	99.14	1163	10	0	1	1163	3529	2367	0.0	2093.0
EQB48_RS16190	41	99.568	1158	5	0	1	1158	12572	13729	0.0	2111.0
EQB52_RS14465	39	98.05799999999999	103	2	0	1	103	202	100	1.41e-46	180.0
EQB52_RS14645	41	99.82700000000001	1158	2	0	1	1158	12572	13729	0.0	2128.0
EQB52_RS14705	41	99.914	1158	1	0	1	1158	12572	13729	0.0	2134.0
EQB52_RS15180	33	99.57	1163	5	0	1	1163	3529	2367	0.0	2121.0
EQB52_RS15200	33	99.068	644	6	0	1	644	3529	2886	0.0	1157.0
EQB63_RS14300	41	99.914	1158	1	0	1	1158	12572	13729	0.0	2134.0
EQB63_RS14415	41	99.82700000000001	1158	2	0	1	1158	12572	13729	0.0	2128.0
EQB63_RS14575	41	99.82700000000001	1158	2	0	1	1158	12572	13729	0.0	2128.0
EQB63_RS14655	41	99.82700000000001	1158	2	0	1	1158	12572	13729	0.0	2128.0
EQB63_RS14965	33	99.484	1163	6	0	1	1163	3529	2367	0.0	2115.0
EQB63_RS14985	33	99.068	644	6	0	1	644	3529	2886	0.0	1157.0
EQB63_RS15910	46	95.686	255	11	0	1	255	1053	1307	1.2099999999999996e-115	411.0
EQB63_RS15920	41	99.82700000000001	1158	2	0	1	1158	12572	13729	0.0	2128.0
EQB61_RS13915	41	99.914	1158	1	0	1	1158	12572	13729	0.0	2134.0
EQB61_RS14500	41	99.914	1158	1	0	1	1158	12572	13729	0.0	2134.0
EQB61_RS14670	33	99.31200000000001	1163	8	0	1	1163	3529	2367	0.0	2104.0
EQB61_RS14690	33	99.14200000000001	1165	8	1	1	1165	3529	2367	0.0	2095.0
EQB61_RS14870	41	99.82700000000001	1158	2	0	1	1158	12572	13729	0.0	2128.0
EQB61_RS15680	39	95.469	618	28	0	1	618	3251	3868	0.0	987.0
EQB61_RS15690	21	98.824	255	3	0	1	255	1968	1714	5.529999999999998e-129	455.0
EQB62_RS14865	39	95.469	618	28	0	1	618	3251	3868	0.0	987.0
EQB62_RS15270	33	99.31200000000001	1163	8	0	1	1163	3529	2367	0.0	2104.0
EQB62_RS15290	33	99.31200000000001	1163	8	0	1	1163	3529	2367	0.0	2104.0
EQB62_RS15435	33	99.319	881	6	0	1	881	3529	2649	0.0	1594.0
EQB62_RS15465	41	99.82700000000001	1158	2	0	1	1158	12572	13729	0.0	2128.0
EQB62_RS15530	41	99.82700000000001	1158	2	0	1	1158	12572	13729	0.0	2128.0
EQB62_RS16100	46	95.686	255	11	0	1	255	1053	1307	1.2099999999999996e-115	411.0
EQB62_RS16110	41	99.82700000000001	1158	2	0	1	1158	12572	13729	0.0	2128.0
EQB69_RS14230	39	95.469	618	28	0	1	618	3251	3868	0.0	987.0
EQB69_RS14515	41	99.914	1158	1	0	1	1158	12572	13729	0.0	2134.0
EQB69_RS14855	33	99.31200000000001	1163	8	0	1	1163	3529	2367	0.0	2104.0
EQB69_RS14875	33	99.31200000000001	1163	8	0	1	1163	3529	2367	0.0	2104.0
EQB69_RS15350	39	95.469	618	28	0	1	618	3251	3868	0.0	987.0
EQB60_RS14020	41	99.914	1158	1	0	1	1158	12572	13729	0.0	2134.0
EQB60_RS14135	41	99.82700000000001	1158	2	0	1	1158	12572	13729	0.0	2128.0
EQB60_RS14295	41	99.741	1158	3	0	1	1158	12572	13729	0.0	2122.0
EQB60_RS14375	41	99.82700000000001	1158	2	0	1	1158	12572	13729	0.0	2128.0
EQB60_RS14660	33	99.484	1163	6	0	1	1163	3529	2367	0.0	2115.0
EQB60_RS14680	33	99.068	644	6	0	1	644	3529	2886	0.0	1157.0
EQB60_RS15920	41	99.82700000000001	1158	2	0	1	1158	12572	13729	0.0	2128.0
EQB60_RS15930	46	95.686	255	11	0	1	255	1053	1307	1.2099999999999996e-115	411.0
EQB59_RS13950	41	99.914	1158	1	0	1	1158	12572	13729	0.0	2134.0
EQB59_RS14245	41	99.914	1158	1	0	1	1158	12572	13729	0.0	2134.0
EQB59_RS14615	46	95.686	255	11	0	1	255	1053	1307	1.2099999999999996e-115	411.0
EQB59_RS14625	41	99.82700000000001	1158	2	0	1	1158	12572	13729	0.0	2128.0
EQB72_RS14870	41	99.89	907	1	0	1	907	12823	13729	0.0	1670.0
EQB72_RS14970	41	99.82700000000001	1158	2	0	1	1158	12572	13729	0.0	2128.0
EQB72_RS15250	33	99.398	1163	7	0	1	1163	3529	2367	0.0	2109.0
EQB72_RS15270	33	99.31200000000001	1163	8	0	1	1163	3529	2367	0.0	2104.0
EQB72_RS16035	39	98.507	201	3	0	1	201	202	2	4.469999999999999e-99	355.0
EQB74_RS15900	41	99.91	1110	1	0	1	1110	12620	13729	0.0	2045.0
EQB74_RS15965	41	99.741	1158	3	0	1	1158	12572	13729	0.0	2122.0
EQB74_RS16180	33	99.31200000000001	1163	8	0	1	1163	3529	2367	0.0	2104.0
EQB74_RS16200	33	99.14	1163	10	0	1	1163	3529	2367	0.0	2093.0
EQB64_RS14260	41	100.0	371	0	0	1	371	12572	12942	0.0	686.0
EQB64_RS14400	41	99.82700000000001	1158	2	0	1	1158	12572	13729	0.0	2128.0
EQB64_RS14500	41	99.82700000000001	1158	2	0	1	1158	12572	13729	0.0	2128.0
EQB64_RS14840	33	99.484	1163	6	0	1	1163	3529	2367	0.0	2115.0
EQB64_RS14860	33	99.57	1163	5	0	1	1163	3529	2367	0.0	2121.0
EQB64_RS14900	33	99.484	1163	6	0	1	1163	3529	2367	0.0	2115.0
EQB64_RS16465	41	99.82700000000001	1158	2	0	1	1158	12572	13729	0.0	2128.0
EQB64_RS16475	46	95.686	255	11	0	1	255	1053	1307	1.2099999999999996e-115	411.0
EQB65_RS15325	41	99.82700000000001	1158	2	0	1	1158	12572	13729	0.0	2128.0
EQB65_RS15385	41	99.741	1158	3	0	1	1158	12572	13729	0.0	2122.0
EQB65_RS15540	41	99.82700000000001	1158	2	0	1	1158	12572	13729	0.0	2128.0
EQB65_RS15750	41	99.741	1158	3	0	1	1158	12572	13729	0.0	2122.0
EQB65_RS16365	33	99.57	1163	5	0	1	1163	3529	2367	0.0	2121.0
EQB65_RS16385	33	99.068	644	6	0	1	644	3529	2886	0.0	1157.0
EQB65_RS17110	41	99.82700000000001	1158	2	0	1	1158	12572	13729	0.0	2128.0
EQB65_RS17120	46	95.686	255	11	0	1	255	1053	1307	1.2099999999999996e-115	411.0
EQB73_RS15105	41	99.914	1158	1	0	1	1158	12572	13729	0.0	2134.0
EQB73_RS15445	41	99.914	1158	1	0	1	1158	12572	13729	0.0	2134.0
EQB73_RS15510	41	99.82700000000001	1158	2	0	1	1158	12572	13729	0.0	2128.0
EQB73_RS15650	33	99.31200000000001	1163	8	0	1	1163	3529	2367	0.0	2104.0
EQB73_RS15670	33	99.14	1163	10	0	1	1163	3529	2367	0.0	2093.0
EQB73_RS16050	41	99.568	1158	5	0	1	1158	12572	13729	0.0	2111.0
EQB70_RS14790	41	99.82700000000001	1158	2	0	1	1158	12572	13729	0.0	2128.0
EQB70_RS15075	41	99.914	1158	1	0	1	1158	12572	13729	0.0	2134.0
EQB70_RS15285	33	99.31200000000001	1163	8	0	1	1163	3529	2367	0.0	2104.0
EQB70_RS15305	33	99.31200000000001	1163	8	0	1	1163	3529	2367	0.0	2104.0
EQB70_RS15450	41	99.82700000000001	1158	2	0	1	1158	12572	13729	0.0	2128.0
C0649_RS13570	41	99.568	1158	5	0	1	1158	12572	13729	0.0	2111.0
C0649_RS13710	41	100.0	371	0	0	1	371	12572	12942	0.0	686.0
C0649_RS13720	41	99.367	790	5	0	1	790	12940	13729	0.0	1432.0
C0649_RS13855	41	99.655	1158	4	0	1	1158	12572	13729	0.0	2117.0
EPT59_RS14930	41	98.742	159	2	0	1	159	327	169	1.6299999999999995e-77	283.0
EPT59_RS15315	33	99.281	1530	11	0	1	1530	41	1570	0.0	2765.0
A7A70_RS29455	31	95.946	74	3	0	1	74	16640	16567	5.36e-29	121.0
BSG92_RS16735	33	95.425	1530	70	0	1	1530	41	1570	0.0	2438.0
CW750_RS10065	33	98.889	1530	17	0	1	1530	41	1570	0.0	2732.0
EL207_RS00750	19	98.63	73	1	0	1	73	50726	50654	8.75e-32	130.0
EL207_RS00755	31	98.611	72	1	0	1	72	15286	15215	3.0899999999999997e-31	128.0
EL207_RS00755	31	98.611	72	1	0	1	72	16052	15981	3.0899999999999997e-31	128.0
EL207_RS00755	19	98.611	72	1	0	1	72	50908	50837	3.0899999999999997e-31	128.0
EL207_RS02575	19	98.684	76	1	0	1	76	50726	50651	1.98e-33	135.0
EL207_RS02580	31	98.649	74	1	0	1	74	15845	15772	2.48e-32	132.0
EL207_RS02580	31	98.649	74	1	0	1	74	16410	16337	2.48e-32	132.0
EL207_RS02585	53	97.26	73	2	0	1	73	13	85	4.3e-30	124.0
EL207_RS02585	19	97.26	73	2	0	1	73	50809	50737	4.3e-30	124.0
EL207_RS02590	31	98.611	72	1	0	1	72	15286	15215	3.0899999999999997e-31	128.0
EL207_RS02590	31	98.611	72	1	0	1	72	16052	15981	3.0899999999999997e-31	128.0
EL207_RS02590	19	98.611	72	1	0	1	72	50908	50837	3.0899999999999997e-31	128.0
EL207_RS02615	61	100.0	73	0	0	1	73	93	21	1.98e-33	135.0
EL207_RS02615	31	100.0	73	0	0	1	73	16830	16758	1.98e-33	135.0
EL207_RS02620	31	100.0	74	0	0	1	74	15473	15400	5.319999999999999e-34	137.0
EL207_RS02620	31	100.0	74	0	0	1	74	16140	16067	5.319999999999999e-34	137.0
EL207_RS03795	61	100.0	73	0	0	1	73	93	21	1.98e-33	135.0
EL207_RS03795	31	100.0	73	0	0	1	73	16830	16758	1.98e-33	135.0
EL207_RS03800	31	100.0	74	0	0	1	74	15473	15400	5.319999999999999e-34	137.0
EL207_RS03800	31	100.0	74	0	0	1	74	16140	16067	5.319999999999999e-34	137.0
EL207_RS05715	31	98.611	72	1	0	1	72	15286	15215	3.0899999999999997e-31	128.0
EL207_RS05715	31	98.611	72	1	0	1	72	16052	15981	3.0899999999999997e-31	128.0
EL207_RS05715	19	98.611	72	1	0	1	72	50908	50837	3.0899999999999997e-31	128.0
EL207_RS08045	53	97.26	73	2	0	1	73	13	85	4.0699999999999995e-30	124.0
EL207_RS08045	19	97.26	73	2	0	1	73	50809	50737	4.0699999999999995e-30	124.0
EL207_RS08060	53	96.34100000000001	82	3	0	1	82	181	262	2.1899999999999997e-33	135.0
EL207_RS08070	53	95.34899999999999	86	4	0	1	86	436	521	6.489999999999999e-34	137.0
EL207_RS08080	31	100.0	74	0	0	1	74	16917	16844	5.319999999999999e-34	137.0
EL207_RS08080	11	100.0	74	0	0	1	74	93103	93030	5.319999999999999e-34	137.0
EL207_RS08085	61	100.0	73	0	0	1	73	93	21	1.88e-33	135.0
EL207_RS08085	31	100.0	73	0	0	1	73	16830	16758	1.88e-33	135.0
EL207_RS08095	31	97.29700000000001	74	2	0	1	74	16640	16567	1.15e-30	126.0
EL207_RS08105	31	98.649	74	1	0	1	74	15845	15772	2.48e-32	132.0
EL207_RS08105	31	98.649	74	1	0	1	74	16410	16337	2.48e-32	132.0
EL207_RS08110	19	98.684	76	1	0	1	76	50726	50651	1.98e-33	135.0
EL207_RS08130	31	100.0	74	0	0	1	74	15473	15400	5.319999999999999e-34	137.0
EL207_RS08130	31	100.0	74	0	0	1	74	16140	16067	5.319999999999999e-34	137.0
EL207_RS08145	31	98.611	72	1	0	1	72	15286	15215	3.0899999999999997e-31	128.0
EL207_RS08145	31	98.611	72	1	0	1	72	16052	15981	3.0899999999999997e-31	128.0
EL207_RS08145	19	98.611	72	1	0	1	72	50908	50837	3.0899999999999997e-31	128.0
EL207_RS10325	53	97.26	73	2	0	1	73	13	85	4.0699999999999995e-30	124.0
EL207_RS10325	19	97.26	73	2	0	1	73	50809	50737	4.0699999999999995e-30	124.0
EL207_RS10340	53	96.34100000000001	82	3	0	1	82	181	262	2.1899999999999997e-33	135.0
EL207_RS10350	53	95.34899999999999	86	4	0	1	86	436	521	6.489999999999999e-34	137.0
EL207_RS10360	31	100.0	74	0	0	1	74	16917	16844	5.319999999999999e-34	137.0
EL207_RS10360	11	100.0	74	0	0	1	74	93103	93030	5.319999999999999e-34	137.0
EL207_RS10365	61	100.0	73	0	0	1	73	93	21	1.98e-33	135.0
EL207_RS10365	31	100.0	73	0	0	1	73	16830	16758	1.98e-33	135.0
D7J84_RS32125	31	95.946	74	3	0	1	74	16640	16567	5.36e-29	121.0
EPT60_RS15955	41	98.75	160	2	0	3	162	328	169	4.639999999999999e-78	285.0
EPT60_RS00380	33	99.281	1530	11	0	1	1530	41	1570	0.0	2765.0
E0484_RS15670	41	98.387	186	3	0	1	186	354	169	8.879999999999997e-91	327.0
E0484_RS15755	41	98.387	186	3	0	1	186	354	169	8.879999999999997e-91	327.0
TM1040_RS02350	61	95.89	73	3	0	1	73	93	21	2e-28	119.0
TM1040_RS02350	31	95.89	73	3	0	1	73	16830	16758	2e-28	119.0
LLA12_RS13860	41	100.0	69	0	0	1	69	237	169	2.91e-31	128.0
CMV25_RS11015	41	99.51	204	1	0	1	204	798	595	4.489999999999999e-104	372.0
CMV25_RS11440	41	100.0	66	0	0	1	66	234	169	1.27e-29	122.0
EF_RS15905	41	99.26700000000001	273	2	0	1	273	11970	11698	1.2599999999999997e-140	494.0
EF_RS15915	41	98.302	1649	28	0	1	1649	11095	9447	0.0	2891.0
EF_RS16060	4	95.91799999999999	294	12	0	1	294	157389	157682	1.3899999999999996e-135	477.0
EF_RS16115	48	96.624	622	20	1	1	621	1505	884	0.0	1031.0
EF_RS16120	48	96.45200000000001	310	11	0	2	311	893	584	4.009999999999999e-146	512.0
EF_RS16465	48	96.785	622	19	1	1	621	1505	884	0.0	1037.0
EF_RS16470	48	97.917	288	6	0	1	288	867	580	2.859999999999999e-142	499.0
EF_RS16475	48	97.77799999999999	225	5	0	1	225	586	362	4.959999999999998e-109	388.0
LCK_RS09120	33	99.281	1530	11	0	1	1530	41	1570	0.0	2765.0
LCK_RS09750	33	96.73899999999999	92	3	0	2	93	1776	1685	7.109999999999999e-39	154.0
LIN_RS16305	39	97.059	102	3	0	1	102	202	101	2.1999999999999999e-44	172.0
HMPREF0351_RS13080	41	99.396	1158	3	3	1	1154	12572	13729	0.0	2097.0
HMPREF0351_RS13090	46	95.686	255	11	0	1	255	1053	1307	1.2099999999999996e-115	411.0
HMPREF0351_RS13300	41	99.28299999999999	279	2	0	1	279	12572	12850	5.94e-144	505.0
HMPREF0351_RS13390	19	100.0	71	0	0	1	71	50148	50078	2.3399999999999997e-32	132.0
HMPREF0351_RS14110	41	99.82700000000001	1158	2	0	1	1158	12572	13729	0.0	2128.0
HMPREF0351_RS14145	33	99.319	881	6	0	1	881	3529	2649	0.0	1594.0
HMPREF0351_RS14495	33	99.054	1163	11	0	1	1163	3529	2367	0.0	2087.0
HMPREF0351_RS14510	33	99.226	1163	9	0	1	1163	3529	2367	0.0	2098.0
HMPREF0351_RS14555	41	99.913	1155	1	0	1	1155	12572	13726	0.0	2128.0
BCR17_RS08675	33	99.02	1530	15	0	1	1530	41	1570	0.0	2743.0
F6447_RS13370	41	99.223	1158	9	0	1	1158	12572	13729	0.0	2089.0
F6447_RS13525	41	99.914	1158	1	0	1	1158	12572	13729	0.0	2134.0
F6447_RS13790	41	99.82700000000001	1158	2	0	1	1158	12572	13729	0.0	2128.0
HC353_RS12905	41	99.568	1158	5	0	1	1158	12572	13729	0.0	2111.0
HC353_RS13015	41	99.48200000000001	1158	6	0	1	1158	12572	13729	0.0	2106.0
HC353_RS13400	41	100.0	1038	0	0	1	1038	2612	3649	0.0	1917.0
HC353_RS13405	41	99.787	939	2	0	1	939	1648	2586	0.0	1724.0
HC354_RS12940	41	99.568	1158	5	0	1	1158	12572	13729	0.0	2111.0
HC354_RS13050	41	99.48200000000001	1158	6	0	1	1158	12572	13729	0.0	2106.0
HC354_RS13435	41	100.0	1038	0	0	1	1038	2612	3649	0.0	1917.0
HC354_RS13440	41	99.787	939	2	0	1	939	1648	2586	0.0	1724.0
GU336_RS12990	41	98.551	276	4	0	1	276	444	169	5.919999999999998e-139	488.0
GU337_RS12130	41	98.611	72	0	1	1	72	868	798	1.11e-30	126.0
E2L09_RS12855	41	99.741	1158	3	0	1	1158	12572	13729	0.0	2122.0
E2L09_RS13180	39	95.333	600	27	1	1	600	3251	3849	0.0	952.0
E2L09_RS13295	41	99.62299999999999	265	1	0	1	265	13465	13729	7.499999999999998e-138	484.0
E2L09_RS13480	39	97.98	99	2	0	1	99	202	104	2.1199999999999996e-44	172.0
HF500_RS17970	61	97.26	73	2	0	1	73	93	21	4.0699999999999995e-30	124.0
HF500_RS17970	31	97.26	73	2	0	1	73	16830	16758	4.0699999999999995e-30	124.0
HF500_RS17975	31	95.946	74	3	0	1	74	16917	16844	5.36e-29	121.0
HF500_RS17975	11	95.946	74	3	0	1	74	93103	93030	5.36e-29	121.0
HF500_RS18015	31	97.22200000000001	72	2	0	1	72	15286	15215	1.44e-29	122.0
HF500_RS18015	31	97.22200000000001	72	2	0	1	72	16052	15981	1.44e-29	122.0
HF500_RS18015	19	97.22200000000001	72	2	0	1	72	50908	50837	1.44e-29	122.0
SMVRE20_RS00260	41	99.914	1158	1	0	1	1158	12572	13729	0.0	2134.0
SMVRE20_RS00310	41	99.82700000000001	1158	2	0	1	1158	12572	13729	0.0	2128.0
SMVRE20_RS00340	33	99.359	156	1	0	1	156	2804	2649	1.5999999999999998e-77	283.0
SMVRE20_RS00350	33	99.318	733	5	0	1	733	3529	2797	0.0	1327.0
SMVRE20_RS00485	33	99.398	1163	7	0	1	1163	3529	2367	0.0	2109.0
SMVRE20_RS00500	33	99.227	1164	8	1	1	1164	3529	2367	0.0	2098.0
SMVRE20_RS00640	41	99.82700000000001	1158	2	0	1	1158	12572	13729	0.0	2128.0
SMVRE20_RS00675	41	99.82700000000001	1158	2	0	1	1158	12572	13729	0.0	2128.0
HG420_RS11495	39	99.54299999999999	219	1	0	1	219	734	516	2.2299999999999995e-112	399.0
HG420_RS11500	39	99.821	1680	3	0	1	1680	921	2600	0.0	3086.0
HG420_RS11520	41	100.0	113	0	0	1	113	798	686	1.9199999999999996e-55	209.0
HG420_RS11545	41	98.198	111	2	0	1	111	279	169	5.2100000000000005e-51	195.0
PECL_RS09125	33	95.882	1530	63	0	1	1530	41	1570	0.0	2477.0
GFC30_RS15805	31	97.22200000000001	72	2	0	1	72	15286	15215	1.44e-29	122.0
GFC30_RS15805	31	97.22200000000001	72	2	0	1	72	16052	15981	1.44e-29	122.0
GFC30_RS15805	19	97.22200000000001	72	2	0	1	72	50908	50837	1.44e-29	122.0
GFC30_RS15820	31	95.946	74	3	0	1	74	15473	15400	5.36e-29	121.0
GFC30_RS15820	31	95.946	74	3	0	1	74	16140	16067	5.36e-29	121.0
GFC30_RS15850	31	95.946	74	3	0	1	74	15845	15772	5.65e-29	121.0
GFC30_RS15850	31	95.946	74	3	0	1	74	16410	16337	5.65e-29	121.0
GFC30_RS15860	31	97.22200000000001	72	2	0	1	72	15286	15215	1.44e-29	122.0
GFC30_RS15860	31	97.22200000000001	72	2	0	1	72	16052	15981	1.44e-29	122.0
GFC30_RS15860	19	97.22200000000001	72	2	0	1	72	50908	50837	1.44e-29	122.0
GFC30_RS15910	61	97.26	73	2	0	1	73	93	21	4.0699999999999995e-30	124.0
GFC30_RS15910	31	97.26	73	2	0	1	73	16830	16758	4.0699999999999995e-30	124.0
GFC30_RS16230	31	97.22200000000001	72	2	0	1	72	15286	15215	1.44e-29	122.0
GFC30_RS16230	31	97.22200000000001	72	2	0	1	72	16052	15981	1.44e-29	122.0
GFC30_RS16230	19	97.22200000000001	72	2	0	1	72	50908	50837	1.44e-29	122.0
GFC30_RS16245	19	98.611	72	1	0	1	72	50245	50174	3.26e-31	128.0
GFC30_RS16245	8	98.611	72	1	0	1	72	6714	6643	3.26e-31	128.0
GFC30_RS16270	31	97.29700000000001	74	2	0	1	74	16917	16844	1.22e-30	126.0
GFC30_RS16270	11	97.29700000000001	74	2	0	1	74	93103	93030	1.22e-30	126.0
BCM40_RS16175	31	95.833	72	3	0	1	72	15286	15215	7.059999999999999e-28	117.0
BCM40_RS16175	31	95.833	72	3	0	1	72	16052	15981	7.059999999999999e-28	117.0
BCM40_RS16175	19	95.833	72	3	0	1	72	50908	50837	7.059999999999999e-28	117.0
KNN_RS31700	31	95.946	74	3	0	1	74	16640	16567	5.36e-29	121.0
HPG46_RS27990	31	95.946	74	3	0	1	74	16640	16567	5.36e-29	121.0
BN9748_RS14875	33	99.484	1163	6	0	1	1163	3529	2367	0.0	2115.0
BN9748_RS14890	33	99.31200000000001	1163	8	0	1	1163	3529	2367	0.0	2104.0
BN9748_RS15175	41	99.914	1158	1	0	1	1158	12572	13729	0.0	2134.0
BN9748_RS15240	41	99.914	1158	1	0	1	1158	12572	13729	0.0	2134.0
BN9748_RS16795	21	95.29700000000001	489	21	2	1	488	2190	1703	0.0	774.0
GU335_RS11495	41	98.71799999999999	156	2	0	1	156	324	169	7.439999999999999e-76	278.0
FLC01_RS14135	41	99.914	1158	1	0	1	1158	12572	13729	0.0	2134.0
FLC01_RS14195	41	99.914	1158	1	0	1	1158	12572	13729	0.0	2134.0
FLC01_RS14345	41	99.914	1158	1	0	1	1158	12572	13729	0.0	2134.0
FLC01_RS14390	41	99.914	1158	1	0	1	1158	12572	13729	0.0	2134.0
FLC01_RS14415	33	99.757	412	1	0	1	412	3101	2690	0.0	756.0
FLC01_RS14765	33	99.484	1163	6	0	1	1163	3529	2367	0.0	2115.0
FLC01_RS14770	33	99.068	644	6	0	1	644	3529	2886	0.0	1157.0
FLC01_RS15880	33	99.695	328	1	0	1	328	2694	2367	8.769999999999997e-173	601.0
FLC01_RS16095	41	99.82700000000001	1158	2	0	1	1158	12572	13729	0.0	2128.0
FLC01_RS16105	46	95.686	255	11	0	1	255	1053	1307	1.2099999999999996e-115	411.0
ELZ59_RS12980	41	99.82700000000001	1158	2	0	1	1158	12572	13729	0.0	2128.0
ELZ59_RS13185	41	99.82700000000001	1158	2	0	1	1158	12572	13729	0.0	2128.0
ELZ59_RS13565	41	99.82700000000001	1158	2	0	1	1158	12572	13729	0.0	2128.0
ELZ59_RS13575	46	95.686	255	11	0	1	255	1053	1307	1.2099999999999996e-115	411.0
ELZ42_RS12835	46	96.096	1127	42	1	1	1127	1053	2177	0.0	1836.0
ELZ42_RS12935	41	99.741	1158	3	0	1	1158	12572	13729	0.0	2122.0
ELZ42_RS13150	41	99.82700000000001	1158	2	0	1	1158	12572	13729	0.0	2128.0
ELZ65_RS14000	41	99.914	1158	1	0	1	1158	12572	13729	0.0	2134.0
ELZ65_RS14115	41	99.82700000000001	1158	2	0	1	1158	12572	13729	0.0	2128.0
ELZ65_RS14275	41	99.914	1158	1	0	1	1158	12572	13729	0.0	2134.0
ELZ65_RS14355	41	99.82700000000001	1158	2	0	1	1158	12572	13729	0.0	2128.0
ELZ65_RS14635	33	99.484	1163	6	0	1	1163	3529	2367	0.0	2115.0
ELZ65_RS14655	33	99.068	644	6	0	1	644	3529	2886	0.0	1157.0
EL279_RS14685	4	97.333	300	8	0	1	300	157389	157688	1.3799999999999997e-145	510.0
EL279_RS14690	4	98.34299999999999	543	9	0	1	543	158806	158264	0.0	953.0
EL279_RS14695	4	96.831	852	27	0	1	852	159667	158816	0.0	1424.0
EL279_RS14700	4	99.699	996	3	0	1	996	160330	161325	0.0	1823.0
EL279_RS14905	39	96.182	681	26	0	1	681	14406	13726	0.0	1114.0
EL279_RS14940	39	95.595	681	30	0	1	681	14406	13726	0.0	1092.0
EL279_RS15240	46	99.912	1139	0	1	1	1139	1053	2190	0.0	2097.0
EL279_RS15245	46	100.0	603	0	0	1	603	312	914	0.0	1114.0
EL279_RS15255	48	99.415	342	2	0	1	342	1939	2280	7.039999999999999e-179	621.0
EL279_RS15260	48	100.0	231	0	0	1	231	1709	1939	1.0799999999999999e-120	427.0
EL279_RS15480	48	99.134	231	2	0	1	231	1709	1939	2.3399999999999994e-117	416.0
EL279_RS15485	48	97.95299999999999	342	7	0	1	342	1939	2280	1.5299999999999994e-170	593.0
EL279_RS15495	46	97.181	603	17	0	1	603	312	914	0.0	1020.0
EL279_RS15505	41	99.89399999999999	939	1	0	1	939	1648	2586	0.0	1729.0
EL279_RS15510	41	99.904	1038	1	0	1	1038	2612	3649	0.0	1912.0
EL279_RS15650	39	95.469	618	28	0	1	618	3251	3868	0.0	987.0
EL279_RS15815	41	95.833	240	10	0	1	240	1281	1520	5.329999999999998e-109	388.0
EL345_RS13175	46	95.031	1127	54	2	1	1127	1053	2177	0.0	1770.0
EL240_RS14690	4	97.333	300	8	0	1	300	157389	157688	1.3799999999999997e-145	510.0
EL240_RS14695	4	98.34299999999999	543	9	0	1	543	158806	158264	0.0	953.0
EL240_RS14700	4	96.831	852	27	0	1	852	159667	158816	0.0	1424.0
EL240_RS14705	4	99.699	996	3	0	1	996	160330	161325	0.0	1823.0
EL240_RS14910	39	96.182	681	26	0	1	681	14406	13726	0.0	1114.0
EL240_RS14945	39	95.595	681	30	0	1	681	14406	13726	0.0	1092.0
EL240_RS15245	46	99.912	1139	0	1	1	1139	1053	2190	0.0	2097.0
EL240_RS15250	46	100.0	603	0	0	1	603	312	914	0.0	1114.0
EL240_RS15260	48	99.415	342	2	0	1	342	1939	2280	7.039999999999999e-179	621.0
EL240_RS15265	48	100.0	231	0	0	1	231	1709	1939	1.0799999999999999e-120	427.0
EL240_RS15485	48	99.134	231	2	0	1	231	1709	1939	2.3399999999999994e-117	416.0
EL240_RS15490	48	97.95299999999999	342	7	0	1	342	1939	2280	1.5299999999999994e-170	593.0
EL240_RS15500	46	97.181	603	17	0	1	603	312	914	0.0	1020.0
EL240_RS15510	41	99.89399999999999	939	1	0	1	939	1648	2586	0.0	1729.0
EL240_RS15515	41	99.904	1038	1	0	1	1038	2612	3649	0.0	1912.0
EL240_RS15655	39	95.469	618	28	0	1	618	3251	3868	0.0	987.0
EL240_RS15820	41	95.833	240	10	0	1	240	1281	1520	5.329999999999998e-109	388.0
EL348_RS14290	41	99.914	1158	1	0	1	1158	12572	13729	0.0	2134.0
EL348_RS14755	41	99.82700000000001	1158	2	0	1	1158	12572	13729	0.0	2128.0
EL348_RS14765	46	95.686	255	11	0	1	255	1053	1307	1.2099999999999996e-115	411.0
EL355_RS16150	39	99.762	1680	4	0	1	1680	921	2600	0.0	3081.0
EQB36_RS13850	41	99.914	1158	1	0	1	1158	12572	13729	0.0	2134.0
EQB36_RS14150	41	99.914	1158	1	0	1	1158	12572	13729	0.0	2134.0
EQB36_RS14870	21	98.625	291	4	0	1	291	1968	1678	2.869999999999999e-147	516.0
EQB36_RS14880	39	95.469	618	28	0	1	618	3251	3868	0.0	987.0
EQB36_RS15095	46	95.686	255	11	0	1	255	1053	1307	1.2099999999999996e-115	411.0
EQB36_RS15105	41	99.82700000000001	1158	2	0	1	1158	12572	13729	0.0	2128.0
EQB36_RS15370	49	99.795	975	2	0	1	975	1	975	0.0	1790.0
EQB68_RS13995	41	99.914	1158	1	0	1	1158	12572	13729	0.0	2134.0
EQB68_RS14065	41	99.82700000000001	1158	2	0	1	1158	12572	13729	0.0	2128.0
EQB68_RS14390	33	99.226	1163	9	0	1	1163	3529	2367	0.0	2098.0
EQB68_RS14410	33	99.31200000000001	1163	8	0	1	1163	3529	2367	0.0	2104.0
EQB68_RS14450	33	99.484	1163	6	0	1	1163	3529	2367	0.0	2115.0
EQB68_RS15620	41	99.82700000000001	1158	2	0	1	1158	12572	13729	0.0	2128.0
EQB68_RS15630	46	95.686	255	11	0	1	255	1053	1307	1.2099999999999996e-115	411.0
EL352_RS12750	39	97.429	350	9	0	1	350	3868	4217	1.2599999999999996e-171	597.0
EL352_RS12805	21	95.13600000000001	514	23	2	1	513	2190	1678	0.0	809.0
EL352_RS12870	41	99.741	1158	3	0	1	1158	12572	13729	0.0	2122.0
EL352_RS13085	41	99.741	1158	3	0	1	1158	12572	13729	0.0	2122.0
EQB51_RS14995	41	99.914	1158	1	0	1	1158	12572	13729	0.0	2134.0
EQB51_RS15315	41	99.914	1158	1	0	1	1158	12572	13729	0.0	2134.0
EQB51_RS15380	41	99.914	1158	1	0	1	1158	12572	13729	0.0	2134.0
EQB51_RS15785	33	99.398	1163	7	0	1	1163	3529	2367	0.0	2109.0
EQB51_RS15805	33	99.14	1163	10	0	1	1163	3529	2367	0.0	2093.0
EQB51_RS16010	41	99.741	1158	3	0	1	1158	12572	13729	0.0	2122.0
EQB58_RS14725	41	99.914	1158	1	0	1	1158	12572	13729	0.0	2134.0
EQB58_RS14800	41	99.914	1158	1	0	1	1158	12572	13729	0.0	2134.0
EQB58_RS14915	41	99.914	1158	1	0	1	1158	12572	13729	0.0	2134.0
EQB58_RS15130	33	99.57	1163	5	0	1	1163	3529	2367	0.0	2121.0
EQB58_RS15150	33	99.479	959	5	0	1	959	3529	2571	0.0	1744.0
EQB58_RS16025	46	95.686	255	11	0	1	255	1053	1307	1.2099999999999996e-115	411.0
EQB58_RS16035	41	99.82700000000001	1158	2	0	1	1158	12572	13729	0.0	2128.0
EL354_RS14445	41	99.914	1158	1	0	1	1158	12572	13729	0.0	2134.0
EQB43_RS15160	41	99.914	1158	1	0	1	1158	12572	13729	0.0	2134.0
EQB43_RS15485	41	99.914	1158	1	0	1	1158	12572	13729	0.0	2134.0
EQB43_RS15550	41	99.914	1158	1	0	1	1158	12572	13729	0.0	2134.0
EQB43_RS15955	33	99.31200000000001	1163	8	0	1	1163	3529	2367	0.0	2104.0
EQB43_RS15975	33	99.14	1163	10	0	1	1163	3529	2367	0.0	2093.0
EQB43_RS16180	41	99.914	1158	1	0	1	1158	12572	13729	0.0	2134.0
EQB75_RS15720	41	99.82700000000001	1158	2	0	1	1158	12572	13729	0.0	2128.0
EQB75_RS15805	41	99.82700000000001	1158	2	0	1	1158	12572	13729	0.0	2128.0
EQB75_RS16075	33	99.484	1163	6	0	1	1163	3529	2367	0.0	2115.0
EQB75_RS16095	33	99.484	1163	6	0	1	1163	3529	2367	0.0	2115.0
EQB75_RS16255	41	99.914	1158	1	0	1	1158	12572	13729	0.0	2134.0
EQB75_RS17045	41	99.82700000000001	1158	2	0	1	1158	12572	13729	0.0	2128.0
EQB75_RS17055	46	95.686	255	11	0	1	255	1053	1307	1.2099999999999996e-115	411.0
E7T08_RS14120	41	99.82700000000001	1158	2	0	1	1158	12572	13729	0.0	2128.0
E7T08_RS14535	41	99.914	1158	1	0	1	1158	12572	13729	0.0	2134.0
E7T08_RS14600	41	99.914	1158	1	0	1	1158	12572	13729	0.0	2134.0
E7T08_RS14625	33	99.205	881	7	0	1	881	3529	2649	0.0	1589.0
E7T08_RS14775	33	99.31200000000001	1163	8	0	1	1163	3529	2367	0.0	2104.0
E7T08_RS14795	33	99.226	1163	9	0	1	1163	3529	2367	0.0	2098.0
E7T08_RS15375	41	99.82700000000001	1158	2	0	1	1158	12572	13729	0.0	2128.0
E7T08_RS15400	39	95.469	618	28	0	1	618	3251	3868	0.0	987.0
E7T08_RS15670	41	99.82700000000001	1158	2	0	1	1158	12572	13729	0.0	2128.0
E7T08_RS15680	46	95.686	255	11	0	1	255	1053	1307	1.2099999999999996e-115	411.0
FNL85_RS13895	41	99.655	1158	4	0	1	1158	12572	13729	0.0	2117.0
FP479_RS14780	61	97.26	73	2	0	1	73	93	21	4.3e-30	124.0
FP479_RS14780	31	97.26	73	2	0	1	73	16830	16758	4.3e-30	124.0
FP479_RS14785	31	97.29700000000001	74	2	0	1	74	15473	15400	1.22e-30	126.0
FP479_RS14785	31	97.29700000000001	74	2	0	1	74	16140	16067	1.22e-30	126.0
FP479_RS14805	31	97.29700000000001	74	2	0	1	74	15473	15400	1.22e-30	126.0
FP479_RS14805	31	97.29700000000001	74	2	0	1	74	16140	16067	1.22e-30	126.0
FP476_RS14780	51	95.556	90	4	0	1	90	150	61	4.11e-36	145.0
FP476_RS14785	31	97.29700000000001	74	2	0	1	74	15473	15400	1.22e-30	126.0
FP476_RS14785	31	97.29700000000001	74	2	0	1	74	16140	16067	1.22e-30	126.0
FP476_RS14790	61	97.26	73	2	0	1	73	93	21	4.3e-30	124.0
FP476_RS14790	31	97.26	73	2	0	1	73	16830	16758	4.3e-30	124.0
FP476_RS14820	31	97.29700000000001	74	2	0	1	74	15473	15400	1.22e-30	126.0
FP476_RS14820	31	97.29700000000001	74	2	0	1	74	16140	16067	1.22e-30	126.0
FP476_RS14825	51	95.556	90	4	0	1	90	150	61	4.11e-36	145.0
FOV01_RS13510	4	96.552	290	10	0	1	290	157389	157678	1.0699999999999996e-136	481.0
FOV01_RS13630	46	95.686	255	11	0	1	255	1053	1307	1.2099999999999996e-115	411.0
FOV01_RS13640	41	99.82700000000001	1158	2	0	1	1158	12572	13729	0.0	2128.0
FOV01_RS13670	39	98.387	186	3	0	1	186	202	17	8.879999999999997e-91	327.0
FOV01_RS13675	39	98.095	105	2	0	1	105	202	98	1.0499999999999998e-47	183.0
FOV01_RS13760	4	96.552	290	10	0	1	290	157389	157678	1.0699999999999996e-136	481.0
HTD38_RS00055	39	95.469	618	28	0	1	618	3251	3868	0.0	987.0
HTD38_RS00085	39	99.706	681	2	0	1	681	14406	13726	0.0	1247.0
HTD38_RS00115	39	99.706	681	2	0	1	681	14406	13726	0.0	1247.0
HTF48_RS00375	41	99.914	1158	1	0	1	1158	12572	13729	0.0	2134.0
HTF48_RS00385	46	95.686	255	11	0	1	255	1053	1307	1.2099999999999996e-115	411.0
HTF63_RS00095	41	99.914	1158	1	0	1	1158	12572	13729	0.0	2134.0
HTF63_RS00180	41	99.914	1158	1	0	1	1158	12572	13729	0.0	2134.0
HTF63_RS00190	46	95.686	255	11	0	1	255	1053	1307	1.2099999999999996e-115	411.0
HTG14_RS00095	41	99.914	1158	1	0	1	1158	12572	13729	0.0	2134.0
HTG14_RS00180	41	99.914	1158	1	0	1	1158	12572	13729	0.0	2134.0
HTG14_RS00190	46	95.686	255	11	0	1	255	1053	1307	1.2099999999999996e-115	411.0
HTG24_RS00045	4	95.86200000000001	290	12	0	1	290	157389	157678	2.319999999999999e-133	470.0
HTG28_RS00095	41	99.914	1158	1	0	1	1158	12572	13729	0.0	2134.0
HTG28_RS00180	41	99.914	1158	1	0	1	1158	12572	13729	0.0	2134.0
HTG28_RS00190	46	95.686	255	11	0	1	255	1053	1307	1.2099999999999996e-115	411.0
HTG27_RS00095	41	99.914	1158	1	0	1	1158	12572	13729	0.0	2134.0
HTG27_RS00180	41	99.914	1158	1	0	1	1158	12572	13729	0.0	2134.0
HTG27_RS00190	46	95.686	255	11	0	1	255	1053	1307	1.2099999999999996e-115	411.0
HTG21_RS00095	41	99.914	1158	1	0	1	1158	12572	13729	0.0	2134.0
HTG21_RS00175	41	99.914	1158	1	0	1	1158	12572	13729	0.0	2134.0
HTG21_RS00185	46	95.686	255	11	0	1	255	1053	1307	1.2099999999999996e-115	411.0
HTG44_RS00095	41	99.914	1158	1	0	1	1158	12572	13729	0.0	2134.0
HTG44_RS00180	41	99.914	1158	1	0	1	1158	12572	13729	0.0	2134.0
HTG44_RS00190	46	95.686	255	11	0	1	255	1053	1307	1.2099999999999996e-115	411.0
HTK17_RS00220	48	100.0	231	0	0	1	231	1709	1939	1.0799999999999999e-120	427.0
HTK17_RS00225	48	99.708	342	1	0	1	342	1939	2280	1.5099999999999998e-180	627.0
HTK17_RS00235	46	100.0	603	0	0	1	603	312	914	0.0	1114.0
HTK17_RS00240	46	100.0	1157	0	0	1	1157	1053	2209	0.0	2137.0
HTK17_RS00295	41	98.899	454	4	1	1	453	8057	8510	0.0	809.0
HTK17_RS00300	41	100.0	168	0	0	1	168	8703	8536	7.979999999999998e-86	311.0
HTK17_RS00305	41	99.43	351	2	0	1	351	9377	9027	0.0	638.0
HTK17_RS00315	41	96.919	357	11	0	1	357	11452	11096	3.449999999999999e-172	599.0
HTK17_RS00320	41	100.0	273	0	0	1	273	11970	11698	5.829999999999999e-144	505.0
HTK17_RS00335	39	99.706	681	2	0	1	681	14406	13726	0.0	1247.0
HTK17_RS00370	39	99.706	681	2	0	1	681	14406	13726	0.0	1247.0
HTK47_RS00020	41	99.82700000000001	1158	2	0	1	1158	12572	13729	0.0	2128.0
HTK34_RS00385	41	99.82700000000001	1158	2	0	1	1158	12572	13729	0.0	2128.0
HTL57_RS00300	48	95.08200000000001	610	29	1	1	609	1505	896	0.0	959.0
HTM13_RS00030	4	95.57799999999999	294	13	0	1	294	157389	157682	6.449999999999998e-134	472.0
HTN56_RS00030	39	99.762	1680	4	0	1	1680	921	2600	0.0	3081.0
HTO75_RS00005	49	99.2	250	2	0	6	255	2382	2133	7.149999999999999e-128	451.0
HTO75_RS00010	49	98.368	429	7	0	1	429	2033	1605	0.0	754.0
HTQ42_RS00060	41	99.26700000000001	273	2	0	1	273	11970	11698	1.2599999999999997e-140	494.0
HTQ42_RS00065	41	98.039	357	7	0	1	357	11452	11096	7.369999999999998e-179	621.0
HTQ42_RS00070	41	98.90799999999999	1649	18	0	1	1649	11095	9447	0.0	2946.0
HTQ42_RS00080	41	100.0	168	0	0	1	168	8703	8536	7.979999999999998e-86	311.0
HTQ42_RS00085	41	99.479	1344	7	0	1	1344	7167	8510	0.0	2444.0
HTQ42_RS00090	41	97.436	780	20	0	1	780	6388	7167	0.0	1330.0
HTR99_RS00150	41	99.82700000000001	1158	2	0	1	1158	12572	13729	0.0	2128.0
HTR99_RS00160	46	95.686	255	11	0	1	255	1053	1307	1.2099999999999996e-115	411.0
HTR93_RS00350	41	99.82700000000001	1158	2	0	1	1158	12572	13729	0.0	2128.0
HTR93_RS00585	41	99.55	1112	5	0	1	1112	12572	13683	0.0	2026.0
HTU31_RS00095	39	97.67399999999999	129	3	0	1	129	202	74	2.83e-59	222.0
HTW12_RS00075	39	99.706	681	2	0	1	681	14406	13726	0.0	1247.0
HTW12_RS00110	39	99.706	681	2	0	1	681	14406	13726	0.0	1247.0
HTW12_RS00525	4	99.699	996	3	0	1	996	160330	161325	0.0	1823.0
HTW12_RS00530	4	96.831	852	27	0	1	852	159667	158816	0.0	1424.0
HTW12_RS00535	4	98.34299999999999	543	9	0	1	543	158806	158264	0.0	953.0
HTW12_RS00540	4	97.667	300	7	0	1	300	157389	157688	2.969999999999999e-147	516.0
HTW12_RS00580	48	100.0	231	0	0	1	231	1709	1939	1.0799999999999999e-120	427.0
HTW12_RS00585	48	99.708	342	1	0	1	342	1939	2280	1.5099999999999998e-180	627.0
HTW12_RS00610	21	97.595	291	7	0	1	291	1968	1678	2.8899999999999993e-142	499.0
HTW12_RS00660	39	99.706	681	2	0	1	681	14406	13726	0.0	1247.0
HTX46_RS00005	48	95.008	621	30	1	1	620	1505	885	0.0	974.0
HTX46_RS00040	4	97.0	300	9	0	1	300	157389	157688	6.429999999999998e-144	505.0
HTX46_RS00045	4	98.34299999999999	543	9	0	1	543	158806	158264	0.0	953.0
HTX46_RS00050	4	96.831	852	27	0	1	852	159667	158816	0.0	1424.0
HTX46_RS00055	4	99.699	996	3	0	1	996	160330	161325	0.0	1823.0
AN278_RS08545	33	98.758	1530	19	0	1	1530	41	1570	0.0	2721.0
BVA20_RS15620	33	99.484	1163	6	0	1	1163	3529	2367	0.0	2115.0
BVA20_RS15635	33	99.068	644	6	0	1	644	3529	2886	0.0	1157.0
BVA20_RS16140	41	98.99700000000001	299	3	0	14	312	467	169	2.3799999999999996e-153	536.0
BVA20_RS16195	41	99.655	1158	4	0	1	1158	12572	13729	0.0	2117.0
BVA20_RS16360	41	99.741	1158	3	0	1	1158	12572	13729	0.0	2122.0
BVA20_RS16435	41	99.914	1158	1	0	1	1158	12572	13729	0.0	2134.0
BVA20_RS16600	46	95.686	255	11	0	1	255	1053	1307	1.2099999999999996e-115	411.0
BVA20_RS16610	41	99.82700000000001	1158	2	0	1	1158	12572	13729	0.0	2128.0
B4W80_RS15420	41	99.914	1158	1	0	1	1158	12572	13729	0.0	2134.0
B4W80_RS15760	33	99.484	1163	6	0	1	1163	3529	2367	0.0	2115.0
B4W80_RS15775	33	99.068	644	6	0	1	644	3529	2886	0.0	1157.0
B4W80_RS16270	33	99.068	644	6	0	1	644	3529	2886	0.0	1157.0
B4W80_RS16285	33	99.484	1163	6	0	1	1163	3529	2367	0.0	2115.0
B4W80_RS16420	39	98.148	162	3	0	1	162	202	41	1.6699999999999996e-77	283.0
B4W80_RS16465	41	100.0	514	0	0	1	514	13216	13729	0.0	950.0
B4W80_RS16480	46	95.686	255	11	0	1	255	1053	1307	1.2099999999999996e-115	411.0
BUW91_RS28505	31	98.611	72	1	0	1	72	15286	15215	3.0899999999999997e-31	128.0
BUW91_RS28505	31	98.611	72	1	0	1	72	16052	15981	3.0899999999999997e-31	128.0
BUW91_RS28505	19	98.611	72	1	0	1	72	50908	50837	3.0899999999999997e-31	128.0
B4W81_RS15545	41	99.568	1158	5	0	1	1158	12572	13729	0.0	2111.0
B4W81_RS15600	33	99.068	644	6	0	1	644	3529	2886	0.0	1157.0
B4W81_RS15620	33	99.484	1163	6	0	1	1163	3529	2367	0.0	2115.0
B4W81_RS17750	33	98.99	99	1	0	1	99	2239	2337	4.56e-46	178.0
B4W81_RS16175	33	99.484	1163	6	0	1	1163	3529	2367	0.0	2115.0
B4W81_RS16365	41	99.914	1158	1	0	1	1158	12572	13729	0.0	2134.0
B4W81_RS16685	46	95.686	255	11	0	1	255	1053	1307	1.2099999999999996e-115	411.0
B4W81_RS16700	41	100.0	514	0	0	1	514	13216	13729	0.0	950.0
B4W81_RS16745	39	98.148	162	3	0	1	162	202	41	1.6699999999999996e-77	283.0
B4W81_RS17560	46	95.686	255	11	0	1	255	1053	1307	1.2099999999999996e-115	411.0
B4W81_RS17575	41	100.0	514	0	0	1	514	13216	13729	0.0	950.0
B4W81_RS17620	39	97.57600000000001	165	3	1	1	165	202	39	6.169999999999999e-77	281.0
A6B47_RS14270	4	97.89200000000001	996	21	0	1	996	160330	161325	0.0	1724.0
A6B47_RS14630	1	96.228	1034	27	1	2	1023	72878	71845	0.0	1683.0
A6B47_RS14770	44	99.23100000000001	780	6	0	1	780	8377	7598	0.0	1408.0
A6B47_RS14775	44	98.095	945	6	1	1	933	7561	6617	0.0	1635.0
A6B47_RS14780	44	99.359	780	5	0	1	780	6601	5822	0.0	1413.0
A6B47_RS14785	44	99.134	693	6	0	1	693	5810	5118	0.0	1247.0
A6B47_RS14790	44	99.60600000000001	762	3	0	1	762	5098	4337	0.0	1391.0
A6B47_RS14795	44	99.45	1818	10	0	1	1818	4324	2507	0.0	3302.0
A6B47_RS14800	44	99.697	660	2	0	1	660	2523	1864	0.0	1208.0
A6B47_RS14805	44	99.723	1083	3	0	1	1083	1826	744	0.0	1984.0
A6B47_RS14810	44	99.676	618	2	0	1	618	751	134	0.0	1131.0
A6B47_RS14820	15	99.609	1023	4	0	1	1023	305	1327	0.0	1868.0
A6B47_RS14825	15	99.73	1110	3	0	1	1110	1324	2433	0.0	2034.0
A6B47_RS14830	15	99.46700000000001	1125	6	0	1	1125	2437	3561	0.0	2045.0
A6B47_RS14835	15	99.3	1143	8	0	1	1143	3558	4700	0.0	2067.0
A6B47_RS14840	15	99.486	1167	6	0	1	1167	4890	6056	0.0	2122.0
A6B47_RS14845	15	100.0	1413	0	0	1	1413	6060	7472	0.0	2610.0
A6B47_RS14850	15	99.78	1362	3	0	1	1362	7527	8888	0.0	2499.0
A6B47_RS14855	15	99.779	453	1	0	1	453	9000	9452	0.0	832.0
A6B47_RS14860	15	99.55	1332	6	0	1	1332	9996	11327	0.0	2427.0
A6B47_RS14865	1	99.29799999999999	997	3	2	1	993	142108	141112	0.0	1799.0
A6B47_RS14870	1	100.0	630	0	0	1	630	142956	142327	0.0	1164.0
A6B47_RS14875	1	100.0	762	0	0	1	762	143726	142965	0.0	1408.0
A6B47_RS14905	48	97.95299999999999	342	7	0	1	342	1939	2280	1.5299999999999994e-170	593.0
A6B47_RS14910	48	99.134	231	2	0	1	231	1709	1939	2.3399999999999994e-117	416.0
A6B47_RS15245	48	96.178	314	12	0	2	315	893	580	1.1299999999999996e-146	514.0
A6B47_RS15250	48	98.667	225	3	0	1	225	586	362	2.29e-112	399.0
LBS_RS09960	33	98.889	1530	17	0	1	1530	41	1570	0.0	2732.0
LSAJ54_RS10035	33	98.889	1530	17	0	1	1530	41	1570	0.0	2732.0
MFPB16_RS10250	33	98.889	1530	17	0	1	1530	41	1570	0.0	2732.0
EsVE80_RS13475	41	99.309	1158	8	0	1	1158	12572	13729	0.0	2095.0
EsVE80_RS13595	39	99.559	681	3	0	1	681	14406	13726	0.0	1242.0
EsVE80_RS13630	39	99.706	681	2	0	1	681	14406	13726	0.0	1247.0
SGGBAA2069_RS11820	39	99.706	681	2	0	1	681	14406	13726	0.0	1247.0
LBP_RS14465	33	99.281	1530	11	0	1	1530	41	1570	0.0	2765.0
AL026_RS00840	41	99.914	1158	1	0	1	1158	12572	13729	0.0	2134.0
AL026_RS00910	41	99.82700000000001	1158	2	0	1	1158	12572	13729	0.0	2128.0
AL026_RS01240	33	99.484	1163	6	0	1	1163	3529	2367	0.0	2115.0
AL026_RS01260	33	99.31200000000001	1163	8	0	1	1163	3529	2367	0.0	2104.0
AL026_RS01420	41	99.568	1158	5	0	1	1158	12572	13729	0.0	2111.0
C6N67_RS11665	33	99.412	1530	9	0	1	1530	41	1570	0.0	2776.0
CD198_RS10440	33	99.259	135	1	0	1	135	1819	1685	6.379999999999998e-66	244.0
EFE1165_RS14215	33	99.205	881	7	0	1	881	3529	2649	0.0	1589.0
EFE1165_RS14260	41	99.82700000000001	1158	2	0	1	1158	12572	13729	0.0	2128.0
EFE1165_RS14330	41	99.82700000000001	1158	2	0	1	1158	12572	13729	0.0	2128.0
EFE1165_RS14635	41	99.82700000000001	1158	2	0	1	1158	12572	13729	0.0	2128.0
EFE1165_RS15030	41	99.655	1158	4	0	1	1158	12572	13729	0.0	2117.0
EFE1165_RS15190	33	99.14	1163	10	0	1	1163	3529	2367	0.0	2093.0
EFE1165_RS15210	33	99.31200000000001	1163	8	0	1	1163	3529	2367	0.0	2104.0
DTO64_RS16080	39	99.706	681	2	0	1	681	14406	13726	0.0	1247.0
DTO64_RS16110	39	99.706	681	2	0	1	681	14406	13726	0.0	1247.0
DTO64_RS16145	39	99.706	681	2	0	1	681	14406	13726	0.0	1247.0
DTO64_RS16185	39	99.706	681	2	0	1	681	14406	13726	0.0	1247.0
DTO64_RS16410	39	96.273	483	18	0	1	483	3251	3733	0.0	793.0
DTO64_RS16505	48	96.785	622	19	1	1	621	1505	884	0.0	1037.0
DTO64_RS16510	48	97.917	288	6	0	1	288	867	580	2.859999999999999e-142	499.0
DTO64_RS16515	48	97.77799999999999	225	5	0	1	225	586	362	4.959999999999998e-109	388.0
LLUC11_RS11820	39	99.584	1682	5	2	1	1682	921	2600	0.0	3066.0
LLUC11_RS11830	39	98.815	422	5	0	1	422	734	313	0.0	752.0
LLUC11_RS12050	41	96.087	230	8	1	1	230	414	186	1.4499999999999997e-104	374.0
EfmKUHS13_RS13955	41	99.741	1158	1	2	1	1156	12572	13729	0.0	2121.0
EfmKUHS13_RS14005	41	99.569	1160	3	2	1	1160	12572	13729	0.0	2113.0
EfmKUHS13_RS14030	33	99.432	881	5	0	1	881	3529	2649	0.0	1600.0
EfmKUHS13_RS14170	33	99.31200000000001	1163	8	0	1	1163	3529	2367	0.0	2104.0
EfmKUHS13_RS14185	33	99.31200000000001	1163	8	0	1	1163	3529	2367	0.0	2104.0
EfmKUHS13_RS14450	39	95.469	618	28	0	1	618	3251	3868	0.0	987.0
EfmKUHS13_RS14730	41	99.48200000000001	1158	5	1	1	1157	12572	13729	0.0	2104.0
HBA75_RS29870	31	95.946	74	3	0	1	74	16640	16567	5.36e-29	121.0
GKQ57_RS14295	48	96.785	622	19	1	1	621	1505	884	0.0	1037.0
GKQ57_RS14300	48	97.917	288	6	0	1	288	867	580	2.859999999999999e-142	499.0
GKQ57_RS14305	48	97.77799999999999	225	5	0	1	225	586	362	4.959999999999998e-109	388.0
GKQ57_RS14580	41	99.787	939	2	0	1	939	1648	2586	0.0	1724.0
GKQ57_RS14585	41	99.904	1038	1	0	1	1038	2612	3649	0.0	1912.0
GKQ57_RS14590	41	99.568	1158	4	1	1	1157	12572	13729	0.0	2109.0
GKQ57_RS14600	48	95.238	315	15	0	1	315	894	580	3.149999999999999e-142	499.0
GKQ57_RS14605	48	98.22200000000001	225	4	0	1	225	586	362	1.0699999999999997e-110	394.0
GKQ57_RS14635	4	95.189	291	13	1	1	291	157389	157678	4.909999999999999e-130	459.0
YBT1518_RS30485	31	95.946	74	3	0	1	74	16640	16567	5.36e-29	121.0
FKW92_RS14125	41	99.82700000000001	1158	2	0	1	1158	12572	13729	0.0	2128.0
FKW92_RS14185	41	99.914	1158	1	0	1	1158	12572	13729	0.0	2134.0
FKW92_RS14335	41	99.914	1158	1	0	1	1158	12572	13729	0.0	2134.0
FKW92_RS14380	41	99.82700000000001	1158	2	0	1	1158	12572	13729	0.0	2128.0
FKW92_RS14405	33	99.757	412	1	0	1	412	3101	2690	0.0	756.0
FKW92_RS14750	33	99.484	1163	6	0	1	1163	3529	2367	0.0	2115.0
FKW92_RS14765	33	99.068	644	6	0	1	644	3529	2886	0.0	1157.0
FKW92_RS16130	41	99.82700000000001	1158	2	0	1	1158	12572	13729	0.0	2128.0
FKW92_RS16140	46	95.686	255	11	0	1	255	1053	1307	1.2099999999999996e-115	411.0
FE005_RS16235	31	97.29700000000001	74	2	0	1	74	16640	16567	1.15e-30	126.0
FGF98_RS00205	41	99.568	1158	5	0	1	1158	12572	13729	0.0	2111.0
FGF98_RS00460	41	99.82700000000001	1158	2	0	1	1158	12572	13729	0.0	2128.0
FGF98_RS00770	41	99.914	1158	1	0	1	1158	12572	13729	0.0	2134.0
FGF98_RS00855	39	96.51700000000001	201	5	2	11	209	4345	4545	7.86e-92	331.0
FGF98_RS00860	39	98.361	183	3	0	1	183	202	20	4.06e-89	322.0
FGF98_RS00970	41	99.914	1158	1	0	1	1158	12572	13729	0.0	2134.0
FGF98_RS01035	41	99.82700000000001	1158	2	0	1	1158	12572	13729	0.0	2128.0
FGF98_RS01185	33	99.31200000000001	1163	8	0	1	1163	3529	2367	0.0	2104.0
FGF98_RS01205	33	99.226	1163	9	0	1	1163	3529	2367	0.0	2098.0
FGF98_RS15390	41	99.82700000000001	1158	2	0	1	1158	12572	13729	0.0	2128.0
FGF98_RS15400	46	95.686	255	11	0	1	255	1053	1307	1.2099999999999996e-115	411.0
FGY81_RS14160	33	99.068	644	6	0	1	644	3529	2886	0.0	1157.0
FGY81_RS14180	33	99.484	1163	6	0	1	1163	3529	2367	0.0	2115.0
FGY81_RS14620	41	99.914	1158	1	0	1	1158	12572	13729	0.0	2134.0
FGY81_RS14785	41	99.914	1158	1	0	1	1158	12572	13729	0.0	2134.0
FGY81_RS15785	41	99.741	1158	3	0	1	1158	12572	13729	0.0	2122.0
FGY81_RS15795	46	95.686	255	11	0	1	255	1053	1307	1.2099999999999996e-115	411.0
FHE73_RS28860	31	95.946	74	3	0	1	74	16640	16567	5.36e-29	121.0
SAW_RS16670	41	98.889	270	3	0	1	270	11970	11701	2.6999999999999995e-137	483.0
SAW_RS16675	41	100.0	357	0	0	1	357	11452	11096	0.0	660.0
SAW_RS16680	41	98.695	1686	22	0	1	1686	11095	9410	0.0	2992.0
SAW_RS16685	41	99.715	351	1	0	1	351	9377	9027	0.0	643.0
SAW_RS16695	41	97.844	1345	27	2	1	1344	7167	8510	0.0	2322.0
SAW_RS16700	41	97.179	780	16	3	1	774	6388	7167	0.0	1314.0
SAW_RS16850	48	96.785	622	19	1	1	621	1505	884	0.0	1037.0
SAW_RS16855	48	97.917	288	6	0	1	288	867	580	2.859999999999999e-142	499.0
SAW_RS16860	48	98.667	225	3	0	1	225	586	362	2.29e-112	399.0
SAW_RS16865	48	95.26100000000001	211	8	2	1	210	302	93	2.1899999999999995e-92	333.0
SAW_RS17245	48	100.0	231	0	0	1	231	1709	1939	1.0799999999999999e-120	427.0
SAW_RS17250	48	99.708	342	1	0	1	342	1939	2280	1.5099999999999998e-180	627.0
SAW_RS17255	48	99.575	471	2	0	1	471	2392	2862	0.0	859.0
SAW_RS17265	39	98.125	960	18	0	1	960	3868	4827	0.0	1674.0
SAW_RS17270	39	96.44	618	22	0	1	618	3251	3868	0.0	1020.0
HXD97_RS00010	49	97.585	207	4	1	7	213	2351	2146	1.6999999999999997e-98	353.0
HXF90_RS00010	39	99.18700000000001	123	1	0	1	123	635	513	2.7e-59	222.0
HXI34_RS00170	33	99.281	1530	11	0	1	1530	41	1570	0.0	2765.0
HXG38_RS00035	41	99.46799999999999	939	5	0	1	939	1648	2586	0.0	1707.0
HXG38_RS00040	41	99.711	1038	3	0	1	1038	2612	3649	0.0	1901.0
UCCLB556_RS12275	33	99.02	1531	13	2	1	1530	41	1570	0.0	2743.0
UCCLB556_RS12545	31	95.946	74	3	0	1	74	16640	16567	5.36e-29	121.0
HKK21_RS00055	41	97.561	123	3	0	1	123	291	169	5.849999999999999e-56	211.0
