pMG2200_108	27	95.34	3927	172	3	2	3927	25524	21608	0.0	6228.0
pMG2200_109	27	96.25	320	12	0	1	320	21510	21191	5.169999999999999e-150	525.0
pCF10_16	27	95.40799999999999	3920	174	6	2	3918	25524	21608	0.0	6237.0
pCF10_17	27	97.199	357	10	0	1	357	21546	21190	7.239999999999998e-174	604.0
pAM373_p18	27	98.214	504	9	0	1	504	4374	3871	0.0	881.0
pAM373_p24	27	96.975	2347	69	2	1	2346	10263	7918	0.0	3940.0
pAM373_p26	27	98.676	2493	33	0	1	2493	13123	10631	0.0	4421.0
pAM373_p30	27	99.23100000000001	390	3	0	1	390	14684	14295	0.0	704.0
pAM373_p31	27	99.275	276	2	0	1	276	14959	14684	2.6799999999999994e-142	499.0
pAM373_p32	27	99.054	846	8	0	1	846	15794	14949	0.0	1519.0
pAM373_p33	27	100.0	315	0	0	1	315	16290	15976	2.9699999999999987e-167	582.0
pAM373_p34	27	98.49799999999999	333	5	0	1	333	16622	16290	6.769999999999997e-169	588.0
pAM373_p35	27	98.867	618	7	0	1	618	17307	16690	0.0	1103.0
pAM373_p36	27	99.37100000000001	1272	8	0	1	1272	18581	17310	0.0	2305.0
pAM373_p37	27	99.535	861	4	0	1	861	19467	18607	0.0	1568.0
pAM373_p38	27	98.40700000000001	879	14	0	1	879	20365	19487	0.0	1546.0
pAM373_p39	27	99.234	261	2	0	1	261	20636	20376	5.489999999999999e-134	472.0
HS082_RS00045	27	95.76299999999999	3918	164	2	2	3918	25524	21608	0.0	6314.0
pWZ1668_p15	37	98.396	187	3	0	1	187	1285	1471	2.4199999999999995e-91	329.0
pWZ1668_p17	37	99.18700000000001	738	6	0	1	738	2005	2742	0.0	1330.0
pWZ1668_p18	37	99.479	192	1	0	1	192	2687	2878	1.9199999999999995e-97	350.0
pWZ1668_p19	37	98.551	897	13	0	1	897	3275	4171	0.0	1585.0
pWZ1668_p20	37	96.70299999999999	273	9	0	1	273	4474	4746	5.809999999999998e-129	455.0
pWZ1668_p32	37	96.684	573	19	0	1	573	5039	5611	0.0	953.0
pWZ1668_p33	37	99.37100000000001	318	2	0	1	318	6052	6369	1.3899999999999997e-165	577.0
pTW9_p21	27	99.065	321	3	0	1	321	21510	21190	1.4099999999999995e-165	577.0
pTW9_p22	27	99.617	261	1	0	1	261	21168	20908	1.1799999999999997e-135	477.0
pTW9_p23	27	99.617	261	1	0	1	261	20636	20376	1.1799999999999997e-135	477.0
pTW9_p24	27	98.066	879	17	0	1	879	20365	19487	0.0	1530.0
pTW9_p25	27	99.652	861	3	0	1	861	19467	18607	0.0	1574.0
pTW9_p26	27	98.899	1272	14	0	1	1272	18581	17310	0.0	2272.0
pTW9_p27	27	98.867	618	7	0	1	618	17307	16690	0.0	1103.0
pTW9_p28	27	99.09899999999999	333	3	0	1	333	16622	16290	3.129999999999999e-172	599.0
pTW9_p29	27	100.0	315	0	0	1	315	16290	15976	2.9699999999999987e-167	582.0
pTW9_p30	27	99.227	1035	8	0	1	1035	15983	14949	0.0	1868.0
pTW9_p31	27	99.617	261	1	0	1	261	14944	14684	1.1799999999999997e-135	477.0
pTW9_p32	27	100.0	390	0	0	1	390	14684	14295	0.0	721.0
pTW9_p33	27	99.79299999999999	483	1	0	1	483	14263	13781	0.0	887.0
pTW9_p34	27	100.0	459	0	0	1	459	13686	13228	0.0	848.0
pTW9_p35	27	99.53200000000001	2565	12	0	1	2565	13195	10631	0.0	4671.0
pTW9_p37	27	96.634	2347	77	2	1	2346	10263	7918	0.0	3895.0
pTW9_p38	27	97.63799999999999	2244	53	0	1	2244	7916	5673	0.0	3851.0
pTW9_p39	27	100.0	786	0	0	1	786	5150	4365	0.0	1452.0
pTW9_p57	37	100.0	738	0	0	1	738	2005	2742	0.0	1363.0
pTW9_p58	37	100.0	132	0	0	1	132	2747	2878	6.059999999999999e-66	244.0
pTW9_p66	37	99.59299999999999	738	3	0	1	738	2005	2742	0.0	1347.0
pTW9_p67	37	96.97	132	4	0	1	132	2747	2878	2.8399999999999992e-59	222.0
pTW9_p68	37	95.57799999999999	294	13	0	1	294	2879	3172	6.219999999999998e-134	472.0
pTW9_p69	37	96.774	558	18	0	1	558	3275	3832	0.0	931.0
pTW9_p79	37	99.708	342	1	0	1	342	3830	4171	1.4799999999999993e-180	627.0
pTW9_p80	37	96.759	216	7	0	1	216	4242	4457	1.0099999999999998e-100	361.0
pTW9_p84	37	96.415	781	28	0	14	794	4831	5611	0.0	1288.0
pTW9_p85	37	98.955	287	3	0	1	287	6389	6675	1.0099999999999997e-146	514.0
pTW9_p90	37	97.255	255	6	1	1	254	5232	5486	9.049999999999998e-122	431.0
pTW9_p95	37	99.37100000000001	318	2	0	1	318	6052	6369	1.3899999999999997e-165	577.0
HXI36_RS00060	37	96.962	1218	37	0	1	1218	257	1474	0.0	2045.0
HXI36_RS00075	37	99.59299999999999	738	3	0	1	738	2005	2742	0.0	1347.0
HXI36_RS00080	37	98.462	260	4	0	2	261	1215	1474	4.279999999999999e-130	459.0
HXI36_RS00080	37	95.01899999999999	261	13	0	1	261	2912	3172	1.2099999999999996e-115	411.0
HXI36_RS00085	37	97.54700000000001	897	22	0	1	897	3275	4171	0.0	1535.0
HXI36_RS00090	37	96.667	210	7	0	1	210	4248	4457	2.1199999999999996e-97	350.0
HXI36_RS00105	37	99.057	318	3	0	1	318	6052	6369	6.4899999999999986e-164	571.0
HXI36_RS00250	37	96.321	897	33	0	1	897	3275	4171	0.0	1474.0
HXI36_RS00255	37	96.667	210	7	0	1	210	4248	4457	2.1199999999999996e-97	350.0
HS679_RS00035	37	100.0	738	0	0	1	738	2005	2742	0.0	1363.0
HS679_RS00040	37	99.29799999999999	285	2	0	1	285	2888	3172	2.7399999999999993e-147	516.0
HS679_RS00045	37	98.551	897	13	0	1	897	3275	4171	0.0	1585.0
HS679_RS00050	37	98.571	210	3	0	1	210	4248	4457	4.519999999999998e-104	372.0
HS679_RS00055	37	96.70299999999999	273	9	0	1	273	4474	4746	5.809999999999998e-129	455.0
HS679_RS00060	37	98.38	864	14	0	1	864	4748	5611	0.0	1519.0
HS679_RS00065	37	100.0	318	0	0	1	318	6052	6369	6.439999999999997e-169	588.0
D686_p32	37	99.18700000000001	738	6	0	1	738	2005	2742	0.0	1330.0
D686_p31	37	98.551	897	13	0	1	897	3275	4171	0.0	1585.0
D686_p30	37	98.148	216	4	0	1	216	4242	4457	9.999999999999998e-106	377.0
D686_p10	37	96.70299999999999	273	9	0	1	273	4474	4746	5.809999999999998e-129	455.0
D686_p09	37	98.148	162	3	0	1	162	4748	4909	1.6299999999999995e-77	283.0
D686_p11	37	97.15100000000001	702	20	0	1	702	4910	5611	0.0	1186.0
D686_p41	37	99.37100000000001	318	2	0	1	318	6052	6369	1.3899999999999997e-165	577.0
D686_p1033	37	96.94	1209	37	0	1	1209	266	1474	0.0	2028.0
D686_p1031	37	99.18700000000001	738	6	0	1	738	2005	2742	0.0	1330.0
D686_p1030	37	98.551	897	13	0	1	897	3275	4171	0.0	1585.0
D686_p1029	37	98.148	216	4	0	1	216	4242	4457	9.999999999999998e-106	377.0
D686_p1010	37	96.70299999999999	273	9	0	1	273	4474	4746	5.809999999999998e-129	455.0
D686_p1009	37	98.148	162	3	0	1	162	4748	4909	1.6299999999999995e-77	283.0
D686_p1011	37	97.15100000000001	702	20	0	1	702	4910	5611	0.0	1186.0
D686_p1042	37	99.37100000000001	318	2	0	1	318	6052	6369	1.3899999999999997e-165	577.0
A7J11_01120	37	100.0	738	0	0	1	738	2005	2742	0.0	1363.0
EFD32_RS15025	37	99.86399999999999	738	1	0	1	738	2005	2742	0.0	1358.0
EFD32_RS16455	37	96.97	132	4	0	1	132	2747	2878	2.8399999999999992e-59	222.0
EFD32_RS16155	37	98.462	260	4	0	2	261	1215	1474	4.279999999999999e-130	459.0
EFD32_RS16155	37	95.01899999999999	261	13	0	1	261	2912	3172	1.2099999999999996e-115	411.0
EFD32_RS15030	37	96.99	897	27	0	1	897	3275	4171	0.0	1507.0
EFD32_RS15035	37	96.667	210	7	0	1	210	4248	4457	2.1199999999999996e-97	350.0
CGZ46_RS14470	10	100.0	120	0	0	1	120	1796	1915	2.56e-59	222.0
CGZ46_RS14475	10	100.0	315	0	0	1	315	1938	2252	2.9699999999999987e-167	582.0
CGZ46_RS14480	10	100.0	387	0	0	1	387	2268	2654	0.0	715.0
CGZ46_RS14485	10	99.928	1386	1	0	1	1386	2683	4068	0.0	2555.0
CGZ46_RS14490	10	100.0	153	0	0	1	153	4071	4223	1.5199999999999998e-77	283.0
CGZ46_RS14495	10	100.0	1206	0	0	1	1206	4246	5451	0.0	2228.0
CGZ46_RS14500	10	100.0	222	0	0	1	222	5494	5715	1.0199999999999996e-115	411.0
CGZ46_RS14505	10	100.0	498	0	0	1	498	5832	6329	0.0	920.0
CGZ46_RS14510	10	100.0	507	0	0	1	507	6304	6810	0.0	937.0
CGZ46_RS14515	10	99.837	2448	4	0	1	2448	6794	9241	0.0	4499.0
CGZ46_RS14525	10	99.40100000000001	1002	6	0	1	1002	11418	12419	0.0	1818.0
CGZ46_RS14530	10	99.786	933	2	0	1	933	12416	13348	0.0	1712.0
CGZ46_RS14535	10	100.0	87	0	0	1	87	13623	13709	3.8099999999999996e-41	161.0
CGZ46_RS14540	10	96.458	1920	68	0	1	1920	13725	15644	0.0	3169.0
CGZ46_RS14615	37	99.59299999999999	738	3	0	1	738	2005	2742	0.0	1347.0
CGZ46_RS14620	37	97.727	132	3	0	1	132	2747	2878	6.0999999999999994e-61	228.0
CGZ46_RS14875	41	100.0	1239	0	0	1	1239	4156	2918	0.0	2289.0
CGZ46_RS14880	41	99.085	984	9	0	1	984	2917	1934	0.0	1768.0
CGZ46_RS14985	27	95.506	356	13	1	1	353	21546	21191	3.379999999999999e-162	566.0
FOA09_RS13910	37	99.524	210	1	0	1	210	6052	6261	2.089999999999999e-107	383.0
FOA09_RS13915	37	95.726	117	5	0	1	117	5495	5611	2.52e-49	189.0
FOA09_RS13945	37	99.057	318	3	0	1	318	6052	6369	6.4899999999999986e-164	571.0
FOA09_RS13980	37	97.436	273	7	0	1	273	4474	4746	2.6799999999999994e-132	466.0
FOA09_RS13985	37	98.148	216	4	0	1	216	4242	4457	9.999999999999998e-106	377.0
FOA09_RS13990	37	98.105	897	17	0	1	897	3275	4171	0.0	1563.0
FOA09_RS13995	37	98.462	260	4	0	2	261	1215	1474	4.279999999999999e-130	459.0
FOA09_RS13995	37	95.01899999999999	261	13	0	1	261	2912	3172	1.2099999999999996e-115	411.0
FOA09_RS14000	37	98.485	132	2	0	1	132	2747	2878	1.3099999999999999e-62	233.0
FOA09_RS14005	37	99.86399999999999	738	1	0	1	738	2005	2742	0.0	1358.0
FOA09_RS14195	27	95.29700000000001	489	23	0	1	489	4359	3871	0.0	776.0
FOA09_RS14200	27	100.0	729	0	0	1	729	5093	4365	0.0	1347.0
FOA09_RS14205	27	99.415	171	1	0	1	171	5501	5671	7.939999999999999e-86	311.0
FOA09_RS14210	27	97.654	2259	53	0	1	2259	7931	5673	0.0	3879.0
FOA09_RS14215	27	96.634	2347	77	2	1	2346	10263	7918	0.0	3895.0
FOA09_RS14225	27	99.35799999999999	2493	16	0	1	2493	13123	10631	0.0	4516.0
FOA09_RS14230	27	100.0	459	0	0	1	459	13686	13228	0.0	848.0
FOA09_RS14235	27	99.79299999999999	483	1	0	1	483	14263	13781	0.0	887.0
FOA09_RS14240	27	100.0	393	0	0	1	393	14687	14295	0.0	726.0
FOA09_RS14245	27	99.63799999999999	276	1	0	1	276	14959	14684	5.749999999999998e-144	505.0
FOA09_RS14250	27	99.227	1035	8	0	1	1035	15983	14949	0.0	1868.0
FOA09_RS14255	27	100.0	315	0	0	1	315	16290	15976	2.9699999999999987e-167	582.0
FOA09_RS14260	27	98.645	369	5	0	1	369	16658	16290	0.0	654.0
FOA09_RS14265	27	99.029	618	6	0	1	618	17307	16690	0.0	1109.0
FOA09_RS14270	27	98.899	1272	14	0	1	1272	18581	17310	0.0	2272.0
FOA09_RS14275	27	99.652	861	3	0	1	861	19467	18607	0.0	1574.0
FOA09_RS14280	27	98.066	879	17	0	1	879	20365	19487	0.0	1530.0
FOA09_RS14285	27	99.617	261	1	0	1	261	20636	20376	1.1799999999999997e-135	477.0
FOA09_RS14290	27	99.74	385	1	0	1	385	21168	20784	0.0	706.0
FOA09_RS14295	27	98.319	357	3	1	1	354	21546	21190	1.9799999999999994e-179	623.0
EYB36_RS00005	27	97.992	249	5	0	1	249	2461	2213	2.459999999999999e-122	433.0
EYB36_RS00010	27	99.045	419	2	2	1	419	2137	1721	0.0	750.0
EYB36_RS00025	27	99.24799999999999	266	2	0	2	267	1001	736	9.349999999999998e-137	481.0
EYB36_RS00030	27	100.0	276	0	0	1	276	743	468	1.2399999999999998e-145	510.0
EYB36_RS00320	37	100.0	132	0	0	1	132	2747	2878	6.059999999999999e-66	244.0
EYB36_RS00325	37	99.59299999999999	738	3	0	1	738	2005	2742	0.0	1347.0
EYB36_RS00400	27	98.99	1188	12	0	1	1188	9105	7918	0.0	2128.0
EYB36_RS00405	27	98.052	2259	44	0	1	2259	7931	5673	0.0	3928.0
EYB36_RS00410	27	100.0	171	0	0	1	171	5501	5671	1.7099999999999997e-87	316.0
EYB36_RS00415	27	100.0	729	0	0	1	729	5093	4365	0.0	1347.0
EYB36_RS00420	27	99.387	489	3	0	1	489	4359	3871	0.0	887.0
EYB36_RS00425	27	98.50200000000001	267	4	0	1	267	3273	3007	5.629999999999998e-134	472.0
EYB36_RS00430	27	99.8	501	1	0	1	501	2974	2474	0.0	920.0
EYB36_RS00445	37	100.0	132	0	0	1	132	2747	2878	6.059999999999999e-66	244.0
EYB36_RS00450	37	99.59299999999999	738	3	0	1	738	2005	2742	0.0	1347.0
EYB36_RS00570	27	96.255	267	10	0	1	267	1002	736	5.709999999999999e-124	438.0
EYB36_RS00775	27	97.469	2252	54	3	1	2252	7931	5683	0.0	3840.0
EYB36_RS00780	27	97.06	2347	67	2	1	2346	10263	7918	0.0	3951.0
EYB36_RS00790	27	99.479	2493	13	0	1	2493	13123	10631	0.0	4532.0
EYB36_RS00795	27	100.0	459	0	0	1	459	13686	13228	0.0	848.0
EYB36_RS00800	27	99.79299999999999	483	1	0	1	483	14263	13781	0.0	887.0
EYB36_RS00805	27	100.0	393	0	0	1	393	14687	14295	0.0	726.0
EYB36_RS00810	27	99.63799999999999	276	1	0	1	276	14959	14684	5.749999999999998e-144	505.0
EYB36_RS00815	27	98.454	1035	16	0	1	1035	15983	14949	0.0	1823.0
EYB36_RS00820	27	99.365	315	2	0	1	315	16290	15976	6.419999999999998e-164	571.0
EYB36_RS00825	27	98.645	369	5	0	1	369	16658	16290	0.0	654.0
EYB36_RS00830	27	98.22	618	11	0	1	618	17307	16690	0.0	1081.0
EYB36_RS00845	27	99.119	1135	10	0	1	1135	18581	17447	0.0	2041.0
EYB36_RS00855	27	98.066	879	17	0	1	879	20365	19487	0.0	1530.0
EYB36_RS00860	27	99.617	261	1	0	1	261	20636	20376	1.1799999999999997e-135	477.0
EYB36_RS00865	27	98.70100000000001	385	5	0	1	385	21168	20784	0.0	684.0
EYB36_RS00870	27	98.319	357	3	1	1	354	21546	21190	1.9799999999999994e-179	623.0
BZG32_RS16190	27	100.0	393	0	0	1	393	14687	14295	0.0	726.0
BZG32_RS16195	27	99.63799999999999	276	1	0	1	276	14959	14684	5.749999999999998e-144	505.0
BZG32_RS16200	27	99.03399999999999	1035	10	0	1	1035	15983	14949	0.0	1857.0
BZG32_RS16205	27	99.365	315	2	0	1	315	16290	15976	6.419999999999998e-164	571.0
BZG32_RS16210	27	98.645	369	5	0	1	369	16658	16290	0.0	654.0
BZG32_RS16215	27	99.029	618	6	0	1	618	17307	16690	0.0	1109.0
BZG32_RS16220	27	99.135	1272	11	0	1	1272	18581	17310	0.0	2289.0
BZG32_RS16225	27	98.955	861	9	0	1	861	19467	18607	0.0	1541.0
BZG32_RS16230	27	97.95200000000001	879	18	0	1	879	20365	19487	0.0	1524.0
BZG32_RS16235	27	99.617	261	1	0	1	261	20636	20376	1.1799999999999997e-135	477.0
BZG32_RS16240	27	100.0	385	0	0	1	385	21168	20784	0.0	712.0
BZG32_RS16245	27	98.319	357	3	1	1	354	21546	21190	1.9799999999999994e-179	623.0
BZG32_RS16605	27	97.23100000000001	2347	63	2	1	2346	10263	7918	0.0	3973.0
BZG32_RS16615	27	99.398	2493	15	0	1	2493	13123	10631	0.0	4521.0
BZG32_RS16620	27	99.564	459	2	0	1	459	13686	13228	0.0	837.0
BZG32_RS16660	27	98.79299999999999	580	7	0	30	609	17269	16690	0.0	1033.0
BZG32_RS16665	27	99.18700000000001	369	3	0	1	369	16658	16290	0.0	665.0
BZG32_RS16670	27	100.0	315	0	0	1	315	16290	15976	2.9699999999999987e-167	582.0
BZG32_RS16675	27	99.227	1035	8	0	1	1035	15983	14949	0.0	1868.0
BZG32_RS16680	27	99.63799999999999	276	1	0	1	276	14959	14684	5.749999999999998e-144	505.0
BZG32_RS16685	27	100.0	393	0	0	1	393	14687	14295	0.0	726.0
BZG32_RS16690	27	99.79299999999999	483	1	0	1	483	14263	13781	0.0	887.0
BZG32_RS16695	27	99.78200000000001	459	1	0	1	459	13686	13228	0.0	843.0
BZG32_RS16700	27	99.51899999999999	2493	12	0	1	2493	13123	10631	0.0	4538.0
BZG32_RS16705	27	99.42	345	2	0	1	345	10620	10276	1.4899999999999992e-180	627.0
BZG32_RS16710	27	98.764	2346	29	0	1	2346	10263	7918	0.0	4172.0
BZG32_RS16715	27	97.469	2252	54	3	1	2252	7931	5683	0.0	3840.0
BZG32_RS16725	27	98.773	489	6	0	1	489	4359	3871	0.0	870.0
BZG32_RS16735	27	98.876	267	3	0	1	267	3273	3007	1.2099999999999995e-135	477.0
BZG32_RS16740	27	98.167	491	9	0	1	491	2974	2484	0.0	857.0
BZG32_RS16745	27	99.281	417	3	0	1	417	2137	1721	0.0	754.0
BZG32_RS16750	27	96.23899999999999	585	22	0	1	585	1697	1113	0.0	959.0
BZG32_RS16755	27	100.0	267	0	0	1	267	1002	736	1.1999999999999997e-140	494.0
BZG32_RS16760	27	98.551	276	4	0	1	276	743	468	5.789999999999999e-139	488.0
BZG32_RS16940	37	99.729	738	2	0	1	738	2005	2742	0.0	1352.0
BZG32_RS17430	37	96.97	132	4	0	1	132	2747	2878	2.8399999999999992e-59	222.0
BZG32_RS16945	37	98.462	260	4	0	2	261	1215	1474	4.279999999999999e-130	459.0
BZG32_RS16945	37	95.01899999999999	261	13	0	1	261	2912	3172	1.2099999999999996e-115	411.0
BZG32_RS16995	37	96.321	897	33	0	1	897	3275	4171	0.0	1474.0
BZG32_RS17000	37	96.667	210	7	0	1	210	4248	4457	2.1199999999999996e-97	350.0
BMT03_RS13400	55	98.947	95	1	0	1	95	183	277	7.079999999999999e-44	171.0
BMT03_RS13400	27	98.925	93	1	0	3	95	185	277	9.15e-43	167.0
BMT03_RS13435	37	97.77	897	20	0	1	897	3275	4171	0.0	1546.0
BMT03_RS13440	37	96.759	216	7	0	1	216	4242	4457	1.0099999999999998e-100	361.0
BMT03_RS13660	38	96.679	271	9	0	3	273	2671	2941	7.509999999999998e-128	451.0
CG806_RS00035	10	96.458	1920	68	0	1	1920	13725	15644	0.0	3169.0
CG806_RS00040	10	100.0	87	0	0	1	87	13623	13709	3.8099999999999996e-41	161.0
CG806_RS00050	10	99.786	933	2	0	1	933	12416	13348	0.0	1712.0
CG806_RS00055	10	99.501	1002	5	0	1	1002	11418	12419	0.0	1823.0
CG806_RS00065	10	99.91799999999999	2448	2	0	1	2448	6794	9241	0.0	4510.0
CG806_RS00070	10	100.0	507	0	0	1	507	6304	6810	0.0	937.0
CG806_RS00075	10	100.0	498	0	0	1	498	5832	6329	0.0	920.0
CG806_RS00080	10	100.0	222	0	0	1	222	5494	5715	1.0199999999999996e-115	411.0
CG806_RS00085	10	99.834	1206	2	0	1	1206	4246	5451	0.0	2217.0
CG806_RS00090	10	100.0	153	0	0	1	153	4071	4223	1.5199999999999998e-77	283.0
CG806_RS00095	10	99.823	1128	2	0	1	1128	2941	4068	0.0	2073.0
CG806_RS00140	27	100.0	435	0	0	1	435	6107	5673	0.0	804.0
CG806_RS00145	27	98.83	171	2	0	1	171	5501	5671	3.689999999999999e-84	305.0
CG806_RS00150	27	100.0	729	0	0	1	729	5093	4365	0.0	1347.0
CG806_RS00625	27	96.02	3920	147	7	2	3915	25524	21608	0.0	6366.0
CG806_RS00630	27	96.07799999999999	357	14	0	1	357	21546	21190	3.389999999999999e-167	582.0
CG806_RS00790	37	99.729	738	2	0	1	738	2005	2742	0.0	1352.0
CG806_RS00795	37	98.485	132	2	0	1	132	2747	2878	1.3099999999999999e-62	233.0
CG806_RS00800	37	98.462	260	4	0	2	261	1215	1474	4.279999999999999e-130	459.0
CG806_RS00800	37	95.01899999999999	261	13	0	1	261	2912	3172	1.2099999999999996e-115	411.0
CG806_RS00805	37	97.882	897	19	0	1	897	3275	4171	0.0	1552.0
CG806_RS00810	37	96.759	216	7	0	1	216	4242	4457	1.0099999999999998e-100	361.0
F1M88_RS14085	37	96.495	856	30	0	1	856	3275	4130	0.0	1415.0
F1M88_RS14090	37	98.462	260	4	0	2	261	1215	1474	4.279999999999999e-130	459.0
F1M88_RS14090	37	95.01899999999999	261	13	0	1	261	2912	3172	1.2099999999999996e-115	411.0
C7I31_RS13835	37	99.86399999999999	738	1	0	1	738	2005	2742	0.0	1358.0
C7I31_RS14050	37	99.86399999999999	738	1	0	1	738	2005	2742	0.0	1358.0
C7I31_RS14090	38	100.0	975	0	0	1	975	114	1088	0.0	1801.0
C7I31_RS14095	38	100.0	195	0	0	1	195	1531	1725	9.009999999999997e-101	361.0
C7I31_RS14100	38	99.206	630	3	1	1	630	2365	1738	0.0	1134.0
C7I31_RS14110	38	100.0	330	0	0	1	330	2612	2941	1.4299999999999997e-175	610.0
C7I31_RS14115	38	99.89399999999999	939	1	0	1	939	3069	4007	0.0	1729.0
C7I31_RS14120	38	100.0	1038	0	0	1	1038	4033	5070	0.0	1917.0
C7I31_RS14125	38	99.22	513	4	0	1	513	5887	5375	0.0	926.0
C7I32_RS15265	27	99.744	390	1	0	1	390	14684	14295	0.0	715.0
C7I32_RS15270	27	99.275	276	2	0	1	276	14959	14684	2.6799999999999994e-142	499.0
C7I32_RS15275	27	99.13	1035	9	0	1	1035	15983	14949	0.0	1862.0
C7I32_RS15280	27	99.68299999999999	315	1	0	1	315	16290	15976	1.3799999999999997e-165	577.0
C7I32_RS15285	27	98.801	417	5	0	1	417	16706	16290	0.0	743.0
C7I32_RS15290	27	98.05799999999999	618	12	0	1	618	17307	16690	0.0	1075.0
C7I32_RS15310	27	98.943	1135	12	0	1	1135	18581	17447	0.0	2030.0
C7I32_RS15315	27	98.25200000000001	858	6	1	1	849	19464	18607	0.0	1493.0
C7I32_RS15320	27	97.725	879	20	0	1	879	20365	19487	0.0	1513.0
C7I32_RS15325	27	100.0	261	0	0	1	261	20636	20376	2.5399999999999994e-137	483.0
C7I32_RS15330	27	97.40299999999999	385	10	0	1	385	21168	20784	0.0	656.0
C7I32_RS15335	27	97.759	357	8	0	1	357	21546	21190	3.3399999999999987e-177	616.0
C7I32_RS15340	27	95.37700000000001	3850	176	2	70	3918	25456	21608	0.0	6122.0
C7I32_RS15455	41	96.384	885	32	0	1	885	2818	1934	0.0	1458.0
C7I32_RS15460	41	99.596	1239	5	0	1	1239	4156	2918	0.0	2261.0
C7I32_RS15570	27	100.0	786	0	0	1	786	5150	4365	0.0	1452.0
C7I32_RS15580	27	98.274	2259	39	0	1	2259	7931	5673	0.0	3956.0
C7I32_RS15585	27	96.762	2347	74	2	1	2346	10263	7918	0.0	3912.0
C7I32_RS15595	27	98.79700000000001	2493	30	0	1	2493	13123	10631	0.0	4438.0
C7I32_RS15605	27	97.103	2347	60	4	7	2352	10257	7918	0.0	3951.0
C7I32_RS15610	27	97.602	2252	51	3	1	2252	7931	5683	0.0	3856.0
C7I32_RS15620	27	98.773	489	6	0	1	489	4359	3871	0.0	870.0
C7I32_RS15625	27	98.876	267	3	0	1	267	3273	3007	1.2099999999999995e-135	477.0
C7I32_RS15630	27	98.574	491	7	0	1	491	2974	2484	0.0	869.0
C7I32_RS15635	27	98.801	417	5	0	1	417	2137	1721	0.0	743.0
C7I32_RS15640	27	99.316	585	4	0	1	585	1697	1113	0.0	1059.0
C7I32_RS15645	27	100.0	267	0	0	1	267	1002	736	1.1999999999999997e-140	494.0
C7I32_RS15650	27	100.0	276	0	0	1	276	743	468	1.2399999999999998e-145	510.0
C7I32_RS15800	27	95.20299999999999	3919	184	4	2	3918	25524	21608	0.0	6192.0
C7I32_RS15805	27	97.199	357	7	1	1	354	21546	21190	9.279999999999996e-173	601.0
C7I32_RS15815	27	100.0	261	0	0	1	261	20636	20376	2.5399999999999994e-137	483.0
C7I32_RS15820	27	97.95200000000001	879	18	0	1	879	20365	19487	0.0	1524.0
C7I32_RS15825	27	99.76700000000001	858	2	0	1	858	19464	18607	0.0	1574.0
C7I32_RS15830	27	98.855	1135	13	0	1	1135	18581	17447	0.0	2025.0
C7I32_RS15850	27	98.867	618	7	0	1	618	17307	16690	0.0	1103.0
C7I32_RS15855	27	98.561	417	6	0	1	417	16706	16290	0.0	737.0
C7I32_RS15860	27	99.68299999999999	315	1	0	1	315	16290	15976	1.3799999999999997e-165	577.0
C7I32_RS15865	27	98.551	1035	15	0	1	1035	15983	14949	0.0	1829.0
C7I32_RS15870	27	99.275	276	2	0	1	276	14959	14684	2.6799999999999994e-142	499.0
C7I32_RS15875	27	98.71799999999999	390	5	0	1	390	14684	14295	0.0	693.0
C7I32_RS15900	27	98.476	2493	38	0	1	2493	13123	10631	0.0	4394.0
DOU31_RS14905	27	96.359	357	13	0	1	357	21546	21190	7.29e-169	588.0
DOU31_RS15095	38	99.227	905	7	0	6	910	6279	5375	0.0	1633.0
DOU31_RS15100	38	99.904	1038	1	0	1	1038	4033	5070	0.0	1912.0
DOU31_RS15105	38	99.681	939	3	0	1	939	3069	4007	0.0	1718.0
DR75_RS00015	27	100.0	786	0	0	1	786	5150	4365	0.0	1452.0
DR75_RS00025	27	98.318	2259	38	0	1	2259	7931	5673	0.0	3962.0
DR75_RS00030	27	98.21	2347	34	4	7	2352	10257	7918	0.0	4095.0
DR75_RS00225	27	99.275	276	2	0	1	276	743	468	2.6799999999999994e-142	499.0
DR75_RS00230	27	100.0	267	0	0	1	267	1002	736	1.1999999999999997e-140	494.0
DR75_RS00235	27	99.316	585	4	0	1	585	1697	1113	0.0	1059.0
DR75_RS00240	27	98.08200000000001	417	8	0	1	417	2137	1721	0.0	726.0
DR75_RS00245	27	99.598	249	1	0	1	249	2461	2213	5.259999999999999e-129	455.0
DR75_RS00250	27	99.8	501	1	0	1	501	2974	2474	0.0	920.0
DR75_RS00255	27	98.50200000000001	267	4	0	1	267	3273	3007	5.629999999999998e-134	472.0
DR75_RS00415	27	96.40299999999999	2224	79	1	3	2226	23830	21608	0.0	3663.0
DR75_RS00420	27	96.359	357	13	0	1	357	21546	21190	7.29e-169	588.0
DR75_RS00615	41	99.516	1239	6	0	1	1239	4156	2918	0.0	2255.0
DR75_RS00620	41	96.501	886	29	2	1	885	2818	1934	0.0	1463.0
EF_RS15820	27	95.459	3920	172	6	2	3918	25524	21608	0.0	6248.0
EF_RS15825	27	97.199	357	10	0	1	357	21546	21190	7.239999999999998e-174	604.0
EF_RS16195	37	99.59299999999999	738	3	0	1	738	2005	2742	0.0	1347.0
EF_RS16285	27	97.23100000000001	2347	63	2	1	2346	10263	7918	0.0	3973.0
EF_RS16295	27	99.43799999999999	2493	14	0	1	2493	13123	10631	0.0	4527.0
EF_RS16300	27	99.564	459	2	0	1	459	13686	13228	0.0	837.0
EF_RS16305	27	100.0	390	0	0	1	390	14684	14295	0.0	721.0
EF_RS16310	27	99.63799999999999	276	1	0	1	276	14959	14684	5.749999999999998e-144	505.0
EF_RS16315	27	99.03399999999999	1035	10	0	1	1035	15983	14949	0.0	1857.0
EF_RS16320	27	99.365	315	2	0	1	315	16290	15976	6.419999999999998e-164	571.0
EF_RS16325	27	98.561	417	6	0	1	417	16706	16290	0.0	737.0
EF_RS16330	27	99.029	618	6	0	1	618	17307	16690	0.0	1109.0
EF_RS16335	27	99.686	1272	4	0	1	1272	18581	17310	0.0	2327.0
EF_RS16340	27	98.95100000000001	858	9	0	1	858	19464	18607	0.0	1535.0
EF_RS16345	27	97.95200000000001	879	18	0	1	879	20365	19487	0.0	1524.0
EF_RS16350	27	99.617	261	1	0	1	261	20636	20376	1.1799999999999997e-135	477.0
EF_RS16355	27	100.0	385	0	0	1	385	21168	20784	0.0	712.0
EF_RS16360	27	98.319	357	3	1	1	354	21546	21190	1.9799999999999994e-179	623.0
EL279_RS14745	27	97.479	357	9	0	1	357	21546	21190	1.5599999999999993e-175	610.0
EL279_RS14750	27	98.44200000000001	385	6	0	1	385	21168	20784	0.0	678.0
EL279_RS14755	27	100.0	261	0	0	1	261	20636	20376	2.5399999999999994e-137	483.0
EL279_RS14760	27	98.40700000000001	879	14	0	1	879	20365	19487	0.0	1546.0
EL279_RS14765	27	97.086	858	7	1	1	840	19464	18607	0.0	1430.0
EL279_RS14770	27	98.899	1272	14	0	1	1272	18581	17310	0.0	2272.0
EL279_RS14775	27	98.22	618	11	0	1	618	17307	16690	0.0	1081.0
EL279_RS14780	27	98.08200000000001	417	8	0	1	417	16706	16290	0.0	726.0
EL279_RS14790	27	100.0	300	0	0	1	300	16275	15976	6.139999999999998e-159	555.0
EL279_RS14795	27	99.324	1035	7	0	1	1035	15983	14949	0.0	1873.0
EL279_RS14800	27	99.63799999999999	276	1	0	1	276	14959	14684	5.749999999999998e-144	505.0
EL279_RS14805	27	100.0	390	0	0	1	390	14684	14295	0.0	721.0
EL279_RS14810	27	99.79299999999999	483	1	0	1	483	14263	13781	0.0	887.0
EL279_RS14815	27	100.0	459	0	0	1	459	13686	13228	0.0	848.0
EL279_RS14820	27	99.35799999999999	2493	16	0	1	2493	13123	10631	0.0	4516.0
EL279_RS14830	27	96.634	2347	77	2	1	2346	10263	7918	0.0	3895.0
EL279_RS14835	27	97.654	2259	53	0	1	2259	7931	5673	0.0	3879.0
EL279_RS14845	27	100.0	786	0	0	1	786	5150	4365	0.0	1452.0
EL279_RS14850	27	95.29700000000001	489	23	0	1	489	4359	3871	0.0	776.0
EL279_RS14955	37	99.86399999999999	738	1	0	1	738	2005	2742	0.0	1358.0
EL279_RS14995	37	98.885	897	10	0	1	897	3275	4171	0.0	1602.0
EL279_RS15000	37	96.667	210	7	0	1	210	4248	4457	2.1199999999999996e-97	350.0
EL279_RS15005	37	96.70299999999999	273	9	0	1	273	4474	4746	5.809999999999998e-129	455.0
EL279_RS15010	37	95.023	864	43	0	1	864	4748	5611	0.0	1358.0
EL279_RS15085	37	100.0	738	0	0	1	738	2005	2742	0.0	1363.0
EL279_RS15095	37	97.87200000000001	141	3	0	1	141	2888	3028	6.539999999999998e-66	244.0
EL279_RS15505	38	99.787	939	2	0	1	939	3069	4007	0.0	1724.0
EL279_RS15510	38	99.904	1038	1	0	1	1038	4033	5070	0.0	1912.0
EL279_RS15660	37	97.436	897	23	0	1	897	3275	4171	0.0	1530.0
EL279_RS15665	37	99.04799999999999	210	2	0	1	210	4248	4457	9.71e-106	377.0
EL279_RS15670	37	97.802	273	6	0	1	273	4474	4746	5.769999999999998e-134	472.0
EL279_RS15675	37	96.412	864	31	0	1	864	4748	5611	0.0	1424.0
EL279_RS15695	37	100.0	738	0	0	1	738	2005	2742	0.0	1363.0
EL279_RS15710	37	99.686	318	1	0	1	318	6052	6369	2.9999999999999987e-167	582.0
EL279_RS15815	38	96.25	240	9	0	1	240	2702	2941	1.1199999999999998e-110	394.0
EL279_RS15850	10	99.89299999999999	933	1	0	1	933	12416	13348	0.0	1718.0
EL279_RS15855	10	97.436	117	3	0	1	117	13593	13709	1.1599999999999997e-52	200.0
EL279_RS15870	10	100.0	354	0	0	1	354	16347	15994	0.0	654.0
EL279_RS15990	37	99.458	738	4	0	1	738	2005	2742	0.0	1341.0
EL240_RS14750	27	97.479	357	9	0	1	357	21546	21190	1.5599999999999993e-175	610.0
EL240_RS14755	27	98.44200000000001	385	6	0	1	385	21168	20784	0.0	678.0
EL240_RS14760	27	100.0	261	0	0	1	261	20636	20376	2.5399999999999994e-137	483.0
EL240_RS14765	27	98.40700000000001	879	14	0	1	879	20365	19487	0.0	1546.0
EL240_RS14770	27	97.086	858	7	1	1	840	19464	18607	0.0	1430.0
EL240_RS14775	27	98.899	1272	14	0	1	1272	18581	17310	0.0	2272.0
EL240_RS14780	27	98.22	618	11	0	1	618	17307	16690	0.0	1081.0
EL240_RS14785	27	98.08200000000001	417	8	0	1	417	16706	16290	0.0	726.0
EL240_RS14795	27	100.0	300	0	0	1	300	16275	15976	6.139999999999998e-159	555.0
EL240_RS14800	27	99.324	1035	7	0	1	1035	15983	14949	0.0	1873.0
EL240_RS14805	27	99.63799999999999	276	1	0	1	276	14959	14684	5.749999999999998e-144	505.0
EL240_RS14810	27	100.0	390	0	0	1	390	14684	14295	0.0	721.0
EL240_RS14815	27	99.79299999999999	483	1	0	1	483	14263	13781	0.0	887.0
EL240_RS14820	27	100.0	459	0	0	1	459	13686	13228	0.0	848.0
EL240_RS14825	27	99.35799999999999	2493	16	0	1	2493	13123	10631	0.0	4516.0
EL240_RS14835	27	96.634	2347	77	2	1	2346	10263	7918	0.0	3895.0
EL240_RS14840	27	97.654	2259	53	0	1	2259	7931	5673	0.0	3879.0
EL240_RS14850	27	100.0	786	0	0	1	786	5150	4365	0.0	1452.0
EL240_RS14855	27	95.29700000000001	489	23	0	1	489	4359	3871	0.0	776.0
EL240_RS14960	37	99.86399999999999	738	1	0	1	738	2005	2742	0.0	1358.0
EL240_RS15000	37	98.885	897	10	0	1	897	3275	4171	0.0	1602.0
EL240_RS15005	37	96.667	210	7	0	1	210	4248	4457	2.1199999999999996e-97	350.0
EL240_RS15010	37	96.70299999999999	273	9	0	1	273	4474	4746	5.809999999999998e-129	455.0
EL240_RS15015	37	95.023	864	43	0	1	864	4748	5611	0.0	1358.0
EL240_RS15090	37	100.0	738	0	0	1	738	2005	2742	0.0	1363.0
EL240_RS15100	37	97.87200000000001	141	3	0	1	141	2888	3028	6.539999999999998e-66	244.0
EL240_RS15510	38	99.787	939	2	0	1	939	3069	4007	0.0	1724.0
EL240_RS15515	38	99.904	1038	1	0	1	1038	4033	5070	0.0	1912.0
EL240_RS15665	37	97.436	897	23	0	1	897	3275	4171	0.0	1530.0
EL240_RS15670	37	99.04799999999999	210	2	0	1	210	4248	4457	9.71e-106	377.0
EL240_RS15675	37	97.802	273	6	0	1	273	4474	4746	5.769999999999998e-134	472.0
EL240_RS15680	37	96.412	864	31	0	1	864	4748	5611	0.0	1424.0
EL240_RS15700	37	100.0	738	0	0	1	738	2005	2742	0.0	1363.0
EL240_RS15715	37	99.686	318	1	0	1	318	6052	6369	2.9999999999999987e-167	582.0
EL240_RS15820	38	96.25	240	9	0	1	240	2702	2941	1.1199999999999998e-110	394.0
EL240_RS15855	10	99.89299999999999	933	1	0	1	933	12416	13348	0.0	1718.0
EL240_RS15860	10	97.436	117	3	0	1	117	13593	13709	1.1599999999999997e-52	200.0
EL240_RS15875	10	100.0	354	0	0	1	354	16347	15994	0.0	654.0
EL240_RS15995	37	99.458	738	4	0	1	738	2005	2742	0.0	1341.0
FOV01_RS13400	27	99.48700000000001	390	2	0	1	390	14684	14295	0.0	710.0
FOV01_RS13405	27	98.913	276	3	0	1	276	14959	14684	1.2499999999999998e-140	494.0
FOV01_RS13410	27	98.93700000000001	1035	11	0	1	1035	15983	14949	0.0	1851.0
FOV01_RS13415	27	99.365	315	2	0	1	315	16290	15976	6.419999999999998e-164	571.0
FOV01_RS13420	27	98.977	391	4	0	1	391	16706	16316	0.0	701.0
FOV01_RS13425	27	99.029	618	6	0	1	618	17307	16690	0.0	1109.0
FOV01_RS13430	27	100.0	141	0	0	6	146	17450	17310	6.769999999999999e-71	261.0
FOV01_RS13435	27	98.68799999999999	1143	14	1	1	1142	18581	17439	0.0	2026.0
FOV01_RS13440	27	98.01899999999999	858	8	1	1	849	19464	18607	0.0	1482.0
FOV01_RS13445	27	97.725	879	20	0	1	879	20365	19487	0.0	1513.0
FOV01_RS13450	27	98.851	261	3	0	1	261	20636	20376	2.5599999999999992e-132	466.0
FOV01_RS13460	27	96.639	357	12	0	1	357	21546	21190	1.5699999999999992e-170	593.0
FOV01_RS13465	27	95.616	3718	163	0	2	3719	25325	21608	0.0	5963.0
FOV01_RS13550	27	97.546	489	12	0	1	489	4359	3871	0.0	837.0
FOV01_RS13555	27	98.728	786	10	0	1	786	5150	4365	0.0	1397.0
FOV01_RS13565	27	95.75	2259	96	0	1	2259	7931	5673	0.0	3640.0
FOV01_RS13570	27	96.54899999999999	2347	79	2	1	2346	10263	7918	0.0	3884.0
FOV01_RS13580	27	98.63600000000001	2493	34	0	1	2493	13123	10631	0.0	4416.0
HTG14_RS00040	37	100.0	273	0	0	1	273	4474	4746	5.689999999999999e-144	505.0
HTG14_RS00045	37	99.04799999999999	210	2	0	1	210	4248	4457	9.71e-106	377.0
HTG14_RS00065	37	98.462	260	4	0	2	261	1215	1474	4.279999999999999e-130	459.0
HTG14_RS00065	37	95.01899999999999	261	13	0	1	261	2912	3172	1.2099999999999996e-115	411.0
HTG14_RS00070	37	99.458	738	4	0	1	738	2005	2742	0.0	1341.0
HTG14_RS00140	37	97.87200000000001	141	3	0	1	141	2888	3028	6.539999999999998e-66	244.0
HTG14_RS00145	37	99.458	738	4	0	1	738	2005	2742	0.0	1341.0
HTG28_RS00040	37	100.0	273	0	0	1	273	4474	4746	5.689999999999999e-144	505.0
HTG28_RS00045	37	99.04799999999999	210	2	0	1	210	4248	4457	9.71e-106	377.0
HTG28_RS00065	37	98.462	260	4	0	2	261	1215	1474	4.279999999999999e-130	459.0
HTG28_RS00065	37	95.01899999999999	261	13	0	1	261	2912	3172	1.2099999999999996e-115	411.0
HTG28_RS00070	37	99.458	738	4	0	1	738	2005	2742	0.0	1341.0
HTG28_RS00140	37	97.87200000000001	141	3	0	1	141	2888	3028	6.539999999999998e-66	244.0
HTG28_RS00145	37	99.458	738	4	0	1	738	2005	2742	0.0	1341.0
HTG27_RS00040	37	100.0	273	0	0	1	273	4474	4746	5.689999999999999e-144	505.0
HTG27_RS00045	37	99.04799999999999	210	2	0	1	210	4248	4457	9.71e-106	377.0
HTG27_RS00065	37	98.462	260	4	0	2	261	1215	1474	4.279999999999999e-130	459.0
HTG27_RS00065	37	95.01899999999999	261	13	0	1	261	2912	3172	1.2099999999999996e-115	411.0
HTG27_RS00070	37	99.458	738	4	0	1	738	2005	2742	0.0	1341.0
HTG27_RS00140	37	97.87200000000001	141	3	0	1	141	2888	3028	6.539999999999998e-66	244.0
HTG27_RS00145	37	99.458	738	4	0	1	738	2005	2742	0.0	1341.0
HTG21_RS00040	37	100.0	273	0	0	1	273	4474	4746	5.689999999999999e-144	505.0
HTG21_RS00045	37	99.04799999999999	210	2	0	1	210	4248	4457	9.71e-106	377.0
HTG21_RS00065	37	98.462	260	4	0	2	261	1215	1474	4.279999999999999e-130	459.0
HTG21_RS00065	37	95.01899999999999	261	13	0	1	261	2912	3172	1.2099999999999996e-115	411.0
HTG21_RS00070	37	99.458	738	4	0	1	738	2005	2742	0.0	1341.0
HTG21_RS00140	37	97.87200000000001	141	3	0	1	141	2888	3028	6.539999999999998e-66	244.0
HTG21_RS00145	37	99.458	738	4	0	1	738	2005	2742	0.0	1341.0
HTG44_RS00040	37	100.0	273	0	0	1	273	4474	4746	5.689999999999999e-144	505.0
HTG44_RS00045	37	99.04799999999999	210	2	0	1	210	4248	4457	9.71e-106	377.0
HTG44_RS00065	37	98.462	260	4	0	2	261	1215	1474	4.279999999999999e-130	459.0
HTG44_RS00065	37	95.01899999999999	261	13	0	1	261	2912	3172	1.2099999999999996e-115	411.0
HTG44_RS00070	37	99.458	738	4	0	1	738	2005	2742	0.0	1341.0
HTG44_RS00140	37	97.87200000000001	141	3	0	1	141	2888	3028	6.539999999999998e-66	244.0
HTG44_RS00145	37	99.458	738	4	0	1	738	2005	2742	0.0	1341.0
HTK17_RS00010	37	99.057	318	3	0	1	318	6052	6369	6.4899999999999986e-164	571.0
HTK17_RS00400	10	99.501	1002	5	0	1	1002	11418	12419	0.0	1823.0
HTK17_RS00405	10	99.786	933	2	0	1	933	12416	13348	0.0	1712.0
HTK17_RS00410	10	99.145	117	1	0	1	117	13593	13709	5.38e-56	211.0
HTK17_RS00415	10	96.458	1920	68	0	1	1920	13725	15644	0.0	3169.0
HTK17_RS00490	37	99.59299999999999	738	3	0	1	738	2005	2742	0.0	1347.0
HTK17_RS00495	37	98.462	260	4	0	2	261	1215	1474	4.279999999999999e-130	459.0
HTK17_RS00495	37	95.01899999999999	261	13	0	1	261	2912	3172	1.2099999999999996e-115	411.0
HTK17_RS00500	37	97.882	897	19	0	1	897	3275	4171	0.0	1552.0
HTK17_RS00505	37	96.667	210	7	0	1	210	4248	4457	2.1199999999999996e-97	350.0
HTL21_RS00085	10	96.406	1920	69	0	1	1920	13725	15644	0.0	3164.0
HTL21_RS00090	10	99.145	117	1	0	1	117	13593	13709	5.38e-56	211.0
HTL21_RS00095	10	99.786	933	2	0	1	933	12416	13348	0.0	1712.0
HTL21_RS00100	10	99.501	1002	5	0	1	1002	11418	12419	0.0	1823.0
HTL02_RS00160	10	96.406	1920	69	0	1	1920	13725	15644	0.0	3164.0
HTL02_RS00165	10	99.145	117	1	0	1	117	13593	13709	5.38e-56	211.0
HTL02_RS00170	10	99.786	933	2	0	1	933	12416	13348	0.0	1712.0
HTL02_RS00175	10	99.501	1002	5	0	1	1002	11418	12419	0.0	1823.0
HTM13_RS00085	10	96.406	1920	69	0	1	1920	13725	15644	0.0	3164.0
HTM13_RS00090	10	96.581	117	3	1	1	116	13593	13709	1.93e-50	193.0
HTM13_RS00095	10	99.786	933	2	0	1	933	12416	13348	0.0	1712.0
HTM13_RS00100	10	99.501	1002	5	0	1	1002	11418	12419	0.0	1823.0
HTM13_RS00110	10	99.913	1146	1	0	1	1146	8096	9241	0.0	2111.0
HTQ42_RS00240	27	95.035	141	7	0	1	141	21748	21608	3.07e-59	222.0
HTQ42_RS00245	27	96.639	357	12	0	1	357	21546	21190	1.5699999999999992e-170	593.0
HTW12_RS00035	37	99.86399999999999	738	1	0	1	738	2005	2742	0.0	1358.0
HTW12_RS00120	37	96.667	210	7	0	1	210	4248	4457	2.1199999999999996e-97	350.0
HTW12_RS00125	37	97.882	897	19	0	1	897	3275	4171	0.0	1552.0
HTW12_RS00130	37	98.462	260	4	0	2	261	1215	1474	4.279999999999999e-130	459.0
HTW12_RS00130	37	95.01899999999999	261	13	0	1	261	2912	3172	1.2099999999999996e-115	411.0
HTW12_RS00135	37	100.0	738	0	0	1	738	2005	2742	0.0	1363.0
HTW12_RS00180	37	97.87200000000001	141	3	0	1	141	2888	3028	6.539999999999998e-66	244.0
HTW12_RS00185	37	99.729	738	2	0	1	738	2005	2742	0.0	1352.0
HTW12_RS00385	27	95.29700000000001	489	23	0	1	489	4359	3871	0.0	776.0
HTW12_RS00390	27	100.0	786	0	0	1	786	5150	4365	0.0	1452.0
HTW12_RS00395	27	97.654	2259	53	0	1	2259	7931	5673	0.0	3879.0
HTW12_RS00400	27	96.634	2347	77	2	1	2346	10263	7918	0.0	3895.0
HTW12_RS00410	27	99.35799999999999	2493	16	0	1	2493	13123	10631	0.0	4516.0
HTW12_RS00415	27	100.0	459	0	0	1	459	13686	13228	0.0	848.0
HTW12_RS00420	27	99.79299999999999	483	1	0	1	483	14263	13781	0.0	887.0
HTW12_RS00425	27	100.0	390	0	0	1	390	14684	14295	0.0	721.0
HTW12_RS00430	27	99.63799999999999	276	1	0	1	276	14959	14684	5.749999999999998e-144	505.0
HTW12_RS00435	27	99.324	1035	7	0	1	1035	15983	14949	0.0	1873.0
HTW12_RS00440	27	100.0	315	0	0	1	315	16290	15976	2.9699999999999987e-167	582.0
HTW12_RS00445	27	98.08200000000001	417	8	0	1	417	16706	16290	0.0	726.0
HTW12_RS00450	27	98.22	618	11	0	1	618	17307	16690	0.0	1081.0
HTW12_RS00455	27	98.899	1272	14	0	1	1272	18581	17310	0.0	2272.0
HTW12_RS00460	27	97.20299999999999	858	6	1	1	840	19464	18607	0.0	1435.0
HTW12_RS00465	27	98.40700000000001	879	14	0	1	879	20365	19487	0.0	1546.0
HTW12_RS00470	27	100.0	261	0	0	1	261	20636	20376	2.5399999999999994e-137	483.0
HTW12_RS00475	27	98.44200000000001	385	6	0	1	385	21168	20784	0.0	678.0
HTW12_RS00480	27	97.479	357	9	0	1	357	21546	21190	1.5599999999999993e-175	610.0
HTW12_RS00650	37	99.057	318	3	0	1	318	6052	6369	6.4899999999999986e-164	571.0
HTX01_RS00135	10	100.0	714	0	0	1	714	11706	12419	0.0	1319.0
HTX01_RS00140	10	99.786	933	2	0	1	933	12416	13348	0.0	1712.0
HTX01_RS00145	10	99.145	117	1	0	1	117	13593	13709	5.38e-56	211.0
HTX01_RS00150	10	96.458	1920	68	0	1	1920	13725	15644	0.0	3169.0
HTX46_RS00100	27	97.479	357	9	0	1	357	21546	21190	1.5599999999999993e-175	610.0
HTX46_RS00105	27	98.44200000000001	385	6	0	1	385	21168	20784	0.0	678.0
HTX46_RS00110	27	100.0	261	0	0	1	261	20636	20376	2.5399999999999994e-137	483.0
HTX46_RS00115	27	98.40700000000001	879	14	0	1	879	20365	19487	0.0	1546.0
HTX46_RS00120	27	97.20299999999999	858	6	1	1	840	19464	18607	0.0	1435.0
HTX46_RS00125	27	98.899	1272	14	0	1	1272	18581	17310	0.0	2272.0
HTX46_RS00130	27	98.22	618	11	0	1	618	17307	16690	0.0	1081.0
HTX46_RS00135	27	98.08200000000001	417	8	0	1	417	16706	16290	0.0	726.0
HTX46_RS00140	27	100.0	315	0	0	1	315	16290	15976	2.9699999999999987e-167	582.0
HTX46_RS00145	27	99.324	1035	7	0	1	1035	15983	14949	0.0	1873.0
HTX46_RS00150	27	99.275	276	2	0	1	276	14959	14684	2.6799999999999994e-142	499.0
HTX46_RS00155	27	100.0	390	0	0	1	390	14684	14295	0.0	721.0
HTX46_RS00160	27	99.79299999999999	483	1	0	1	483	14263	13781	0.0	887.0
HTX46_RS00165	27	99.78200000000001	459	1	0	1	459	13686	13228	0.0	843.0
HTX46_RS00170	27	99.59899999999999	2493	10	0	1	2493	13123	10631	0.0	4549.0
HTX46_RS00180	27	96.90700000000001	2328	69	3	21	2346	10244	7918	0.0	3897.0
HTX46_RS00185	27	97.654	2259	53	0	1	2259	7931	5673	0.0	3879.0
HTX46_RS00190	27	100.0	786	0	0	1	786	5150	4365	0.0	1452.0
HTX46_RS00195	27	95.29700000000001	489	23	0	1	489	4359	3871	0.0	776.0
A6B47_RS14630	6	96.42200000000001	1034	25	1	2	1023	8515	9548	0.0	1694.0
A6B47_RS15010	27	98.88	357	1	1	1	354	21546	21190	0.0	634.0
A6B47_RS15020	27	100.0	261	0	0	1	261	20636	20376	2.5399999999999994e-137	483.0
A6B47_RS15025	27	98.18	879	16	0	1	879	20365	19487	0.0	1535.0
A6B47_RS15030	27	99.65	858	3	0	1	858	19464	18607	0.0	1568.0
A6B47_RS15035	27	98.899	1272	14	0	1	1272	18581	17310	0.0	2272.0
A6B47_RS15040	27	99.029	618	6	0	1	618	17307	16690	0.0	1109.0
A6B47_RS15045	27	98.561	417	6	0	1	417	16706	16290	0.0	737.0
A6B47_RS15050	27	100.0	315	0	0	1	315	16290	15976	2.9699999999999987e-167	582.0
A6B47_RS15055	27	99.227	1035	8	0	1	1035	15983	14949	0.0	1868.0
A6B47_RS15060	27	99.63799999999999	276	1	0	1	276	14959	14684	5.749999999999998e-144	505.0
A6B47_RS15065	27	100.0	390	0	0	1	390	14684	14295	0.0	721.0
A6B47_RS15070	27	99.79299999999999	483	1	0	1	483	14263	13781	0.0	887.0
A6B47_RS15075	27	100.0	459	0	0	1	459	13686	13228	0.0	848.0
A6B47_RS15080	27	99.51899999999999	2493	12	0	1	2493	13123	10631	0.0	4538.0
A6B47_RS15090	27	97.294	2328	60	3	21	2346	10244	7918	0.0	3947.0
A6B47_RS15095	27	97.425	2252	55	3	1	2252	7931	5683	0.0	3834.0
A6B47_RS15110	27	99.59100000000001	489	2	0	1	489	4359	3871	0.0	893.0
A6B47_RS15115	27	98.50200000000001	267	4	0	1	267	3273	3007	5.629999999999998e-134	472.0
A6B47_RS15120	27	98.37100000000001	491	8	0	1	491	2974	2484	0.0	863.0
A6B47_RS15125	27	99.52	417	2	0	1	417	2137	1721	0.0	760.0
A6B47_RS15140	27	99.24799999999999	266	2	0	2	267	1001	736	9.349999999999998e-137	481.0
A6B47_RS15145	27	99.63799999999999	276	1	0	1	276	743	468	5.749999999999998e-144	505.0
DTO64_RS15960	37	99.729	738	2	0	1	738	2005	2742	0.0	1352.0
DTO64_RS15970	37	98.462	260	4	0	2	261	1215	1474	4.279999999999999e-130	459.0
DTO64_RS15970	37	95.01899999999999	261	13	0	1	261	2912	3172	1.2099999999999996e-115	411.0
DTO64_RS16025	37	96.321	897	33	0	1	897	3275	4171	0.0	1474.0
DTO64_RS16030	37	96.19	210	8	0	1	210	4248	4457	9.849999999999997e-96	344.0
DTO64_RS16190	27	98.79299999999999	580	7	0	30	609	17269	16690	0.0	1033.0
DTO64_RS16195	27	98.561	417	6	0	1	417	16706	16290	0.0	737.0
DTO64_RS16200	27	99.365	315	2	0	1	315	16290	15976	6.419999999999998e-164	571.0
DTO64_RS16205	27	99.03399999999999	1035	10	0	1	1035	15983	14949	0.0	1857.0
DTO64_RS16210	27	99.63799999999999	276	1	0	1	276	14959	14684	5.749999999999998e-144	505.0
DTO64_RS16215	27	100.0	390	0	0	1	390	14684	14295	0.0	721.0
DTO64_RS16220	27	99.79299999999999	483	1	0	1	483	14263	13781	0.0	887.0
DTO64_RS16225	27	99.78200000000001	459	1	0	1	459	13686	13228	0.0	843.0
DTO64_RS16230	27	99.51899999999999	2493	12	0	1	2493	13123	10631	0.0	4538.0
DTO64_RS16235	27	99.499	399	2	0	1	399	10674	10276	0.0	726.0
DTO64_RS16240	27	98.779	1884	23	0	1	1884	10263	8380	0.0	3352.0
DTO64_RS16245	27	99.37100000000001	318	2	0	1	318	10593	10276	1.3899999999999997e-165	577.0
DTO64_RS16250	27	98.764	2346	28	1	1	2345	10263	7918	0.0	4170.0
DTO64_RS16255	27	97.469	2252	54	3	1	2252	7931	5683	0.0	3840.0
DTO64_RS16265	27	98.773	489	6	0	1	489	4359	3871	0.0	870.0
DTO64_RS16275	27	98.876	267	3	0	1	267	3273	3007	1.2099999999999995e-135	477.0
DTO64_RS16280	27	98.167	491	9	0	1	491	2974	2484	0.0	857.0
DTO64_RS16285	27	99.281	417	3	0	1	417	2137	1721	0.0	754.0
DTO64_RS16290	27	96.23899999999999	585	22	0	1	585	1697	1113	0.0	959.0
DTO64_RS16295	27	100.0	267	0	0	1	267	1002	736	1.1999999999999997e-140	494.0
DTO64_RS16300	27	98.551	276	4	0	1	276	743	468	5.789999999999999e-139	488.0
DTO64_RS16675	27	98.319	357	3	1	1	354	21546	21190	1.9799999999999994e-179	623.0
DTO64_RS16680	27	100.0	385	0	0	1	385	21168	20784	0.0	712.0
DTO64_RS16685	27	99.617	261	1	0	1	261	20636	20376	1.1799999999999997e-135	477.0
DTO64_RS16690	27	97.95200000000001	879	18	0	1	879	20365	19487	0.0	1524.0
DTO64_RS16695	27	98.95100000000001	858	9	0	1	858	19464	18607	0.0	1535.0
DTO64_RS16700	27	99.135	1272	11	0	1	1272	18581	17310	0.0	2289.0
DTO64_RS16705	27	98.544	618	9	0	1	618	17307	16690	0.0	1092.0
DTO64_RS16710	27	98.561	417	6	0	1	417	16706	16290	0.0	737.0
DTO64_RS16715	27	99.365	315	2	0	1	315	16290	15976	6.419999999999998e-164	571.0
DTO64_RS16720	27	99.03399999999999	1035	10	0	1	1035	15983	14949	0.0	1857.0
DTO64_RS16725	27	99.63799999999999	276	1	0	1	276	14959	14684	5.749999999999998e-144	505.0
DTO64_RS16730	27	100.0	390	0	0	1	390	14684	14295	0.0	721.0
DTO64_RS16735	27	99.564	459	2	0	1	459	13686	13228	0.0	837.0
DTO64_RS16740	27	99.398	2493	15	0	1	2493	13123	10631	0.0	4521.0
DTO64_RS16750	27	97.23100000000001	2347	62	3	1	2345	10263	7918	0.0	3971.0
GKQ57_RS13995	27	95.34	3927	172	3	2	3927	25524	21608	0.0	6228.0
GKQ57_RS14000	27	96.348	356	13	0	1	356	21546	21191	2.6199999999999994e-168	586.0
GKQ57_RS14360	27	97.103	2347	60	4	7	2352	10257	7918	0.0	3951.0
GKQ57_RS14365	27	98.185	2259	41	0	1	2259	7931	5673	0.0	3945.0
GKQ57_RS14370	27	100.0	786	0	0	1	786	5150	4365	0.0	1452.0
GKQ57_RS14375	27	98.16	489	9	0	1	489	4359	3871	0.0	854.0
GKQ57_RS14380	27	98.50200000000001	267	4	0	1	267	3273	3007	5.629999999999998e-134	472.0
GKQ57_RS14385	27	99.8	501	1	0	1	501	2974	2474	0.0	920.0
GKQ57_RS14390	27	99.598	249	1	0	1	249	2461	2213	5.259999999999999e-129	455.0
GKQ57_RS14395	27	98.08200000000001	417	8	0	1	417	2137	1721	0.0	726.0
GKQ57_RS14400	27	99.316	585	4	0	1	585	1697	1113	0.0	1059.0
GKQ57_RS14405	27	100.0	267	0	0	1	267	1002	736	1.1999999999999997e-140	494.0
GKQ57_RS14410	27	99.275	276	2	0	1	276	743	468	2.6799999999999994e-142	499.0
GKQ57_RS14580	38	99.681	939	3	0	1	939	3069	4007	0.0	1718.0
GKQ57_RS14585	38	99.904	1038	1	0	1	1038	4033	5070	0.0	1912.0
SAW_RS16990	27	97.199	357	10	0	1	357	21546	21190	7.239999999999998e-174	604.0
SAW_RS17290	37	99.59299999999999	738	3	0	1	738	2005	2742	0.0	1347.0
