pMG2200_49	50	96.77	774	25	0	1	774	3291	2518	0.0	1291.0
pMG2200_50	50	96.196	552	21	0	1	552	3986	3435	0.0	904.0
pMG2200_51	50	100.0	174	0	0	1	174	4183	4010	4.1799999999999994e-89	322.0
pMG2200_52	50	100.0	186	0	0	1	186	4371	4186	9.609999999999997e-96	344.0
pMG2200_53	50	100.0	201	0	0	1	201	4667	4867	4.809999999999998e-104	372.0
pMG2200_54	50	99.12700000000001	229	2	0	1	229	5199	4971	3.2999999999999994e-116	412.0
pMG2200_55	51	99.74600000000001	393	1	0	1	393	4563	4171	0.0	721.0
pMG2200_56	51	100.0	453	0	0	1	453	4105	3653	0.0	837.0
pMG2200_57	51	100.0	153	0	0	1	153	3639	3487	1.6999999999999997e-77	283.0
pMG2200_58	51	99.831	591	1	0	1	591	3475	2885	0.0	1086.0
pMG2200_59	51	100.0	321	0	0	1	321	2879	2559	1.5599999999999996e-170	593.0
pMG2200_60	51	100.0	246	0	0	1	246	2451	2206	5.789999999999998e-129	455.0
pMG2200_61	51	100.0	183	0	0	1	183	2152	1970	4.3899999999999993e-94	339.0
pMG2200_61	20	95.08200000000001	183	9	0	1	183	9003	8821	4.4799999999999986e-79	289.0
pMG2200_62	51	100.0	717	0	0	1	717	1775	1059	0.0	1325.0
pMG2200_64	20	99.37100000000001	636	4	0	1	636	5813	5178	0.0	1153.0
pMG2200_65	20	100.0	432	0	0	1	432	5155	4724	0.0	798.0
pMG2200_66	20	99.432	528	3	0	1	528	4721	4194	0.0	959.0
pMG2200_73	41	100.0	831	0	0	1	831	78	908	0.0	1535.0
pMG2200_74	41	100.0	210	0	0	1	210	971	1180	5.009999999999999e-109	388.0
pMG2200_75	41	100.0	423	0	0	1	423	2096	2518	0.0	782.0
pMG2200_76	41	100.0	567	0	0	1	567	2682	3248	0.0	1048.0
pMG2200_77	41	100.0	198	0	0	1	198	3265	3462	2.1999999999999997e-102	366.0
pMG2200_78	41	100.0	537	0	0	1	537	3489	4025	0.0	992.0
pMG2200_79	41	100.0	1059	0	0	1	1059	5212	4154	0.0	1956.0
pMG2200_80	41	100.0	243	0	0	1	243	5479	5237	2.6599999999999994e-127	449.0
pMG2200_81	41	100.0	243	0	0	1	243	5684	5926	2.6599999999999994e-127	449.0
pMG2200_82	41	100.0	213	0	0	1	213	6012	6224	1.0899999999999997e-110	394.0
pMG2200_83	41	100.0	111	0	0	1	111	6400	6510	2.62e-54	206.0
pMG2200_84	41	98.551	621	9	0	1	621	6748	7368	0.0	1098.0
pMG2200_85	47	100.0	105	0	0	1	105	1645	1541	5.3099999999999997e-51	195.0
pMG2200_87	53	99.96600000000001	2973	1	0	1	2973	3136	164	0.0	5485.0
pMG2200_88	53	100.0	606	0	0	1	606	3267	3872	0.0	1120.0
pMG2200_89	47	96.396	111	4	0	1	111	1545	1435	1.23e-47	183.0
pMG2200_92	39	98.495	1329	20	0	1	1329	2212	884	0.0	2344.0
pMG2200_93	39	100.0	351	0	0	1	351	887	537	0.0	649.0
pMG2200_94	39	100.0	213	0	0	1	213	580	368	1.0899999999999997e-110	394.0
pMG2200_95	56	99.663	297	1	0	1	297	3482	3186	1.4699999999999993e-155	544.0
pMG2200_96	56	99.87200000000001	783	1	0	1	783	2932	2150	0.0	1441.0
pMG2200_97	56	100.0	357	0	0	1	357	2157	1801	0.0	660.0
pMG2200_98	56	98.016	1008	20	0	1	1008	1541	534	0.0	1751.0
pMG2200_100	42	99.134	1155	10	0	1	1155	1274	2428	0.0	2078.0
pMG2200_101	42	99.686	954	3	0	1	954	3414	2461	0.0	1746.0
pMG2200_102	42	100.0	72	0	0	1	72	3623	3694	7.23e-33	134.0
pMG2200_104	42	98.039	306	6	0	1	306	5129	5434	3.279999999999999e-152	532.0
pMG2200_105	42	97.456	2673	68	0	1	2673	5445	8117	0.0	4560.0
pMG2200_109	45	97.81200000000001	320	7	0	1	320	3651	3332	2.649999999999999e-158	553.0
pCF10_01	39	98.194	1329	24	0	1	1329	2212	884	0.0	2322.0
pCF10_02	39	97.15100000000001	351	10	0	1	351	887	537	1.7199999999999993e-170	593.0
pCF10_03	39	98.59200000000001	213	3	0	1	213	580	368	1.0999999999999996e-105	377.0
pCF10_04	56	96.959	296	6	3	1	294	3482	3188	1.4999999999999994e-140	494.0
pCF10_09	42	99.04799999999999	1155	11	0	1	1155	1274	2428	0.0	2073.0
pCF10_10	42	99.686	954	3	0	1	954	3414	2461	0.0	1746.0
pCF10_11	42	100.0	72	0	0	1	72	3623	3694	7.23e-33	134.0
pCF10_12	42	96.06299999999999	381	15	0	1	381	4176	4556	8.599999999999998e-179	621.0
pCF10_13	42	99.26700000000001	273	2	0	1	273	4556	4828	1.3699999999999999e-140	494.0
pCF10_14	42	97.31200000000001	186	5	0	1	186	5129	5314	2.13e-87	316.0
pCF10_17	45	96.919	357	8	1	1	357	3684	3331	4.8599999999999985e-171	595.0
pCF10_37	50	100.0	166	0	0	1	166	982	1147	1.12e-84	307.0
pCF10_40	50	97.07	546	16	0	1	546	3986	3441	0.0	920.0
pCF10_41	50	98.958	192	2	0	1	192	4201	4010	9.959999999999998e-96	344.0
pCF10_42	50	98.925	186	2	0	1	186	4371	4186	2.08e-92	333.0
pCF10_44	50	99.50200000000001	201	1	0	1	201	4667	4867	2.2399999999999998e-102	366.0
pCF10_45	50	99.12700000000001	229	2	0	1	229	5199	4971	3.2999999999999994e-116	412.0
pCF10_47	51	98.01299999999999	453	9	0	1	453	4105	3653	0.0	787.0
pCF10_49	51	96.605	324	11	0	7	330	2882	2559	7.649999999999997e-154	538.0
pCF10_54	41	95.62299999999999	297	13	0	1	297	7376	7672	1.5099999999999996e-135	477.0
pCF10_55	47	99.111	225	2	0	1	225	1645	1421	5.369999999999999e-114	405.0
pAM373_p08	53	100.0	2973	0	0	1	2973	3136	164	0.0	5491.0
pAM373_p18	20	98.214	504	9	0	1	504	19437	18934	0.0	881.0
pAM373_p24	20	97.316	2347	61	2	1	2346	25325	22980	0.0	3984.0
pAM373_p26	20	98.355	2493	41	0	1	2493	28190	25698	0.0	4377.0
pAM373_p30	20	99.23100000000001	390	3	0	1	390	29745	29356	0.0	704.0
pAM373_p31	20	98.551	276	4	0	1	276	30020	29745	6.449999999999998e-139	488.0
pAM373_p32	20	98.463	846	13	0	1	846	30855	30010	0.0	1491.0
pAM373_p33	20	100.0	315	0	0	1	315	31351	31037	3.309999999999999e-167	582.0
pAM373_p34	20	99.399	333	2	0	1	333	31683	31351	7.499999999999997e-174	604.0
pAM373_p35	20	99.029	618	6	0	1	618	32368	31751	0.0	1109.0
pAM373_p36	20	99.52799999999999	1272	6	0	1	1272	33642	32371	0.0	2316.0
pAM373_p37	20	99.071	861	8	0	1	861	34528	33668	0.0	1546.0
pAM373_p38	20	98.86200000000001	879	10	0	1	879	35426	34548	0.0	1568.0
pAM373_p39	20	98.851	261	3	0	1	261	35697	35437	2.839999999999999e-132	466.0
HS082_RS00005	56	97.40700000000001	270	7	0	1	270	1541	1272	1.3699999999999996e-130	460.0
HS082_RS00030	42	98.425	381	6	0	1	381	4176	4556	0.0	671.0
HS082_RS00035	42	99.55	222	1	0	1	222	4607	4828	5.289999999999999e-114	405.0
HS082_RS00040	35	99.398	1163	7	0	1	1163	16855	18017	0.0	2109.0
HS082_RS00050	45	95.34200000000001	365	6	2	1	365	3684	3331	3.019999999999999e-163	569.0
HS082_RS00165	50	100.0	351	0	0	1	351	308	658	0.0	649.0
HS082_RS00170	50	100.0	171	0	0	1	171	982	1152	1.9099999999999998e-87	316.0
HS082_RS00175	50	99.405	1345	6	2	1	1344	2518	1175	0.0	2438.0
HS082_RS00180	50	99.87100000000001	774	1	0	1	774	3291	2518	0.0	1424.0
HS082_RS00185	50	97.29299999999999	591	16	0	1	591	3986	3396	0.0	1003.0
HS082_RS00190	50	100.0	192	0	0	1	192	4201	4010	4.599999999999999e-99	355.0
HS082_RS00195	50	100.0	186	0	0	1	186	4371	4186	9.609999999999997e-96	344.0
HS082_RS00200	50	100.0	201	0	0	1	201	4667	4867	4.809999999999998e-104	372.0
HS082_RS00205	50	99.12700000000001	229	2	0	1	229	5199	4971	3.2999999999999994e-116	412.0
HS082_RS00210	51	99.74600000000001	393	1	0	1	393	4563	4171	0.0	721.0
HS082_RS00215	51	99.779	453	1	0	1	453	4105	3653	0.0	832.0
HS082_RS00220	51	100.0	153	0	0	1	153	3639	3487	1.6999999999999997e-77	283.0
HS082_RS00225	51	99.662	591	2	0	1	591	3475	2885	0.0	1081.0
HS082_RS00230	51	99.65899999999999	293	1	0	1	293	2756	2464	2.4199999999999995e-153	536.0
HS082_RS00235	51	100.0	246	0	0	1	246	2451	2206	5.789999999999998e-129	455.0
HS082_RS00240	51	100.0	183	0	0	1	183	2152	1970	4.3899999999999993e-94	339.0
HS082_RS00240	20	95.08200000000001	183	9	0	1	183	9003	8821	4.4799999999999986e-79	289.0
HS082_RS00245	51	100.0	717	0	0	1	717	1775	1059	0.0	1325.0
HS082_RS00255	20	97.154	246	7	0	1	246	6244	5999	2.7299999999999995e-117	416.0
HS082_RS00260	20	99.214	636	5	0	1	636	5813	5178	0.0	1147.0
HS082_RS00265	20	100.0	468	0	0	1	468	5191	4724	0.0	865.0
HS082_RS00270	20	99.432	528	3	0	1	528	4721	4194	0.0	959.0
HS082_RS00375	39	98.67299999999999	603	8	0	1	603	4137	4739	0.0	1070.0
HS082_RS00380	39	97.805	1412	30	1	33	1444	10014	11424	0.0	2435.0
HS082_RS00385	39	98.413	819	13	0	1	819	11417	12235	0.0	1441.0
HS082_RS00390	47	98.995	597	6	0	1	597	2539	1943	0.0	1070.0
HS082_RS00395	47	100.0	288	0	0	1	288	1926	1639	3.069999999999999e-152	532.0
HS082_RS00395	41	96.875	288	9	0	1	288	7385	7672	3.139999999999999e-137	483.0
HS082_RS00400	47	99.111	225	2	0	1	225	1645	1421	5.369999999999999e-114	405.0
HS082_RS00405	47	99.04799999999999	210	2	0	1	210	1361	1152	1.0799999999999999e-105	377.0
HS082_RS00410	47	98.016	252	5	0	1	252	810	559	5.9899999999999985e-124	438.0
HS082_RS00415	47	97.945	438	9	0	1	438	68	505	0.0	760.0
HS082_RS00445	56	97.95700000000001	783	16	0	1	783	2932	2150	0.0	1358.0
HS082_RS00450	56	98.039	357	7	0	1	357	2157	1801	8.029999999999995e-179	621.0
pWZ1668_p08	35	98.925	837	9	0	1	837	17181	18017	0.0	1496.0
pWZ1668_p09	35	99.656	291	1	0	1	291	16855	17145	3.109999999999999e-152	532.0
pWZ1668_p12	53	100.0	1161	0	0	1	1161	1324	164	0.0	2145.0
pWZ1668_p14	53	100.0	606	0	0	1	606	3267	3872	0.0	1120.0
pWZ1668_p17	39	99.051	738	7	0	1	738	9389	8652	0.0	1325.0
pWZ1668_p18	39	98.958	192	2	0	1	192	8707	8516	9.959999999999998e-96	344.0
pWZ1668_p19	35	96.618	887	30	0	11	897	16779	15893	0.0	1472.0
pTW9_p01	47	95.008	621	30	1	1	620	2564	1944	0.0	974.0
pTW9_p07	56	98.625	291	4	0	1	291	3482	3192	3.199999999999999e-147	516.0
pTW9_p16	42	96.97	297	9	0	1	297	5129	5425	3.329999999999999e-142	499.0
pTW9_p20	45	96.37899999999999	3894	136	4	1	3891	7637	3746	0.0	6405.0
pTW9_p21	45	98.131	321	6	0	1	321	3651	3331	1.5799999999999993e-160	560.0
pTW9_p22	45	96.552	261	9	0	1	261	3309	3049	2.879999999999999e-122	433.0
pTW9_p23	20	99.234	261	2	0	1	261	35697	35437	6.109999999999998e-134	472.0
pTW9_p24	20	99.431	879	5	0	1	879	35426	34548	0.0	1596.0
pTW9_p25	20	99.18700000000001	861	7	0	1	861	34528	33668	0.0	1552.0
pTW9_p26	20	99.057	1272	12	0	1	1272	33642	32371	0.0	2283.0
pTW9_p27	20	98.382	618	10	0	1	618	32368	31751	0.0	1086.0
pTW9_p28	20	97.598	333	8	0	1	333	31683	31351	7.609999999999999e-164	571.0
pTW9_p29	20	100.0	315	0	0	1	315	31351	31037	3.309999999999999e-167	582.0
pTW9_p30	20	98.551	1035	15	0	1	1035	31044	30010	0.0	1829.0
pTW9_p31	20	99.617	261	1	0	1	261	30005	29745	1.3099999999999996e-135	477.0
pTW9_p32	20	100.0	390	0	0	1	390	29745	29356	0.0	721.0
pTW9_p33	20	100.0	483	0	0	1	483	29324	28842	0.0	893.0
pTW9_p34	20	100.0	459	0	0	1	459	28752	28294	0.0	848.0
pTW9_p35	20	99.181	2565	20	1	1	2565	28261	25698	0.0	4619.0
pTW9_p37	20	97.40100000000001	2347	59	2	1	2346	25325	22980	0.0	3995.0
pTW9_p38	20	98.417	2211	35	0	1	2211	22978	20768	0.0	3890.0
pTW9_p40	20	95.09200000000001	489	24	0	1	489	19422	18934	0.0	771.0
pTW9_p56	39	98.81	84	1	0	1	84	9597	9514	8.809999999999999e-38	150.0
pTW9_p57	39	99.59299999999999	738	3	0	1	738	9389	8652	0.0	1347.0
pTW9_p58	39	99.242	132	1	0	1	132	8647	8516	3.149999999999999e-64	239.0
pTW9_p65	39	98.81	84	1	0	1	84	9597	9514	8.809999999999999e-38	150.0
pTW9_p66	39	99.458	738	4	0	1	738	9389	8652	0.0	1341.0
pTW9_p67	39	96.212	132	5	0	1	132	8647	8516	1.47e-57	217.0
pTW9_p69	35	95.43799999999999	548	25	0	11	558	16779	16232	0.0	874.0
pTW9_p79	35	95.61399999999999	342	15	0	1	342	16234	15893	3.67e-157	549.0
pTW9_p81	35	97.07	273	8	0	1	273	15590	15318	1.3899999999999995e-130	460.0
pTW9_p82	35	100.0	78	0	0	1	78	15316	15239	3.72e-36	145.0
pTW9_p90	35	97.255	255	6	1	1	254	4410	4156	1.0099999999999998e-121	431.0
HXI36_RS00070	39	98.81	84	1	0	1	84	9597	9514	8.809999999999999e-38	150.0
HXI36_RS00075	39	99.458	738	4	0	1	738	9389	8652	0.0	1341.0
HXI36_RS00085	35	95.152	887	43	0	11	897	16779	15893	0.0	1400.0
HXI36_RS00095	35	97.07	273	8	0	1	273	15590	15318	1.3899999999999995e-130	460.0
HXI36_RS00250	35	95.603	887	39	0	11	897	16779	15893	0.0	1423.0
HXI36_RS00255	35	98.571	210	3	0	1	210	15816	15607	5.0499999999999986e-104	372.0
HXI36_RS00260	35	99.26700000000001	273	2	0	1	273	15590	15318	1.3699999999999999e-140	494.0
HXI36_RS00290	35	99.398	1163	7	0	1	1163	16855	18017	0.0	2109.0
HS679_RS00035	39	99.59299999999999	738	3	0	1	738	9389	8652	0.0	1347.0
HS679_RS00045	35	96.618	887	30	0	11	897	16779	15893	0.0	1472.0
HS679_RS00050	35	95.714	210	9	0	1	210	15816	15607	5.119999999999998e-94	339.0
D686_p36	35	98.925	837	9	0	1	837	17181	18017	0.0	1496.0
D686_p37	35	99.656	291	1	0	1	291	16855	17145	3.109999999999999e-152	532.0
D686_p32	39	99.051	738	7	0	1	738	9389	8652	0.0	1325.0
D686_p31	35	96.618	887	30	0	11	897	16779	15893	0.0	1472.0
D686_p30	35	95.37	216	10	0	1	216	15822	15607	1.1299999999999999e-95	344.0
D686_p1035	35	98.925	837	9	0	1	837	17181	18017	0.0	1496.0
D686_p1036	35	99.656	291	1	0	1	291	16855	17145	3.109999999999999e-152	532.0
D686_p1038	53	99.86200000000001	2898	2	2	1	2896	3136	239	0.0	5328.0
D686_p1039	53	100.0	606	0	0	1	606	3267	3872	0.0	1120.0
D686_p1031	39	99.051	738	7	0	1	738	9389	8652	0.0	1325.0
D686_p1030	35	96.618	887	30	0	11	897	16779	15893	0.0	1472.0
D686_p1029	35	95.37	216	10	0	1	216	15822	15607	1.1299999999999999e-95	344.0
A7J11_01120	39	99.59299999999999	738	3	0	1	738	9389	8652	0.0	1347.0
EFD32_RS15020	39	98.81	84	1	0	1	84	9597	9514	8.809999999999999e-38	150.0
EFD32_RS15025	39	99.729	738	2	0	1	738	9389	8652	0.0	1352.0
EFD32_RS16455	39	96.212	132	5	0	1	132	8647	8516	1.47e-57	217.0
EFD32_RS15030	35	95.37799999999999	887	41	0	11	897	16779	15893	0.0	1411.0
EFD32_RS15035	35	98.571	210	3	0	1	210	15816	15607	5.0499999999999986e-104	372.0
EFD32_RS15040	35	99.26700000000001	273	2	0	1	273	15590	15318	1.3699999999999999e-140	494.0
CGZ46_RS14440	50	99.715	351	1	0	1	351	308	658	0.0	643.0
CGZ46_RS14470	11	100.0	120	0	0	1	120	56410	56529	2.83e-59	222.0
CGZ46_RS14475	11	100.0	315	0	0	1	315	56552	56866	3.309999999999999e-167	582.0
CGZ46_RS14480	11	100.0	387	0	0	1	387	56882	57268	0.0	715.0
CGZ46_RS14485	11	100.0	1386	0	0	1	1386	57297	58682	0.0	2560.0
CGZ46_RS14490	11	100.0	153	0	0	1	153	58685	58837	1.6999999999999997e-77	283.0
CGZ46_RS14495	11	100.0	1206	0	0	1	1206	58860	60065	0.0	2228.0
CGZ46_RS14500	11	100.0	222	0	0	1	222	60108	60329	1.1399999999999997e-115	411.0
CGZ46_RS14505	11	100.0	498	0	0	1	498	60446	60943	0.0	920.0
CGZ46_RS14510	11	100.0	507	0	0	1	507	60918	61424	0.0	937.0
CGZ46_RS14515	11	99.91799999999999	2448	2	0	1	2448	61408	63855	0.0	4510.0
CGZ46_RS14525	11	99.40100000000001	1002	6	0	1	1002	66032	67033	0.0	1818.0
CGZ46_RS14530	11	99.786	933	2	0	1	933	67030	67962	0.0	1712.0
CGZ46_RS14535	11	96.552	87	3	0	1	87	68237	68323	4.29e-36	145.0
CGZ46_RS14540	11	95.99	1920	77	0	1	1920	68339	70258	0.0	3120.0
CGZ46_RS14605	39	100.0	112	0	0	1	112	9729	9618	7.369999999999999e-55	207.0
CGZ46_RS14610	39	98.81	84	1	0	1	84	9597	9514	8.809999999999999e-38	150.0
CGZ46_RS14615	39	99.458	738	4	0	1	738	9389	8652	0.0	1341.0
CGZ46_RS14620	39	96.97	132	4	0	1	132	8647	8516	3.17e-59	222.0
CGZ46_RS14640	41	96.53200000000001	519	18	0	1	519	8482	9000	0.0	859.0
CGZ46_RS14660	54	98.462	195	2	1	1	195	1949	1756	3.6399999999999994e-95	342.0
CGZ46_RS14790	50	96.02600000000001	780	25	3	1	780	3291	2518	0.0	1264.0
CGZ46_RS14795	50	95.471	552	25	0	1	552	3986	3435	0.0	881.0
CGZ46_RS14800	50	100.0	174	0	0	1	174	4183	4010	4.1799999999999994e-89	322.0
CGZ46_RS14805	50	100.0	186	0	0	1	186	4371	4186	9.609999999999997e-96	344.0
CGZ46_RS14810	50	99.005	201	2	0	1	201	4667	4867	1.0399999999999999e-100	361.0
CGZ46_RS14815	50	99.12700000000001	229	2	0	1	229	5199	4971	3.2999999999999994e-116	412.0
CGZ46_RS14825	51	99.338	453	3	0	1	453	4105	3653	0.0	821.0
CGZ46_RS14830	51	96.053	152	6	0	1	152	3639	3488	6.21e-67	248.0
CGZ46_RS14835	51	95.09299999999999	591	29	0	1	591	3475	2885	0.0	931.0
CGZ46_RS14845	27	97.25200000000001	1310	36	0	5	1314	26722	28031	0.0	2220.0
CGZ46_RS14850	40	98.507	201	3	0	1	201	9996	9796	4.839999999999998e-99	355.0
CGZ46_RS14855	40	100.0	207	0	0	1	207	10400	10606	2.2899999999999993e-107	383.0
CGZ46_RS14860	40	99.479	192	1	0	1	192	10640	10831	2.1399999999999994e-97	350.0
CGZ46_RS14875	59	98.95100000000001	1239	13	0	1	1239	669	1907	0.0	2217.0
CGZ46_RS14895	41	98.15700000000001	597	11	0	1	597	6772	7368	0.0	1042.0
CGZ46_RS14900	41	97.544	285	7	0	1	285	7385	7669	6.669999999999998e-139	488.0
CGZ46_RS14900	47	96.12700000000001	284	11	0	1	284	1926	1643	1.1199999999999996e-131	464.0
CGZ46_RS14905	41	99.524	210	1	0	1	210	7666	7875	2.3299999999999993e-107	383.0
CGZ46_RS14910	41	98.667	225	3	0	1	225	7897	8121	2.4999999999999993e-112	399.0
CGZ46_RS14915	39	99.24799999999999	1329	10	0	1	1329	2212	884	0.0	2399.0
CGZ46_RS14920	39	98.006	351	7	0	1	351	887	537	1.7099999999999996e-175	610.0
CGZ46_RS14940	58	98.20700000000001	1506	27	0	1	1506	2032	527	0.0	2632.0
CGZ46_RS14960	42	98.68799999999999	381	5	0	1	381	4176	4556	0.0	676.0
CGZ46_RS14965	42	99.67299999999999	306	1	0	1	306	5129	5434	1.5099999999999995e-160	560.0
CGZ46_RS14980	45	96.197	3892	147	1	1	3891	7637	3746	0.0	6366.0
CGZ46_RS14985	45	98.01700000000001	353	7	0	1	353	3684	3332	1.3299999999999997e-176	614.0
FOA09_RS13985	35	96.296	216	8	0	1	216	15822	15607	5.239999999999999e-99	355.0
FOA09_RS13990	35	95.71600000000001	887	38	0	11	897	16779	15893	0.0	1428.0
FOA09_RS14000	39	97.727	132	3	0	1	132	8647	8516	6.809999999999999e-61	228.0
FOA09_RS14005	39	99.729	738	2	0	1	738	9389	8652	0.0	1352.0
FOA09_RS14010	39	97.619	84	2	0	1	84	9597	9514	4.0999999999999995e-36	145.0
FOA09_RS14140	27	96.794	1310	42	0	5	1314	26722	28031	0.0	2187.0
FOA09_RS14195	20	96.115	489	19	0	1	489	19422	18934	0.0	798.0
FOA09_RS14210	20	98.428	2226	35	0	1	2226	22993	20768	0.0	3917.0
FOA09_RS14215	20	97.40100000000001	2347	59	2	1	2346	25325	22980	0.0	3995.0
FOA09_RS14225	20	99.118	2493	22	0	1	2493	28190	25698	0.0	4482.0
FOA09_RS14230	20	100.0	459	0	0	1	459	28752	28294	0.0	848.0
FOA09_RS14235	20	100.0	483	0	0	1	483	29324	28842	0.0	893.0
FOA09_RS14240	20	100.0	393	0	0	1	393	29748	29356	0.0	726.0
FOA09_RS14245	20	99.63799999999999	276	1	0	1	276	30020	29745	6.399999999999998e-144	505.0
FOA09_RS14250	20	98.551	1035	15	0	1	1035	31044	30010	0.0	1829.0
FOA09_RS14255	20	100.0	315	0	0	1	315	31351	31037	3.309999999999999e-167	582.0
FOA09_RS14260	20	97.29	369	10	0	1	369	31719	31351	1.7899999999999998e-180	627.0
FOA09_RS14265	20	98.544	618	9	0	1	618	32368	31751	0.0	1092.0
FOA09_RS14270	20	99.057	1272	12	0	1	1272	33642	32371	0.0	2283.0
FOA09_RS14275	20	99.18700000000001	861	7	0	1	861	34528	33668	0.0	1552.0
FOA09_RS14280	20	99.431	879	5	0	1	879	35426	34548	0.0	1596.0
FOA09_RS14285	20	99.234	261	2	0	1	261	35697	35437	6.109999999999998e-134	472.0
FOA09_RS14290	45	97.40299999999999	385	10	0	1	385	3309	2925	0.0	656.0
FOA09_RS14295	45	98.305	354	6	0	1	354	3684	3331	7.949999999999998e-179	621.0
FOA09_RS14300	45	96.353	3894	137	4	1	3891	7637	3746	0.0	6399.0
FOA09_RS14325	42	96.97	297	9	0	1	297	5129	5425	3.329999999999999e-142	499.0
FOA09_RS14370	56	98.625	291	4	0	1	291	3482	3192	3.199999999999999e-147	516.0
FOA09_RS14375	39	99.09899999999999	111	1	0	1	111	286	176	1.22e-52	200.0
FOA09_RS14395	47	95.134	596	29	0	1	596	2539	1944	0.0	941.0
EYB36_RS00010	20	99.28399999999999	419	1	2	1	419	17451	17035	0.0	756.0
EYB36_RS00025	20	99.24799999999999	266	2	0	2	267	16315	16050	1.0399999999999998e-136	481.0
EYB36_RS00030	20	98.551	276	4	0	1	276	16057	15782	6.449999999999998e-139	488.0
EYB36_RS00035	20	97.84899999999999	186	4	0	1	186	14979	14794	4.499999999999999e-89	322.0
EYB36_RS00040	50	98.851	174	2	0	1	174	4183	4010	9.039999999999999e-86	311.0
EYB36_RS00045	50	96.785	591	19	0	1	591	3986	3396	0.0	987.0
EYB36_RS00055	50	97.926	1302	25	2	1	1301	2518	1218	0.0	2254.0
EYB36_RS00060	20	95.915	612	25	0	1	612	11700	11089	0.0	992.0
EYB36_RS00070	20	99.705	339	1	0	1	339	10265	9927	7.599999999999998e-179	621.0
EYB36_RS00075	20	99.545	660	3	0	1	660	9712	9053	0.0	1203.0
EYB36_RS00080	20	100.0	183	0	0	1	183	9003	8821	4.3899999999999993e-94	339.0
EYB36_RS00080	51	95.08200000000001	183	9	0	1	183	2152	1970	4.4799999999999986e-79	289.0
EYB36_RS00085	20	99.711	693	2	0	1	693	7918	8610	0.0	1269.0
EYB36_RS00090	20	98.868	1767	20	0	1	1767	7765	5999	0.0	3153.0
EYB36_RS00095	20	99.369	634	3	1	3	636	5810	5178	0.0	1147.0
EYB36_RS00100	20	100.0	468	0	0	1	468	5191	4724	0.0	865.0
EYB36_RS00105	20	98.67399999999999	528	7	0	1	528	4721	4194	0.0	937.0
EYB36_RS00175	1	97.245	363	10	0	1	363	457574	457936	3.7999999999999987e-177	616.0
EYB36_RS00285	41	98.492	597	9	0	1	597	6772	7368	0.0	1053.0
EYB36_RS00295	47	98.667	225	3	0	1	225	1645	1421	2.4999999999999993e-112	399.0
EYB36_RS00300	47	98.454	194	3	0	1	194	1361	1168	3.7699999999999995e-95	342.0
EYB36_RS00310	39	99.96600000000001	2919	1	0	1	2919	7739	4821	0.0	5385.0
EYB36_RS00315	39	100.0	555	0	0	1	555	8297	7743	0.0	1026.0
EYB36_RS00320	39	99.242	132	1	0	1	132	8647	8516	3.149999999999999e-64	239.0
EYB36_RS00325	39	100.0	738	0	0	1	738	9389	8652	0.0	1363.0
EYB36_RS00330	39	97.619	84	2	0	1	84	9597	9514	4.0999999999999995e-36	145.0
EYB36_RS00335	39	100.0	112	0	0	1	112	9729	9618	7.369999999999999e-55	207.0
EYB36_RS00340	39	98.57	1329	19	0	1	1329	2212	884	0.0	2350.0
EYB36_RS00345	39	98.291	351	6	0	1	351	887	537	3.669999999999999e-177	616.0
EYB36_RS00350	39	100.0	111	0	0	1	111	286	176	2.62e-54	206.0
EYB36_RS00355	56	98.305	295	4	1	1	294	3482	3188	3.199999999999999e-147	516.0
EYB36_RS00400	20	99.242	1188	9	0	1	1188	24167	22980	0.0	2145.0
EYB36_RS00405	20	99.191	2226	18	0	1	2226	22993	20768	0.0	4012.0
EYB36_RS00420	20	98.978	489	5	0	1	489	19422	18934	0.0	876.0
EYB36_RS00425	20	99.251	267	2	0	1	267	18342	18076	2.889999999999999e-137	483.0
EYB36_RS00430	20	97.963	491	10	0	1	491	18043	17553	0.0	852.0
EYB36_RS00435	39	99.624	2926	2	7	1	2924	7739	4821	0.0	5334.0
EYB36_RS00440	39	100.0	555	0	0	1	555	8297	7743	0.0	1026.0
EYB36_RS00445	39	99.242	132	1	0	1	132	8647	8516	3.149999999999999e-64	239.0
EYB36_RS00450	39	100.0	738	0	0	1	738	9389	8652	0.0	1363.0
EYB36_RS00455	39	98.81	84	1	0	1	84	9597	9514	8.809999999999999e-38	150.0
EYB36_RS00460	39	99.13799999999999	116	0	1	1	115	9729	9614	7.609999999999998e-55	207.0
EYB36_RS00510	53	100.0	606	0	0	1	606	3267	3872	0.0	1120.0
EYB36_RS00515	53	100.0	2973	0	0	1	2973	3136	164	0.0	5491.0
EYB36_RS00570	20	96.255	267	10	0	1	267	16316	16050	6.349999999999998e-124	438.0
EYB36_RS00690	1	97.245	363	10	0	1	363	457574	457936	3.7999999999999987e-177	616.0
EYB36_RS00710	27	96.794	1310	42	0	5	1314	26722	28031	0.0	2187.0
EYB36_RS00765	20	95.09200000000001	489	24	0	1	489	19422	18934	0.0	771.0
EYB36_RS00770	20	100.0	759	0	0	1	759	20186	19428	0.0	1402.0
EYB36_RS00775	20	99.38	2259	14	0	1	2259	22993	20735	0.0	4095.0
EYB36_RS00780	20	97.444	2347	58	2	1	2346	25325	22980	0.0	4000.0
EYB36_RS00790	20	99.15799999999999	2493	21	0	1	2493	28190	25698	0.0	4488.0
EYB36_RS00795	20	100.0	459	0	0	1	459	28752	28294	0.0	848.0
EYB36_RS00800	20	100.0	483	0	0	1	483	29324	28842	0.0	893.0
EYB36_RS00805	20	100.0	393	0	0	1	393	29748	29356	0.0	726.0
EYB36_RS00810	20	99.63799999999999	276	1	0	1	276	30020	29745	6.399999999999998e-144	505.0
EYB36_RS00815	20	98.744	1035	13	0	1	1035	31044	30010	0.0	1840.0
EYB36_RS00820	20	99.365	315	2	0	1	315	31351	31037	7.169999999999996e-164	571.0
EYB36_RS00825	20	97.29	369	10	0	1	369	31719	31351	1.7899999999999998e-180	627.0
EYB36_RS00830	20	98.05799999999999	618	12	0	1	618	32368	31751	0.0	1075.0
EYB36_RS00845	20	99.295	1135	8	0	1	1135	33642	32508	0.0	2052.0
EYB36_RS00855	20	99.431	879	5	0	1	879	35426	34548	0.0	1596.0
EYB36_RS00860	20	99.234	261	2	0	1	261	35697	35437	6.109999999999998e-134	472.0
EYB36_RS00865	45	97.92200000000001	385	8	0	1	385	3309	2925	0.0	667.0
EYB36_RS00870	45	98.305	354	6	0	1	354	3684	3331	7.949999999999998e-179	621.0
EYB36_RS00900	42	99.259	270	2	0	1	270	5165	5434	6.289999999999998e-139	488.0
EYB36_RS00905	42	98.95	381	4	0	1	381	4176	4556	0.0	682.0
EYB36_RS00930	56	99.72	357	1	0	1	357	2157	1801	0.0	654.0
EYB36_RS00935	56	99.361	783	5	0	1	783	2932	2150	0.0	1419.0
EYB36_RS00940	56	98.316	297	5	0	1	297	3482	3186	6.8799999999999975e-149	521.0
BZG32_RS16190	20	100.0	393	0	0	1	393	29748	29356	0.0	726.0
BZG32_RS16195	20	99.63799999999999	276	1	0	1	276	30020	29745	6.399999999999998e-144	505.0
BZG32_RS16200	20	99.90299999999999	1035	1	0	1	1035	31044	30010	0.0	1906.0
BZG32_RS16205	20	99.365	315	2	0	1	315	31351	31037	7.169999999999996e-164	571.0
BZG32_RS16210	20	97.83200000000001	369	8	0	1	369	31719	31351	0.0	638.0
BZG32_RS16215	20	98.544	618	9	0	1	618	32368	31751	0.0	1092.0
BZG32_RS16220	20	99.921	1272	1	0	1	1272	33642	32371	0.0	2344.0
BZG32_RS16225	20	99.884	861	1	0	1	861	34528	33668	0.0	1585.0
BZG32_RS16230	20	99.545	879	4	0	1	879	35426	34548	0.0	1602.0
BZG32_RS16235	20	99.234	261	2	0	1	261	35697	35437	6.109999999999998e-134	472.0
BZG32_RS16240	45	97.662	385	9	0	1	385	3309	2925	0.0	662.0
BZG32_RS16245	45	98.305	354	6	0	1	354	3684	3331	7.949999999999998e-179	621.0
BZG32_RS16250	45	96.584	3894	128	4	1	3891	7637	3746	0.0	6449.0
BZG32_RS16280	42	97.064	579	17	0	1	579	5445	6023	0.0	976.0
BZG32_RS16285	42	96.633	297	10	0	1	297	5129	5425	1.5499999999999997e-140	494.0
BZG32_RS16345	39	98.198	111	2	0	1	111	286	176	5.679999999999998e-51	195.0
BZG32_RS16355	39	97.721	351	8	0	1	351	887	537	7.939999999999997e-174	604.0
BZG32_RS16360	39	98.796	1329	16	0	1	1329	2212	884	0.0	2366.0
BZG32_RS16370	47	95.181	249	12	0	1	249	1400	1152	1.2999999999999997e-110	394.0
BZG32_RS16375	47	97.77799999999999	225	5	0	1	225	1645	1421	5.409999999999999e-109	388.0
BZG32_RS16380	47	97.917	288	6	0	1	288	1926	1639	3.1199999999999993e-142	499.0
BZG32_RS16380	41	97.569	288	7	0	1	288	7385	7672	1.4499999999999998e-140	494.0
BZG32_RS16385	47	96.81700000000001	597	19	0	1	597	2539	1943	0.0	998.0
BZG32_RS16395	1	97.245	363	10	0	1	363	457574	457936	3.7999999999999987e-177	616.0
BZG32_RS16490	9	100.0	498	0	0	1	498	86341	86838	0.0	920.0
BZG32_RS16495	9	99.80799999999999	522	1	0	1	522	87431	86910	0.0	959.0
BZG32_RS16605	20	97.35799999999999	2347	60	2	1	2346	25325	22980	0.0	3989.0
BZG32_RS16615	20	99.07700000000001	2493	23	0	1	2493	28190	25698	0.0	4477.0
BZG32_RS16620	20	99.564	459	2	0	1	459	28752	28294	0.0	837.0
BZG32_RS16660	20	98.62100000000001	580	8	0	30	609	32330	31751	0.0	1027.0
BZG32_RS16665	20	97.83200000000001	369	8	0	1	369	31719	31351	0.0	638.0
BZG32_RS16670	20	100.0	315	0	0	1	315	31351	31037	3.309999999999999e-167	582.0
BZG32_RS16675	20	98.551	1035	15	0	1	1035	31044	30010	0.0	1829.0
BZG32_RS16680	20	99.63799999999999	276	1	0	1	276	30020	29745	6.399999999999998e-144	505.0
BZG32_RS16685	20	100.0	393	0	0	1	393	29748	29356	0.0	726.0
BZG32_RS16690	20	100.0	483	0	0	1	483	29324	28842	0.0	893.0
BZG32_RS16695	20	99.78200000000001	459	1	0	1	459	28752	28294	0.0	843.0
BZG32_RS16700	20	99.198	2493	20	0	1	2493	28190	25698	0.0	4494.0
BZG32_RS16710	20	97.036	2328	66	3	20	2346	25305	22980	0.0	3914.0
BZG32_RS16715	20	99.557	2259	10	0	1	2259	22993	20735	0.0	4117.0
BZG32_RS16720	20	100.0	759	0	0	1	759	20186	19428	0.0	1402.0
BZG32_RS16725	20	100.0	489	0	0	1	489	19422	18934	0.0	904.0
BZG32_RS16735	20	100.0	267	0	0	1	267	18342	18076	1.3399999999999996e-140	494.0
BZG32_RS16740	20	100.0	495	0	0	1	495	18043	17549	0.0	915.0
BZG32_RS16745	20	100.0	417	0	0	1	417	17451	17035	0.0	771.0
BZG32_RS16750	20	100.0	585	0	0	1	585	17011	16427	0.0	1081.0
BZG32_RS16755	20	100.0	267	0	0	1	267	16316	16050	1.3399999999999996e-140	494.0
BZG32_RS16760	20	100.0	276	0	0	1	276	16057	15782	1.3799999999999997e-145	510.0
BZG32_RS16770	20	100.0	186	0	0	1	186	14979	14794	9.609999999999997e-96	344.0
BZG32_RS16775	20	100.0	147	0	0	1	147	14764	14618	3.5199999999999997e-74	272.0
BZG32_RS16780	20	98.333	780	13	0	1	780	14387	13608	0.0	1369.0
BZG32_RS16785	20	98.571	1260	18	0	1	1260	13608	12349	0.0	2228.0
BZG32_RS16795	20	97.119	729	21	0	1	729	11700	10972	0.0	1230.0
BZG32_RS16800	20	96.594	411	14	0	1	411	10761	10351	0.0	682.0
BZG32_RS16805	20	97.935	339	7	0	1	339	10265	9927	7.699999999999997e-169	588.0
BZG32_RS16810	20	96.667	660	22	0	1	660	9712	9053	0.0	1098.0
BZG32_RS16840	55	99.13	345	3	0	1	345	112	456	7.739999999999998e-179	621.0
BZG32_RS16935	39	98.81	84	1	0	1	84	9597	9514	8.809999999999999e-38	150.0
BZG32_RS16940	39	99.86399999999999	738	1	0	1	738	9389	8652	0.0	1358.0
BZG32_RS17430	39	96.212	132	5	0	1	132	8647	8516	1.47e-57	217.0
BZG32_RS16995	35	95.603	887	39	0	11	897	16779	15893	0.0	1423.0
BZG32_RS17000	35	98.571	210	3	0	1	210	15816	15607	5.0499999999999986e-104	372.0
BZG32_RS17030	56	99.72	357	1	0	1	357	2157	1801	0.0	654.0
BZG32_RS17035	56	99.361	783	5	0	1	783	2932	2150	0.0	1419.0
BZG32_RS17040	56	98.316	297	5	0	1	297	3482	3186	6.8799999999999975e-149	521.0
BMT03_RS13435	35	95.603	887	39	0	11	897	16779	15893	0.0	1423.0
BMT03_RS13445	35	97.07	273	8	0	1	273	15590	15318	1.3899999999999995e-130	460.0
CG806_RS00035	11	95.99	1920	77	0	1	1920	68339	70258	0.0	3120.0
CG806_RS00040	11	96.552	87	3	0	1	87	68237	68323	4.29e-36	145.0
CG806_RS00050	11	99.786	933	2	0	1	933	67030	67962	0.0	1712.0
CG806_RS00055	11	99.501	1002	5	0	1	1002	66032	67033	0.0	1823.0
CG806_RS00065	11	100.0	2448	0	0	1	2448	61408	63855	0.0	4521.0
CG806_RS00070	11	100.0	507	0	0	1	507	60918	61424	0.0	937.0
CG806_RS00075	11	100.0	498	0	0	1	498	60446	60943	0.0	920.0
CG806_RS00080	11	100.0	222	0	0	1	222	60108	60329	1.1399999999999997e-115	411.0
CG806_RS00085	11	99.834	1206	2	0	1	1206	58860	60065	0.0	2217.0
CG806_RS00090	11	100.0	153	0	0	1	153	58685	58837	1.6999999999999997e-77	283.0
CG806_RS00095	11	99.911	1128	1	0	1	1128	57555	58682	0.0	2078.0
CG806_RS00225	27	96.794	1310	42	0	5	1314	26722	28031	0.0	2187.0
CG806_RS00250	1	97.245	363	10	0	1	363	457574	457936	3.7999999999999987e-177	616.0
CG806_RS00330	54	98.462	195	2	1	1	195	1949	1756	3.6399999999999994e-95	342.0
CG806_RS00350	41	96.53200000000001	519	18	0	1	519	8482	9000	0.0	859.0
CG806_RS00375	53	99.697	2973	9	0	1	2973	3136	164	0.0	5441.0
CG806_RS00380	53	99.175	606	5	0	1	606	3267	3872	0.0	1092.0
CG806_RS00415	50	98.885	1345	13	2	1	1344	2518	1175	0.0	2399.0
CG806_RS00425	50	95.652	552	24	0	1	552	3986	3435	0.0	887.0
CG806_RS00430	50	100.0	174	0	0	1	174	4183	4010	4.1799999999999994e-89	322.0
CG806_RS00435	50	99.462	186	1	0	1	186	4371	4186	4.4699999999999986e-94	339.0
CG806_RS00450	50	97.015	201	6	0	1	201	4667	4867	4.88e-94	339.0
CG806_RS00455	50	99.12700000000001	229	2	0	1	229	5199	4971	3.2999999999999994e-116	412.0
CG806_RS00465	51	98.234	453	8	0	1	453	4105	3653	0.0	793.0
CG806_RS00470	51	95.425	153	7	0	1	153	3639	3487	8.029999999999998e-66	244.0
CG806_RS00480	51	96.037	328	12	1	4	330	2886	2559	3.5599999999999994e-152	532.0
CG806_RS00565	58	98.805	1506	18	0	1	1506	2032	527	0.0	2682.0
CG806_RS00580	53	99.697	2973	9	0	1	2973	3136	164	0.0	5441.0
CG806_RS00585	53	99.175	606	5	0	1	606	3267	3872	0.0	1092.0
CG806_RS00600	42	98.68799999999999	381	5	0	1	381	4176	4556	0.0	676.0
CG806_RS00610	42	97.059	306	9	0	1	306	5129	5434	3.299999999999999e-147	516.0
CG806_RS00630	45	98.039	357	4	1	1	357	3684	3331	1.0399999999999998e-177	617.0
CG806_RS00740	50	99.43	351	2	0	1	351	308	658	0.0	638.0
CG806_RS00785	39	98.81	84	1	0	1	84	9597	9514	8.809999999999999e-38	150.0
CG806_RS00790	39	99.59299999999999	738	3	0	1	738	9389	8652	0.0	1347.0
CG806_RS00795	39	97.727	132	3	0	1	132	8647	8516	6.809999999999999e-61	228.0
CG806_RS00805	35	95.49	887	40	0	11	897	16779	15893	0.0	1417.0
CG806_RS00815	35	97.07	273	8	0	1	273	15590	15318	1.3899999999999995e-130	460.0
CG806_RS00820	35	100.0	78	0	0	1	78	15316	15239	3.72e-36	145.0
CG806_RS00830	39	100.0	111	0	0	1	111	286	176	2.62e-54	206.0
CG806_RS00835	56	98.625	291	4	0	1	291	3482	3192	3.199999999999999e-147	516.0
F1M88_RS14085	35	95.535	851	37	1	11	860	16779	15929	0.0	1360.0
C7I31_RS13830	39	97.619	84	2	0	1	84	9597	9514	4.0999999999999995e-36	145.0
C7I31_RS13835	39	99.729	738	2	0	1	738	9389	8652	0.0	1352.0
C7I31_RS13845	39	100.0	555	0	0	1	555	8297	7743	0.0	1026.0
C7I31_RS13850	39	99.96600000000001	2919	1	0	1	2919	7739	4821	0.0	5385.0
C7I31_RS14045	39	97.619	84	2	0	1	84	9597	9514	4.0999999999999995e-36	145.0
C7I31_RS14050	39	99.729	738	2	0	1	738	9389	8652	0.0	1352.0
C7I31_RS14060	39	100.0	555	0	0	1	555	8297	7743	0.0	1026.0
C7I31_RS14065	39	99.96600000000001	2919	1	0	1	2919	7739	4821	0.0	5385.0
C7I31_RS14085	35	99.663	297	1	0	1	297	555	259	1.4699999999999993e-155	544.0
C7I31_RS14090	47	100.0	975	0	0	1	975	7008	6034	0.0	1801.0
C7I31_RS14130	35	99.436	1064	6	0	1	1064	16855	17918	0.0	1932.0
C7I31_RS14145	54	95.63799999999999	298	12	1	15	312	2607	2311	1.5899999999999995e-135	477.0
C7I31_RS14150	47	95.49799999999999	622	27	1	1	621	2564	1943	0.0	992.0
C7I31_RS14225	50	99.559	454	1	1	1	453	1628	1175	0.0	826.0
C7I31_RS14235	50	98.575	351	4	1	1	350	308	658	2.829999999999999e-178	619.0
C7I31_RS14260	35	99.31200000000001	1163	8	0	1	1163	16855	18017	0.0	2104.0
C7I31_RS14280	35	99.31200000000001	1163	8	0	1	1163	16855	18017	0.0	2104.0
C7I32_RS15265	20	99.744	390	1	0	1	390	29745	29356	0.0	715.0
C7I32_RS15270	20	99.275	276	2	0	1	276	30020	29745	2.9799999999999994e-142	499.0
C7I32_RS15275	20	100.0	1035	0	0	1	1035	31044	30010	0.0	1912.0
C7I32_RS15280	20	99.68299999999999	315	1	0	1	315	31351	31037	1.5399999999999992e-165	577.0
C7I32_RS15285	20	97.84200000000001	417	9	0	1	417	31767	31351	0.0	721.0
C7I32_RS15290	20	97.896	618	13	0	1	618	32368	31751	0.0	1070.0
C7I32_RS15310	20	99.295	1135	8	0	1	1135	33642	32508	0.0	2052.0
C7I32_RS15315	20	97.786	858	10	1	1	849	34525	33668	0.0	1471.0
C7I32_RS15320	20	98.86200000000001	879	10	0	1	879	35426	34548	0.0	1568.0
C7I32_RS15325	20	99.617	261	1	0	1	261	35697	35437	1.3099999999999996e-135	477.0
C7I32_RS15330	45	99.221	385	3	0	1	385	3309	2925	0.0	695.0
C7I32_RS15335	45	98.039	357	4	1	1	357	3684	3331	1.0399999999999998e-177	617.0
C7I32_RS15355	42	98.039	306	6	0	1	306	5129	5434	3.279999999999999e-152	532.0
C7I32_RS15365	42	96.325	381	14	0	1	381	4176	4556	1.8499999999999994e-180	627.0
C7I32_RS15405	56	97.595	291	7	0	1	291	3482	3192	3.2199999999999988e-142	499.0
C7I32_RS15410	53	99.175	606	5	0	1	606	3267	3872	0.0	1092.0
C7I32_RS15415	53	99.697	2973	9	0	1	2973	3136	164	0.0	5441.0
C7I32_RS15430	41	99.42200000000001	519	3	0	1	519	8482	9000	0.0	942.0
C7I32_RS15440	41	99.111	225	2	0	1	225	7897	8121	5.369999999999999e-114	405.0
C7I32_RS15445	41	98.086	209	4	0	2	210	7667	7875	8.44e-102	364.0
C7I32_RS15460	59	99.031	1239	12	0	1	1239	669	1907	0.0	2222.0
C7I32_RS15475	40	99.479	192	1	0	1	192	10640	10831	2.1399999999999994e-97	350.0
C7I32_RS15480	40	99.51700000000001	207	1	0	1	207	10400	10606	1.0699999999999997e-105	377.0
C7I32_RS15490	40	98.507	201	3	0	1	201	9996	9796	4.839999999999998e-99	355.0
C7I32_RS15495	27	96.947	1310	40	0	5	1314	26722	28031	0.0	2198.0
C7I32_RS15565	20	95.09200000000001	489	24	0	1	489	19422	18934	0.0	771.0
C7I32_RS15580	20	99.146	2226	19	0	1	2226	22993	20768	0.0	4006.0
C7I32_RS15585	20	97.742	2347	51	2	1	2346	25325	22980	0.0	4039.0
C7I32_RS15595	20	98.476	2493	38	0	1	2493	28190	25698	0.0	4394.0
C7I32_RS15605	20	97.066	2352	63	3	1	2352	25325	22980	0.0	3956.0
C7I32_RS15610	20	99.602	2259	9	0	1	2259	22993	20735	0.0	4122.0
C7I32_RS15615	20	100.0	786	0	0	1	786	20213	19428	0.0	1452.0
C7I32_RS15620	20	100.0	489	0	0	1	489	19422	18934	0.0	904.0
C7I32_RS15625	20	99.251	267	2	0	1	267	18342	18076	2.889999999999999e-137	483.0
C7I32_RS15630	20	98.788	495	6	0	1	495	18043	17549	0.0	881.0
C7I32_RS15635	20	99.041	417	4	0	1	417	17451	17035	0.0	749.0
C7I32_RS15640	20	96.23899999999999	585	22	0	1	585	17011	16427	0.0	959.0
C7I32_RS15645	20	100.0	267	0	0	1	267	16316	16050	1.3399999999999996e-140	494.0
C7I32_RS15650	20	98.551	276	4	0	1	276	16057	15782	6.449999999999998e-139	488.0
C7I32_RS15660	20	100.0	186	0	0	1	186	14979	14794	9.609999999999997e-96	344.0
C7I32_RS15665	20	97.917	192	4	0	1	192	14809	14618	2.1599999999999998e-92	333.0
C7I32_RS15675	50	97.287	1290	32	3	17	1304	2502	1214	0.0	2185.0
C7I32_RS15685	20	96.98200000000001	729	22	0	1	729	11700	10972	0.0	1225.0
C7I32_RS15690	20	97.324	411	11	0	1	411	10761	10351	0.0	699.0
C7I32_RS15695	20	97.345	339	9	0	1	339	10265	9927	1.6699999999999995e-165	577.0
C7I32_RS15710	41	98.565	209	3	0	2	210	7667	7875	1.81e-103	370.0
C7I32_RS15715	41	99.556	225	1	0	1	225	7897	8121	1.1499999999999997e-115	411.0
C7I32_RS15725	41	99.037	519	5	0	1	519	8482	9000	0.0	931.0
C7I32_RS15740	56	97.62700000000001	295	6	1	1	294	3482	3188	6.929999999999999e-144	505.0
C7I32_RS15765	42	99.307	1155	8	0	1	1155	1274	2428	0.0	2089.0
C7I32_RS15770	42	99.79	954	2	0	1	954	3414	2461	0.0	1751.0
C7I32_RS15775	42	99.738	381	1	0	1	381	4176	4556	0.0	699.0
C7I32_RS15785	42	98.693	306	4	0	1	306	5129	5434	1.5199999999999996e-155	544.0
C7I32_RS15790	42	96.441	2669	95	0	1	2669	5445	8113	0.0	4403.0
C7I32_RS15805	45	97.74	354	8	0	1	354	3684	3331	1.7199999999999992e-175	610.0
C7I32_RS15815	20	99.617	261	1	0	1	261	35697	35437	1.3099999999999996e-135	477.0
C7I32_RS15820	20	98.40700000000001	879	14	0	1	879	35426	34548	0.0	1546.0
C7I32_RS15825	20	99.301	858	6	0	1	858	34525	33668	0.0	1552.0
C7I32_RS15830	20	99.031	1135	11	0	1	1135	33642	32508	0.0	2036.0
C7I32_RS15850	20	98.544	618	9	0	1	618	32368	31751	0.0	1092.0
C7I32_RS15855	20	98.08200000000001	417	8	0	1	417	31767	31351	0.0	726.0
C7I32_RS15860	20	99.68299999999999	315	1	0	1	315	31351	31037	1.5399999999999992e-165	577.0
C7I32_RS15865	20	99.42	1035	6	0	1	1035	31044	30010	0.0	1879.0
C7I32_RS15870	20	99.275	276	2	0	1	276	30020	29745	2.9799999999999994e-142	499.0
C7I32_RS15875	20	98.71799999999999	390	5	0	1	390	29745	29356	0.0	693.0
C7I32_RS15900	20	98.235	2493	44	0	1	2493	28190	25698	0.0	4361.0
C7I32_RS15940	53	99.175	606	5	0	1	606	3267	3872	0.0	1092.0
C7I32_RS15945	53	99.697	2973	9	0	1	2973	3136	164	0.0	5441.0
DOU32_RS14485	50	95.788	546	23	0	1	546	3986	3441	0.0	881.0
DOU32_RS14490	50	100.0	192	0	0	1	192	4201	4010	4.599999999999999e-99	355.0
DOU32_RS14495	50	98.925	186	2	0	1	186	4371	4186	2.08e-92	333.0
DOU32_RS14600	56	97.53200000000001	1013	22	3	1	1011	1541	530	0.0	1729.0
DOU32_RS14605	56	99.72	357	1	0	1	357	2157	1801	0.0	654.0
DOU32_RS14610	56	99.87200000000001	783	1	0	1	783	2932	2150	0.0	1441.0
DOU32_RS14615	56	99.32700000000001	297	2	0	1	297	3482	3186	6.829999999999998e-154	538.0
DOU32_RS14620	39	100.0	111	0	0	1	111	286	176	2.62e-54	206.0
DOU32_RS14630	39	98.291	351	6	0	1	351	887	537	3.669999999999999e-177	616.0
DOU32_RS14635	39	98.42	1329	21	0	1	1329	2212	884	0.0	2338.0
DOU32_RS14645	47	98.454	194	3	0	1	194	1361	1168	3.7699999999999995e-95	342.0
DOU32_RS14650	47	98.667	225	3	0	1	225	1645	1421	2.4999999999999993e-112	399.0
DOU32_RS14660	41	98.551	621	9	0	1	621	6748	7368	0.0	1098.0
DOU32_RS14710	50	98.69	229	3	0	1	229	5199	4971	1.5399999999999999e-114	407.0
DOU32_RS14725	50	97.714	350	8	0	1	350	308	657	2.849999999999999e-173	603.0
DOU31_RS14350	56	99.72	357	1	0	1	357	2157	1801	0.0	654.0
DOU31_RS14355	56	97.53200000000001	1013	22	3	1	1011	1541	530	0.0	1729.0
DOU31_RS14520	50	97.714	350	8	0	1	350	308	657	2.849999999999999e-173	603.0
DOU31_RS14535	50	98.69	229	3	0	1	229	5199	4971	1.5399999999999999e-114	407.0
DOU31_RS14585	41	98.551	621	9	0	1	621	6748	7368	0.0	1098.0
DOU31_RS14595	47	98.667	225	3	0	1	225	1645	1421	2.4999999999999993e-112	399.0
DOU31_RS14600	47	98.454	194	3	0	1	194	1361	1168	3.7699999999999995e-95	342.0
DOU31_RS14610	39	98.42	1329	21	0	1	1329	2212	884	0.0	2338.0
DOU31_RS14615	39	98.006	351	7	0	1	351	887	537	1.7099999999999996e-175	610.0
DOU31_RS14625	39	100.0	111	0	0	1	111	286	176	2.62e-54	206.0
DOU31_RS14630	56	99.32700000000001	297	2	0	1	297	3482	3186	6.829999999999998e-154	538.0
DOU31_RS14635	56	99.87200000000001	783	1	0	1	783	2932	2150	0.0	1441.0
DOU31_RS14780	50	99.715	351	1	0	1	351	308	658	0.0	643.0
DOU31_RS14905	45	98.319	357	3	1	1	357	3684	3331	2.2299999999999997e-179	623.0
DOU31_RS14910	45	96.38	3895	125	8	1	3882	7637	3746	0.0	6397.0
DOU31_RS14940	42	95.402	261	12	0	1	261	5165	5425	3.0099999999999995e-117	416.0
DOU31_RS14950	42	96.85	381	12	0	1	381	4176	4556	0.0	638.0
DOU31_RS14980	56	95.57799999999999	294	13	0	1	294	3482	3189	7.099999999999998e-134	472.0
DOU31_RS15035	47	96.785	622	19	1	1	621	2564	1943	0.0	1037.0
DR75_RS00025	20	99.146	2226	19	0	1	2226	22993	20768	0.0	4006.0
DR75_RS00030	20	96.38600000000001	2352	79	3	1	2352	25325	22980	0.0	3868.0
DR75_RS00075	56	99.303	287	2	0	1	287	3482	3196	2.4199999999999995e-148	520.0
DR75_RS15315	39	100.0	111	0	0	1	111	286	176	2.62e-54	206.0
DR75_RS00080	53	100.0	606	0	0	1	606	3267	3872	0.0	1120.0
DR75_RS15320	53	99.865	2973	1	3	1	2970	3136	164	0.0	5465.0
DR75_RS00190	20	100.0	339	0	0	1	339	10265	9927	1.629999999999999e-180	627.0
DR75_RS00195	20	100.0	411	0	0	1	411	10761	10351	0.0	760.0
DR75_RS00200	20	100.0	729	0	0	1	729	11700	10972	0.0	1347.0
DR75_RS00205	20	100.0	1260	0	0	1	1260	13608	12349	0.0	2327.0
DR75_RS00210	20	98.333	780	13	0	1	780	14387	13608	0.0	1369.0
DR75_RS00215	20	97.279	147	4	0	1	147	14764	14618	1.6499999999999997e-67	250.0
DR75_RS00220	20	97.31200000000001	186	5	0	1	186	14979	14794	2.0999999999999996e-87	316.0
DR75_RS00225	20	97.82600000000001	276	6	0	1	276	16057	15782	1.3999999999999998e-135	477.0
DR75_RS00230	20	100.0	267	0	0	1	267	16316	16050	1.3399999999999996e-140	494.0
DR75_RS00235	20	96.41	585	21	0	1	585	17011	16427	0.0	965.0
DR75_RS00240	20	97.84200000000001	417	9	0	1	417	17451	17035	0.0	721.0
DR75_RS00250	20	97.963	491	10	0	1	491	18043	17553	0.0	852.0
DR75_RS00255	20	99.625	267	1	0	1	267	18342	18076	6.219999999999998e-139	488.0
DR75_RS00290	55	98.84100000000001	345	4	0	1	345	112	456	3.599999999999999e-177	616.0
DR75_RS00325	41	98.068	621	12	0	1	621	6748	7368	0.0	1081.0
DR75_RS00330	47	95.86	314	13	0	2	315	1952	1639	5.6999999999999975e-145	508.0
DR75_RS00330	41	95.223	314	15	0	2	315	7359	7672	1.2299999999999997e-141	497.0
DR75_RS00335	47	98.667	225	3	0	1	225	1645	1421	2.4999999999999993e-112	399.0
DR75_RS00350	39	99.398	1329	8	0	1	1329	2212	884	0.0	2410.0
DR75_RS00355	39	98.006	351	7	0	1	351	887	537	1.7099999999999996e-175	610.0
DR75_RS00385	58	98.539	1506	22	0	1	1506	2032	527	0.0	2660.0
DR75_RS00395	53	100.0	606	0	0	1	606	3267	3872	0.0	1120.0
DR75_RS15350	53	99.765	2973	3	4	1	2969	3136	164	0.0	5448.0
DR75_RS00415	45	96.45100000000001	2226	79	0	1	2226	5971	3746	0.0	3674.0
DR75_RS00420	45	98.319	357	3	1	1	357	3684	3331	2.2299999999999997e-179	623.0
DR75_RS00540	50	98.289	1344	23	0	1	1344	2518	1175	0.0	2355.0
DR75_RS00545	50	99.87100000000001	774	1	0	1	774	3291	2518	0.0	1424.0
DR75_RS00550	50	97.07	546	16	0	1	546	3986	3441	0.0	920.0
DR75_RS00555	50	98.958	192	2	0	1	192	4201	4010	9.959999999999998e-96	344.0
DR75_RS00560	50	99.462	186	1	0	1	186	4371	4186	4.4699999999999986e-94	339.0
DR75_RS00580	27	97.023	1310	39	0	5	1314	26722	28031	0.0	2204.0
DR75_RS00585	40	98.507	201	3	0	1	201	9996	9796	4.839999999999998e-99	355.0
DR75_RS00595	40	99.51700000000001	207	1	0	1	207	10400	10606	1.0699999999999997e-105	377.0
DR75_RS00600	40	99.479	192	1	0	1	192	10640	10831	2.1399999999999994e-97	350.0
DR75_RS00615	59	98.95100000000001	1239	13	0	1	1239	669	1907	0.0	2217.0
EF_RS15785	56	96.446	1013	33	3	1	1011	1541	530	0.0	1668.0
EF_RS15805	42	96.06299999999999	381	15	0	1	381	4176	4556	8.599999999999998e-179	621.0
EF_RS15810	42	95.62299999999999	297	13	0	1	297	5129	5425	1.5599999999999996e-135	477.0
EF_RS15825	45	96.919	357	8	1	1	357	3684	3331	4.8599999999999985e-171	595.0
EF_RS15935	50	97.07	546	16	0	1	546	3986	3441	0.0	920.0
EF_RS15940	50	98.958	192	2	0	1	192	4201	4010	9.959999999999998e-96	344.0
EF_RS15945	50	99.462	186	1	0	1	186	4371	4186	4.4699999999999986e-94	339.0
EF_RS15955	50	99.12700000000001	229	2	0	1	229	5199	4971	3.2999999999999994e-116	412.0
EF_RS15965	51	98.234	453	8	0	1	453	4105	3653	0.0	793.0
EF_RS15975	51	96.885	321	10	0	1	321	2879	2559	7.419999999999998e-154	538.0
EF_RS16060	56	98.316	297	5	0	1	297	3482	3186	6.8799999999999975e-149	521.0
EF_RS16065	56	99.234	783	6	0	1	783	2932	2150	0.0	1413.0
EF_RS16070	56	99.16	357	3	0	1	357	2157	1801	0.0	643.0
EF_RS16115	47	96.624	622	20	1	1	621	2564	1943	0.0	1031.0
EF_RS16120	41	97.428	311	8	0	2	312	7359	7669	1.1999999999999995e-151	531.0
EF_RS16120	47	96.45200000000001	310	11	0	2	311	1952	1643	4.359999999999999e-146	512.0
EF_RS16125	41	99.524	210	1	0	1	210	7666	7875	2.3299999999999993e-107	383.0
EF_RS16130	41	98.22200000000001	225	4	0	1	225	7897	8121	1.1599999999999999e-110	394.0
EF_RS16160	58	95.618	1506	66	0	1	1506	2032	527	0.0	2416.0
EF_RS16195	39	100.0	738	0	0	1	738	9389	8652	0.0	1363.0
EF_RS16285	20	97.35799999999999	2347	60	2	1	2346	25325	22980	0.0	3989.0
EF_RS16295	20	99.118	2493	22	0	1	2493	28190	25698	0.0	4482.0
EF_RS16300	20	99.564	459	2	0	1	459	28752	28294	0.0	837.0
EF_RS16305	20	100.0	390	0	0	1	390	29745	29356	0.0	721.0
EF_RS16310	20	99.63799999999999	276	1	0	1	276	30020	29745	6.399999999999998e-144	505.0
EF_RS16315	20	99.90299999999999	1035	1	0	1	1035	31044	30010	0.0	1906.0
EF_RS16320	20	99.365	315	2	0	1	315	31351	31037	7.169999999999996e-164	571.0
EF_RS16325	20	98.08200000000001	417	8	0	1	417	31767	31351	0.0	726.0
EF_RS16330	20	98.544	618	9	0	1	618	32368	31751	0.0	1092.0
EF_RS16335	20	99.214	1272	10	0	1	1272	33642	32371	0.0	2294.0
EF_RS16340	20	99.883	858	1	0	1	858	34525	33668	0.0	1580.0
EF_RS16345	20	99.545	879	4	0	1	879	35426	34548	0.0	1602.0
EF_RS16350	20	99.234	261	2	0	1	261	35697	35437	6.109999999999998e-134	472.0
EF_RS16355	45	97.662	385	9	0	1	385	3309	2925	0.0	662.0
EF_RS16360	45	98.305	354	6	0	1	354	3684	3331	7.949999999999998e-179	621.0
EF_RS16365	45	96.584	3894	128	4	1	3891	7637	3746	0.0	6449.0
EF_RS16380	42	96.633	297	10	0	1	297	5129	5425	1.5499999999999997e-140	494.0
EF_RS16455	1	97.245	363	10	0	1	363	457574	457936	3.7999999999999987e-177	616.0
EF_RS16465	47	96.785	622	19	1	1	621	2564	1943	0.0	1037.0
EF_RS16470	47	97.917	288	6	0	1	288	1926	1639	3.1199999999999993e-142	499.0
EF_RS16470	41	97.569	288	7	0	1	288	7385	7672	1.4499999999999998e-140	494.0
EF_RS16475	47	97.77799999999999	225	5	0	1	225	1645	1421	5.409999999999999e-109	388.0
EF_RS16480	47	95.238	210	10	0	1	210	1361	1152	2.3799999999999994e-92	333.0
EF_RS16490	39	98.796	1329	16	0	1	1329	2212	884	0.0	2366.0
EF_RS16495	39	97.721	351	8	0	1	351	887	537	7.939999999999997e-174	604.0
EF_RS16500	39	98.198	111	2	0	1	111	286	176	5.679999999999998e-51	195.0
EL279_RS14680	39	100.0	111	0	0	1	111	286	176	2.62e-54	206.0
EL279_RS14715	42	96.85	381	12	0	1	381	4176	4556	0.0	638.0
EL279_RS14725	42	99.346	306	2	0	1	306	5129	5434	6.999999999999998e-159	555.0
EL279_RS14730	42	97.152	2669	76	0	1	2669	5445	8113	0.0	4508.0
EL279_RS14745	45	98.88	357	1	1	1	357	3684	3331	0.0	634.0
EL279_RS14750	45	97.662	385	9	0	1	385	3309	2925	0.0	662.0
EL279_RS14755	20	99.617	261	1	0	1	261	35697	35437	1.3099999999999996e-135	477.0
EL279_RS14760	20	99.09	879	8	0	1	879	35426	34548	0.0	1580.0
EL279_RS14765	20	97.20299999999999	858	6	2	1	840	34525	33668	0.0	1435.0
EL279_RS14770	20	99.214	1272	10	0	1	1272	33642	32371	0.0	2294.0
EL279_RS14775	20	98.382	618	10	0	1	618	32368	31751	0.0	1086.0
EL279_RS14780	20	97.12200000000001	417	12	0	1	417	31767	31351	0.0	704.0
EL279_RS14790	20	100.0	300	0	0	1	300	31336	31037	6.849999999999998e-159	555.0
EL279_RS14795	20	98.647	1035	14	0	1	1035	31044	30010	0.0	1834.0
EL279_RS14800	20	99.63799999999999	276	1	0	1	276	30020	29745	6.399999999999998e-144	505.0
EL279_RS14805	20	100.0	390	0	0	1	390	29745	29356	0.0	721.0
EL279_RS14810	20	100.0	483	0	0	1	483	29324	28842	0.0	893.0
EL279_RS14815	20	100.0	459	0	0	1	459	28752	28294	0.0	848.0
EL279_RS14820	20	99.118	2493	22	0	1	2493	28190	25698	0.0	4482.0
EL279_RS14830	20	97.40100000000001	2347	59	2	1	2346	25325	22980	0.0	3995.0
EL279_RS14835	20	98.428	2226	35	0	1	2226	22993	20768	0.0	3917.0
EL279_RS14850	20	96.115	489	19	0	1	489	19422	18934	0.0	798.0
EL279_RS14945	39	100.0	84	0	0	1	84	9729	9646	1.8899999999999997e-39	156.0
EL279_RS14950	39	98.81	84	1	0	1	84	9597	9514	8.809999999999999e-38	150.0
EL279_RS14955	39	99.458	738	4	0	1	738	9389	8652	0.0	1341.0
EL279_RS14965	39	100.0	84	0	0	1	84	9729	9646	1.8899999999999997e-39	156.0
EL279_RS14975	9	100.0	498	0	0	1	498	86341	86838	0.0	920.0
EL279_RS14980	9	100.0	1953	0	0	1	1953	88862	86910	0.0	3607.0
EL279_RS14985	9	99.57799999999999	237	1	0	1	237	89105	88869	2.6099999999999995e-122	433.0
EL279_RS14995	35	97.85799999999999	887	19	0	11	897	16779	15893	0.0	1533.0
EL279_RS15075	39	100.0	84	0	0	1	84	9729	9646	1.8899999999999997e-39	156.0
EL279_RS15080	39	98.81	84	1	0	1	84	9597	9514	8.809999999999999e-38	150.0
EL279_RS15085	39	99.59299999999999	738	3	0	1	738	9389	8652	0.0	1347.0
EL279_RS15565	1	97.245	363	10	0	1	363	457574	457936	3.7999999999999987e-177	616.0
EL279_RS15640	58	95.95	1506	61	0	1	1506	2032	527	0.0	2444.0
EL279_RS15660	35	95.603	887	39	0	11	897	16779	15893	0.0	1423.0
EL279_RS15665	35	97.14299999999999	210	6	0	1	210	15816	15607	5.079999999999999e-99	355.0
EL279_RS15695	39	99.59299999999999	738	3	0	1	738	9389	8652	0.0	1347.0
EL279_RS15700	39	97.619	84	2	0	1	84	9597	9514	4.0999999999999995e-36	145.0
EL279_RS15850	11	99.89299999999999	933	1	0	1	933	67030	67962	0.0	1718.0
EL279_RS15855	11	98.291	117	2	0	1	117	68207	68323	2.79e-54	206.0
EL279_RS15860	11	97.708	1920	44	0	1	1920	68339	70258	0.0	3302.0
EL279_RS15865	11	100.0	168	0	0	1	168	70377	70544	8.689999999999998e-86	311.0
EL279_RS15870	11	100.0	354	0	0	1	354	70957	70604	0.0	654.0
EL279_RS15990	39	99.86399999999999	738	1	0	1	738	9389	8652	0.0	1358.0
EL240_RS14685	39	100.0	111	0	0	1	111	286	176	2.62e-54	206.0
EL240_RS14720	42	96.85	381	12	0	1	381	4176	4556	0.0	638.0
EL240_RS14730	42	99.346	306	2	0	1	306	5129	5434	6.999999999999998e-159	555.0
EL240_RS14735	42	97.152	2669	76	0	1	2669	5445	8113	0.0	4508.0
EL240_RS14750	45	98.88	357	1	1	1	357	3684	3331	0.0	634.0
EL240_RS14755	45	97.662	385	9	0	1	385	3309	2925	0.0	662.0
EL240_RS14760	20	99.617	261	1	0	1	261	35697	35437	1.3099999999999996e-135	477.0
EL240_RS14765	20	99.09	879	8	0	1	879	35426	34548	0.0	1580.0
EL240_RS14770	20	97.20299999999999	858	6	2	1	840	34525	33668	0.0	1435.0
EL240_RS14775	20	99.214	1272	10	0	1	1272	33642	32371	0.0	2294.0
EL240_RS14780	20	98.382	618	10	0	1	618	32368	31751	0.0	1086.0
EL240_RS14785	20	97.12200000000001	417	12	0	1	417	31767	31351	0.0	704.0
EL240_RS14795	20	100.0	300	0	0	1	300	31336	31037	6.849999999999998e-159	555.0
EL240_RS14800	20	98.647	1035	14	0	1	1035	31044	30010	0.0	1834.0
EL240_RS14805	20	99.63799999999999	276	1	0	1	276	30020	29745	6.399999999999998e-144	505.0
EL240_RS14810	20	100.0	390	0	0	1	390	29745	29356	0.0	721.0
EL240_RS14815	20	100.0	483	0	0	1	483	29324	28842	0.0	893.0
EL240_RS14820	20	100.0	459	0	0	1	459	28752	28294	0.0	848.0
EL240_RS14825	20	99.118	2493	22	0	1	2493	28190	25698	0.0	4482.0
EL240_RS14835	20	97.40100000000001	2347	59	2	1	2346	25325	22980	0.0	3995.0
EL240_RS14840	20	98.428	2226	35	0	1	2226	22993	20768	0.0	3917.0
EL240_RS14855	20	96.115	489	19	0	1	489	19422	18934	0.0	798.0
EL240_RS14950	39	100.0	84	0	0	1	84	9729	9646	1.8899999999999997e-39	156.0
EL240_RS14955	39	98.81	84	1	0	1	84	9597	9514	8.809999999999999e-38	150.0
EL240_RS14960	39	99.458	738	4	0	1	738	9389	8652	0.0	1341.0
EL240_RS14970	39	100.0	84	0	0	1	84	9729	9646	1.8899999999999997e-39	156.0
EL240_RS14980	9	100.0	498	0	0	1	498	86341	86838	0.0	920.0
EL240_RS14985	9	100.0	1953	0	0	1	1953	88862	86910	0.0	3607.0
EL240_RS14990	9	99.57799999999999	237	1	0	1	237	89105	88869	2.6099999999999995e-122	433.0
EL240_RS15000	35	97.85799999999999	887	19	0	11	897	16779	15893	0.0	1533.0
EL240_RS15080	39	100.0	84	0	0	1	84	9729	9646	1.8899999999999997e-39	156.0
EL240_RS15085	39	98.81	84	1	0	1	84	9597	9514	8.809999999999999e-38	150.0
EL240_RS15090	39	99.59299999999999	738	3	0	1	738	9389	8652	0.0	1347.0
EL240_RS15570	1	97.245	363	10	0	1	363	457574	457936	3.7999999999999987e-177	616.0
EL240_RS15645	58	95.95	1506	61	0	1	1506	2032	527	0.0	2444.0
EL240_RS15665	35	95.603	887	39	0	11	897	16779	15893	0.0	1423.0
EL240_RS15670	35	97.14299999999999	210	6	0	1	210	15816	15607	5.079999999999999e-99	355.0
EL240_RS15700	39	99.59299999999999	738	3	0	1	738	9389	8652	0.0	1347.0
EL240_RS15705	39	97.619	84	2	0	1	84	9597	9514	4.0999999999999995e-36	145.0
EL240_RS15855	11	99.89299999999999	933	1	0	1	933	67030	67962	0.0	1718.0
EL240_RS15860	11	98.291	117	2	0	1	117	68207	68323	2.79e-54	206.0
EL240_RS15865	11	97.708	1920	44	0	1	1920	68339	70258	0.0	3302.0
EL240_RS15870	11	100.0	168	0	0	1	168	70377	70544	8.689999999999998e-86	311.0
EL240_RS15875	11	100.0	354	0	0	1	354	70957	70604	0.0	654.0
EL240_RS15995	39	99.86399999999999	738	1	0	1	738	9389	8652	0.0	1358.0
FOV01_RS13365	42	96.405	306	11	0	1	306	5129	5434	7.149999999999999e-144	505.0
FOV01_RS13400	20	99.48700000000001	390	2	0	1	390	29745	29356	0.0	710.0
FOV01_RS13405	20	98.913	276	3	0	1	276	30020	29745	1.3899999999999995e-140	494.0
FOV01_RS13410	20	99.61399999999999	1035	4	0	1	1035	31044	30010	0.0	1890.0
FOV01_RS13415	20	99.365	315	2	0	1	315	31351	31037	7.169999999999996e-164	571.0
FOV01_RS13420	20	98.465	391	6	0	1	391	31767	31377	0.0	689.0
FOV01_RS13425	20	98.544	618	9	0	1	618	32368	31751	0.0	1092.0
FOV01_RS13430	20	100.0	141	0	0	6	146	32511	32371	7.559999999999999e-71	261.0
FOV01_RS13435	20	99.038	1143	10	1	1	1142	33642	32500	0.0	2049.0
FOV01_RS13440	20	97.552	858	12	1	1	849	34525	33668	0.0	1459.0
FOV01_RS13445	20	98.86200000000001	879	10	0	1	879	35426	34548	0.0	1568.0
FOV01_RS13450	20	98.46700000000001	261	4	0	1	261	35697	35437	1.3199999999999997e-130	460.0
FOV01_RS13460	45	98.59899999999999	357	2	1	1	357	3684	3331	0.0	628.0
FOV01_RS13510	56	97.93799999999999	291	6	0	1	291	3482	3192	6.929999999999999e-144	505.0
FOV01_RS13515	35	98.324	179	3	0	6	184	774	596	7.439999999999999e-87	315.0
FOV01_RS13520	41	99.556	225	1	0	1	225	7897	8121	1.1499999999999997e-115	411.0
FOV01_RS13525	41	98.565	209	3	0	2	210	7667	7875	1.81e-103	370.0
FOV01_RS13550	20	97.955	489	10	0	1	489	19422	18934	0.0	848.0
FOV01_RS13565	20	96.631	2226	75	0	1	2226	22993	20768	0.0	3696.0
FOV01_RS13570	20	97.78399999999999	2347	50	2	1	2346	25325	22980	0.0	4045.0
FOV01_RS13580	20	98.315	2493	42	0	1	2493	28190	25698	0.0	4372.0
FOV01_RS13640	35	99.398	1163	7	0	1	1163	16855	18017	0.0	2109.0
FOV01_RS13760	56	97.93799999999999	291	6	0	1	291	3482	3192	6.929999999999999e-144	505.0
FOV01_RS13765	39	100.0	111	0	0	1	111	286	176	2.62e-54	206.0
FOV01_RS13775	39	96.866	351	11	0	1	351	887	537	7.989999999999998e-169	588.0
FOV01_RS13780	39	99.699	1329	4	0	1	1329	2212	884	0.0	2433.0
HTG14_RS00045	35	95.238	210	10	0	1	210	15816	15607	2.3799999999999994e-92	333.0
HTG14_RS00070	39	99.322	738	5	0	1	738	9389	8652	0.0	1336.0
HTG14_RS00075	39	98.81	84	1	0	1	84	9597	9514	8.809999999999999e-38	150.0
HTG14_RS00080	39	100.0	84	0	0	1	84	9729	9646	1.8899999999999997e-39	156.0
HTG14_RS00095	35	99.484	1163	6	0	1	1163	16855	18017	0.0	2115.0
HTG14_RS00145	39	99.322	738	5	0	1	738	9389	8652	0.0	1336.0
HTG14_RS00150	39	98.81	84	1	0	1	84	9597	9514	8.809999999999999e-38	150.0
HTG14_RS00155	39	100.0	84	0	0	1	84	9729	9646	1.8899999999999997e-39	156.0
HTG14_RS00180	35	99.484	1163	6	0	1	1163	16855	18017	0.0	2115.0
HTG24_RS00045	56	97.251	291	8	0	1	291	3482	3192	1.4999999999999994e-140	494.0
HTG24_RS00050	39	100.0	111	0	0	1	111	286	176	2.62e-54	206.0
HTG24_RS00055	39	96.866	351	11	0	1	351	887	537	7.989999999999998e-169	588.0
HTG24_RS00060	39	99.624	1329	5	0	1	1329	2212	884	0.0	2427.0
HTG28_RS00045	35	95.238	210	10	0	1	210	15816	15607	2.3799999999999994e-92	333.0
HTG28_RS00070	39	99.322	738	5	0	1	738	9389	8652	0.0	1336.0
HTG28_RS00075	39	98.81	84	1	0	1	84	9597	9514	8.809999999999999e-38	150.0
HTG28_RS00080	39	100.0	84	0	0	1	84	9729	9646	1.8899999999999997e-39	156.0
HTG28_RS00095	35	99.484	1163	6	0	1	1163	16855	18017	0.0	2115.0
HTG28_RS00145	39	99.322	738	5	0	1	738	9389	8652	0.0	1336.0
HTG28_RS00150	39	98.81	84	1	0	1	84	9597	9514	8.809999999999999e-38	150.0
HTG28_RS00155	39	98.81	84	1	0	1	84	9729	9646	8.809999999999999e-38	150.0
HTG28_RS00180	35	99.484	1163	6	0	1	1163	16855	18017	0.0	2115.0
HTG27_RS00045	35	95.238	210	10	0	1	210	15816	15607	2.3799999999999994e-92	333.0
HTG27_RS00070	39	99.322	738	5	0	1	738	9389	8652	0.0	1336.0
HTG27_RS00075	39	98.81	84	1	0	1	84	9597	9514	8.809999999999999e-38	150.0
HTG27_RS00080	39	100.0	84	0	0	1	84	9729	9646	1.8899999999999997e-39	156.0
HTG27_RS00095	35	99.484	1163	6	0	1	1163	16855	18017	0.0	2115.0
HTG27_RS00145	39	99.322	738	5	0	1	738	9389	8652	0.0	1336.0
HTG27_RS00150	39	98.81	84	1	0	1	84	9597	9514	8.809999999999999e-38	150.0
HTG27_RS00155	39	98.81	84	1	0	1	84	9729	9646	8.809999999999999e-38	150.0
HTG27_RS00180	35	99.484	1163	6	0	1	1163	16855	18017	0.0	2115.0
HTG21_RS00045	35	95.238	210	10	0	1	210	15816	15607	2.3799999999999994e-92	333.0
HTG21_RS00070	39	99.322	738	5	0	1	738	9389	8652	0.0	1336.0
HTG21_RS00075	39	98.81	84	1	0	1	84	9597	9514	8.809999999999999e-38	150.0
HTG21_RS00080	39	100.0	84	0	0	1	84	9729	9646	1.8899999999999997e-39	156.0
HTG21_RS00095	35	99.484	1163	6	0	1	1163	16855	18017	0.0	2115.0
HTG21_RS00145	39	99.322	738	5	0	1	738	9389	8652	0.0	1336.0
HTG21_RS00150	39	98.81	84	1	0	1	84	9597	9514	8.809999999999999e-38	150.0
HTG21_RS00175	35	99.484	1163	6	0	1	1163	16855	18017	0.0	2115.0
HTG44_RS00045	35	95.238	210	10	0	1	210	15816	15607	2.3799999999999994e-92	333.0
HTG44_RS00070	39	99.322	738	5	0	1	738	9389	8652	0.0	1336.0
HTG44_RS00075	39	98.81	84	1	0	1	84	9597	9514	8.809999999999999e-38	150.0
HTG44_RS00080	39	100.0	84	0	0	1	84	9729	9646	1.8899999999999997e-39	156.0
HTG44_RS00095	35	99.484	1163	6	0	1	1163	16855	18017	0.0	2115.0
HTG44_RS00145	39	99.322	738	5	0	1	738	9389	8652	0.0	1336.0
HTG44_RS00150	39	96.471	85	2	1	1	85	9597	9514	1.94e-34	139.0
HTG44_RS00155	39	100.0	84	0	0	1	84	9729	9646	1.8899999999999997e-39	156.0
HTG44_RS00180	35	99.484	1163	6	0	1	1163	16855	18017	0.0	2115.0
HTK17_RS00015	9	100.0	486	0	0	1	486	86341	86826	0.0	898.0
HTK17_RS00030	39	98.81	84	1	0	1	84	9597	9514	8.809999999999999e-38	150.0
HTK17_RS00035	39	100.0	84	0	0	1	84	9729	9646	1.8899999999999997e-39	156.0
HTK17_RS00180	41	96.53200000000001	519	18	0	1	519	8482	9000	0.0	859.0
HTK17_RS00200	54	98.462	195	2	1	1	195	1949	1756	3.6399999999999994e-95	342.0
HTK17_RS00295	50	99.559	454	1	1	1	453	1628	1175	0.0	826.0
HTK17_RS00300	50	100.0	166	0	0	1	166	982	1147	1.12e-84	307.0
HTK17_RS00305	50	99.715	351	1	0	1	351	308	658	0.0	643.0
HTK17_RS00400	11	99.501	1002	5	0	1	1002	66032	67033	0.0	1823.0
HTK17_RS00405	11	99.786	933	2	0	1	933	67030	67962	0.0	1712.0
HTK17_RS00410	11	96.581	117	4	0	1	117	68207	68323	6.049999999999999e-51	195.0
HTK17_RS00415	11	95.99	1920	77	0	1	1920	68339	70258	0.0	3120.0
HTK17_RS00480	39	100.0	84	0	0	1	84	9729	9646	1.8899999999999997e-39	156.0
HTK17_RS00485	39	98.81	84	1	0	1	84	9597	9514	8.809999999999999e-38	150.0
HTK17_RS00490	39	99.458	738	4	0	1	738	9389	8652	0.0	1341.0
HTK17_RS00500	35	95.49	887	40	0	11	897	16779	15893	0.0	1417.0
HTK17_RS00510	35	97.07	273	8	0	1	273	15590	15318	1.3899999999999995e-130	460.0
HTL21_RS00085	11	95.93799999999999	1920	78	0	1	1920	68339	70258	0.0	3114.0
HTL21_RS00090	11	96.581	117	4	0	1	117	68207	68323	6.049999999999999e-51	195.0
HTL21_RS00095	11	99.786	933	2	0	1	933	67030	67962	0.0	1712.0
HTL21_RS00100	11	99.501	1002	5	0	1	1002	66032	67033	0.0	1823.0
HTL02_RS00160	11	95.93799999999999	1920	78	0	1	1920	68339	70258	0.0	3114.0
HTL02_RS00165	11	96.581	117	4	0	1	117	68207	68323	6.049999999999999e-51	195.0
HTL02_RS00170	11	99.786	933	2	0	1	933	67030	67962	0.0	1712.0
HTL02_RS00175	11	99.501	1002	5	0	1	1002	66032	67033	0.0	1823.0
HTL57_RS00225	54	96.226	265	10	0	9	273	1144	880	8.419999999999997e-123	435.0
HTL57_RS00300	47	95.08200000000001	610	29	1	1	609	2564	1955	0.0	959.0
HTM13_RS00030	56	97.288	295	8	0	1	295	3482	3188	8.959999999999996e-143	501.0
HTM13_RS00035	56	97.95700000000001	783	16	0	1	783	2932	2150	0.0	1358.0
HTM13_RS00040	56	98.039	357	7	0	1	357	2157	1801	8.029999999999995e-179	621.0
HTM13_RS00085	11	95.93799999999999	1920	78	0	1	1920	68339	70258	0.0	3114.0
HTM13_RS00095	11	99.786	933	2	0	1	933	67030	67962	0.0	1712.0
HTM13_RS00100	11	99.501	1002	5	0	1	1002	66032	67033	0.0	1823.0
HTM13_RS00110	11	100.0	1146	0	0	1	1146	62710	63855	0.0	2117.0
HTQ42_RS00080	50	100.0	166	0	0	1	166	982	1147	1.12e-84	307.0
HTQ42_RS00085	50	99.405	1345	6	2	1	1344	2518	1175	0.0	2438.0
HTQ42_RS00090	50	95.76899999999999	780	27	3	1	780	3291	2518	0.0	1253.0
HTQ42_RS00095	50	95.43	547	25	0	1	547	3986	3440	0.0	872.0
HTQ42_RS00100	50	100.0	192	0	0	1	192	4201	4010	4.599999999999999e-99	355.0
HTQ42_RS00105	50	98.925	186	2	0	1	186	4371	4186	2.08e-92	333.0
HTQ42_RS00115	50	99.50200000000001	201	1	0	1	201	4667	4867	2.2399999999999998e-102	366.0
HTQ42_RS00120	50	99.12700000000001	229	2	0	1	229	5199	4971	3.2999999999999994e-116	412.0
HTQ42_RS00130	51	99.117	453	4	0	1	453	4105	3653	0.0	815.0
HTQ42_RS00135	51	98.684	152	2	0	1	152	3639	3488	1.3299999999999999e-73	270.0
HTQ42_RS00165	41	98.086	209	4	0	2	210	7667	7875	8.44e-102	364.0
HTQ42_RS00170	41	99.556	225	1	0	1	225	7897	8121	1.1499999999999997e-115	411.0
HTQ42_RS00175	41	99.42200000000001	519	3	0	1	519	8482	9000	0.0	942.0
HTQ42_RS00180	41	100.0	375	0	0	1	375	9682	9308	0.0	693.0
HTQ42_RS00185	41	100.0	912	0	0	1	912	10593	9682	0.0	1685.0
HTQ42_RS00190	58	99.867	1506	2	0	1	1506	2032	527	0.0	2771.0
HTQ42_RS00200	42	98.874	1155	13	0	1	1155	1274	2428	0.0	2061.0
HTQ42_RS00205	42	99.686	954	3	0	1	954	3414	2461	0.0	1746.0
HTQ42_RS00210	42	98.68799999999999	381	5	0	1	381	4176	4556	0.0	676.0
HTQ42_RS00215	42	99.55	222	1	0	1	222	4607	4828	5.289999999999999e-114	405.0
HTQ42_RS00220	42	95.926	270	11	0	1	270	5129	5398	6.429999999999998e-124	438.0
HTQ42_RS00225	42	97.835	2679	58	0	1	2679	5445	8123	0.0	4626.0
HTQ42_RS00240	45	97.163	141	4	0	1	141	3886	3746	3.3999999999999994e-64	239.0
HTQ42_RS00240	78	95.745	141	6	0	1	141	331	191	7.359999999999999e-61	228.0
HTQ42_RS00245	45	98.039	357	4	1	1	357	3684	3331	1.0399999999999998e-177	617.0
HTW12_RS00025	39	100.0	84	0	0	1	84	9729	9646	1.8899999999999997e-39	156.0
HTW12_RS00030	39	97.619	84	2	0	1	84	9597	9514	4.0999999999999995e-36	145.0
HTW12_RS00035	39	99.729	738	2	0	1	738	9389	8652	0.0	1352.0
HTW12_RS00115	35	97.07	273	8	0	1	273	15590	15318	1.3899999999999995e-130	460.0
HTW12_RS00125	35	95.49	887	40	0	11	897	16779	15893	0.0	1417.0
HTW12_RS00135	39	99.59299999999999	738	3	0	1	738	9389	8652	0.0	1347.0
HTW12_RS00140	39	98.81	84	1	0	1	84	9597	9514	8.809999999999999e-38	150.0
HTW12_RS00185	39	99.86399999999999	738	1	0	1	738	9389	8652	0.0	1358.0
HTW12_RS00190	39	98.81	84	1	0	1	84	9597	9514	8.809999999999999e-38	150.0
HTW12_RS00325	27	96.794	1310	42	0	5	1314	26722	28031	0.0	2187.0
HTW12_RS00385	20	96.115	489	19	0	1	489	19422	18934	0.0	798.0
HTW12_RS00395	20	98.428	2226	35	0	1	2226	22993	20768	0.0	3917.0
HTW12_RS00400	20	97.40100000000001	2347	59	2	1	2346	25325	22980	0.0	3995.0
HTW12_RS00410	20	99.118	2493	22	0	1	2493	28190	25698	0.0	4482.0
HTW12_RS00415	20	100.0	459	0	0	1	459	28752	28294	0.0	848.0
HTW12_RS00420	20	100.0	483	0	0	1	483	29324	28842	0.0	893.0
HTW12_RS00425	20	100.0	390	0	0	1	390	29745	29356	0.0	721.0
HTW12_RS00430	20	99.63799999999999	276	1	0	1	276	30020	29745	6.399999999999998e-144	505.0
HTW12_RS00435	20	98.647	1035	14	0	1	1035	31044	30010	0.0	1834.0
HTW12_RS00440	20	100.0	315	0	0	1	315	31351	31037	3.309999999999999e-167	582.0
HTW12_RS00445	20	97.12200000000001	417	12	0	1	417	31767	31351	0.0	704.0
HTW12_RS00450	20	98.382	618	10	0	1	618	32368	31751	0.0	1086.0
HTW12_RS00455	20	99.214	1272	10	0	1	1272	33642	32371	0.0	2294.0
HTW12_RS00460	20	97.319	858	5	2	1	840	34525	33668	0.0	1441.0
HTW12_RS00465	20	99.09	879	8	0	1	879	35426	34548	0.0	1580.0
HTW12_RS00470	20	99.617	261	1	0	1	261	35697	35437	1.3099999999999996e-135	477.0
HTW12_RS00475	45	97.662	385	9	0	1	385	3309	2925	0.0	662.0
HTW12_RS00480	45	98.88	357	1	1	1	357	3684	3331	0.0	634.0
HTW12_RS00495	42	97.152	2669	76	0	1	2669	5445	8113	0.0	4508.0
HTW12_RS00500	42	99.346	306	2	0	1	306	5129	5434	6.999999999999998e-159	555.0
HTW12_RS00505	42	99.55	222	1	0	1	222	4607	4828	5.289999999999999e-114	405.0
HTW12_RS00510	42	96.85	381	12	0	1	381	4176	4556	0.0	638.0
HTW12_RS00540	56	95.238	294	14	0	1	294	3482	3189	3.299999999999999e-132	466.0
HTW12_RS00545	39	100.0	111	0	0	1	111	286	176	2.62e-54	206.0
HTW12_RS00635	9	100.0	237	0	0	1	237	89105	88869	5.599999999999998e-124	438.0
HTW12_RS00640	9	100.0	1953	0	0	1	1953	88862	86910	0.0	3607.0
HTW12_RS00645	9	99.79899999999999	498	1	0	1	498	86341	86838	0.0	915.0
HTX01_RS00135	11	100.0	714	0	0	1	714	66320	67033	0.0	1319.0
HTX01_RS00140	11	99.786	933	2	0	1	933	67030	67962	0.0	1712.0
HTX01_RS00145	11	96.581	117	4	0	1	117	68207	68323	6.049999999999999e-51	195.0
HTX01_RS00150	11	95.99	1920	77	0	1	1920	68339	70258	0.0	3120.0
HTX46_RS00005	47	95.008	621	30	1	1	620	2564	1944	0.0	974.0
HTX46_RS00035	39	100.0	111	0	0	1	111	286	176	2.62e-54	206.0
HTX46_RS00040	56	97.279	294	8	0	1	294	3482	3189	3.2599999999999992e-142	499.0
HTX46_RS00070	42	96.85	381	12	0	1	381	4176	4556	0.0	638.0
HTX46_RS00075	42	99.55	222	1	0	1	222	4607	4828	5.289999999999999e-114	405.0
HTX46_RS00080	42	99.346	306	2	0	1	306	5129	5434	6.999999999999998e-159	555.0
HTX46_RS00085	42	97.152	2669	76	0	1	2669	5445	8113	0.0	4508.0
HTX46_RS00100	45	98.88	357	1	1	1	357	3684	3331	0.0	634.0
HTX46_RS00105	45	97.662	385	9	0	1	385	3309	2925	0.0	662.0
HTX46_RS00110	20	99.617	261	1	0	1	261	35697	35437	1.3099999999999996e-135	477.0
HTX46_RS00115	20	99.09	879	8	0	1	879	35426	34548	0.0	1580.0
HTX46_RS00120	20	97.319	858	5	2	1	840	34525	33668	0.0	1441.0
HTX46_RS00125	20	99.214	1272	10	0	1	1272	33642	32371	0.0	2294.0
HTX46_RS00130	20	98.382	618	10	0	1	618	32368	31751	0.0	1086.0
HTX46_RS00135	20	97.12200000000001	417	12	0	1	417	31767	31351	0.0	704.0
HTX46_RS00140	20	100.0	315	0	0	1	315	31351	31037	3.309999999999999e-167	582.0
HTX46_RS00145	20	98.647	1035	14	0	1	1035	31044	30010	0.0	1834.0
HTX46_RS00150	20	99.275	276	2	0	1	276	30020	29745	2.9799999999999994e-142	499.0
HTX46_RS00155	20	100.0	390	0	0	1	390	29745	29356	0.0	721.0
HTX46_RS00160	20	100.0	483	0	0	1	483	29324	28842	0.0	893.0
HTX46_RS00165	20	99.78200000000001	459	1	0	1	459	28752	28294	0.0	843.0
HTX46_RS00170	20	99.51899999999999	2493	12	0	1	2493	28190	25698	0.0	4538.0
HTX46_RS00175	20	97.28399999999999	405	11	0	1	405	25741	25337	0.0	688.0
HTX46_RS00180	20	98.679	2346	31	0	1	2346	25325	22980	0.0	4161.0
HTX46_RS00185	20	98.428	2226	35	0	1	2226	22993	20768	0.0	3917.0
HTX46_RS00195	20	96.115	489	19	0	1	489	19422	18934	0.0	798.0
A6B47_RS14480	51	96.273	322	9	3	1	320	2879	2559	5.759999999999998e-150	525.0
A6B47_RS14490	51	95.935	246	10	0	1	246	2451	2206	2.749999999999999e-112	399.0
A6B47_RS14520	39	97.126	174	2	1	1	171	3209	3036	1.1799999999999999e-79	291.0
A6B47_RS14545	55	96.37700000000001	414	11	2	1	413	1680	1270	0.0	678.0
A6B47_RS14630	1	96.325	1034	26	1	2	1023	272500	273533	0.0	1688.0
A6B47_RS14645	48	95.833	192	8	0	1	192	3384	3193	1.0099999999999998e-85	311.0
A6B47_RS14655	67	96.667	150	5	0	1	150	1309	1458	1.6899999999999997e-67	250.0
A6B47_RS14690	67	95.76299999999999	118	5	0	1	118	697	814	7.979999999999999e-50	191.0
A6B47_RS14970	56	98.016	1008	20	0	1	1008	1541	534	0.0	1751.0
A6B47_RS14980	42	99.134	1155	10	0	1	1155	1274	2428	0.0	2078.0
A6B47_RS14985	42	99.686	954	3	0	1	954	3414	2461	0.0	1746.0
A6B47_RS14995	42	98.039	306	6	0	1	306	5129	5434	3.279999999999999e-152	532.0
A6B47_RS15000	42	97.835	2679	58	0	1	2679	5445	8123	0.0	4626.0
A6B47_RS15010	45	97.175	354	10	0	1	354	3684	3331	3.729999999999999e-172	599.0
A6B47_RS15015	20	98.96600000000001	387	4	0	1	387	36151	35765	0.0	693.0
A6B47_RS15020	20	99.617	261	1	0	1	261	35697	35437	1.3099999999999996e-135	477.0
A6B47_RS15025	20	99.545	879	4	0	1	879	35426	34548	0.0	1602.0
A6B47_RS15030	20	99.184	858	7	0	1	858	34525	33668	0.0	1546.0
A6B47_RS15035	20	99.057	1272	12	0	1	1272	33642	32371	0.0	2283.0
A6B47_RS15040	20	98.544	618	9	0	1	618	32368	31751	0.0	1092.0
A6B47_RS15045	20	97.602	417	10	0	1	417	31767	31351	0.0	715.0
A6B47_RS15050	20	100.0	315	0	0	1	315	31351	31037	3.309999999999999e-167	582.0
A6B47_RS15055	20	98.551	1035	15	0	1	1035	31044	30010	0.0	1829.0
A6B47_RS15060	20	99.63799999999999	276	1	0	1	276	30020	29745	6.399999999999998e-144	505.0
A6B47_RS15065	20	100.0	390	0	0	1	390	29745	29356	0.0	721.0
A6B47_RS15070	20	100.0	483	0	0	1	483	29324	28842	0.0	893.0
A6B47_RS15075	20	100.0	459	0	0	1	459	28752	28294	0.0	848.0
A6B47_RS15080	20	99.198	2493	20	0	1	2493	28190	25698	0.0	4494.0
A6B47_RS15085	20	97.037	405	12	0	1	405	25741	25337	0.0	682.0
A6B47_RS15090	20	98.21	2346	42	0	1	2346	25325	22980	0.0	4100.0
A6B47_RS15095	20	99.07	2259	21	0	1	2259	22993	20735	0.0	4056.0
A6B47_RS15105	20	99.74600000000001	786	2	0	1	786	20213	19428	0.0	1441.0
A6B47_RS15110	20	98.773	489	6	0	1	489	19422	18934	0.0	870.0
A6B47_RS15115	20	98.876	267	3	0	1	267	18342	18076	1.3499999999999997e-135	477.0
A6B47_RS15120	20	98.182	495	9	0	1	495	18043	17549	0.0	865.0
A6B47_RS15125	20	99.76	417	1	0	1	417	17451	17035	0.0	765.0
A6B47_RS15140	20	99.24799999999999	266	2	0	2	267	16315	16050	1.0399999999999998e-136	481.0
A6B47_RS15145	20	98.18799999999999	276	5	0	1	276	16057	15782	2.9999999999999993e-137	483.0
A6B47_RS15155	20	96.774	186	6	0	1	186	14979	14794	9.749999999999998e-86	311.0
A6B47_RS15160	20	95.31200000000001	192	9	0	1	192	14809	14618	4.699999999999999e-84	305.0
A6B47_RS15165	20	95.647	781	32	2	1	780	14387	13608	0.0	1253.0
A6B47_RS15170	20	99.365	1260	8	0	1	1260	13608	12349	0.0	2283.0
A6B47_RS15180	20	96.571	729	25	0	1	729	11700	10972	0.0	1208.0
A6B47_RS15190	20	99.115	339	3	0	1	339	10265	9927	1.6399999999999993e-175	610.0
A6B47_RS15240	41	99.51700000000001	621	3	0	1	621	6748	7368	0.0	1131.0
A6B47_RS15245	47	96.178	314	12	0	2	315	1952	1639	1.2299999999999997e-146	514.0
A6B47_RS15245	41	95.541	314	14	0	2	315	7359	7672	2.6499999999999995e-143	503.0
A6B47_RS15250	47	98.667	225	3	0	1	225	1645	1421	2.4999999999999993e-112	399.0
A6B47_RS15265	39	99.324	1332	6	2	1	1332	2212	884	0.0	2407.0
A6B47_RS15270	39	100.0	351	0	0	1	351	887	537	0.0	649.0
A6B47_RS15280	39	100.0	111	0	0	1	111	286	176	2.62e-54	206.0
A6B47_RS15285	56	100.0	297	0	0	1	297	3482	3186	3.1599999999999996e-157	549.0
A6B47_RS15290	56	99.87200000000001	783	1	0	1	783	2932	2150	0.0	1441.0
A6B47_RS15295	56	100.0	357	0	0	1	357	2157	1801	0.0	660.0
DTO64_RS15955	39	98.81	84	1	0	1	84	9597	9514	8.809999999999999e-38	150.0
DTO64_RS15960	39	99.86399999999999	738	1	0	1	738	9389	8652	0.0	1358.0
DTO64_RS16025	35	95.603	887	39	0	11	897	16779	15893	0.0	1423.0
DTO64_RS16030	35	98.095	210	4	0	1	210	15816	15607	2.3499999999999993e-102	366.0
DTO64_RS16035	35	99.26700000000001	273	2	0	1	273	15590	15318	1.3699999999999999e-140	494.0
DTO64_RS16065	56	99.72	357	1	0	1	357	2157	1801	0.0	654.0
DTO64_RS16070	56	99.361	783	5	0	1	783	2932	2150	0.0	1419.0
DTO64_RS16190	20	98.62100000000001	580	8	0	30	609	32330	31751	0.0	1027.0
DTO64_RS16195	20	97.602	417	10	0	1	417	31767	31351	0.0	715.0
DTO64_RS16200	20	99.365	315	2	0	1	315	31351	31037	7.169999999999996e-164	571.0
DTO64_RS16205	20	99.90299999999999	1035	1	0	1	1035	31044	30010	0.0	1906.0
DTO64_RS16210	20	99.63799999999999	276	1	0	1	276	30020	29745	6.399999999999998e-144	505.0
DTO64_RS16215	20	100.0	390	0	0	1	390	29745	29356	0.0	721.0
DTO64_RS16220	20	100.0	483	0	0	1	483	29324	28842	0.0	893.0
DTO64_RS16225	20	99.78200000000001	459	1	0	1	459	28752	28294	0.0	843.0
DTO64_RS16230	20	99.198	2493	20	0	1	2493	28190	25698	0.0	4494.0
DTO64_RS16240	20	96.624	1866	60	3	20	1884	25305	23442	0.0	3094.0
DTO64_RS16250	20	96.993	2328	66	4	20	2345	25305	22980	0.0	3908.0
DTO64_RS16255	20	99.557	2259	10	0	1	2259	22993	20735	0.0	4117.0
DTO64_RS16260	20	100.0	786	0	0	1	786	20213	19428	0.0	1452.0
DTO64_RS16265	20	100.0	489	0	0	1	489	19422	18934	0.0	904.0
DTO64_RS16275	20	100.0	267	0	0	1	267	18342	18076	1.3399999999999996e-140	494.0
DTO64_RS16280	20	100.0	495	0	0	1	495	18043	17549	0.0	915.0
DTO64_RS16285	20	100.0	417	0	0	1	417	17451	17035	0.0	771.0
DTO64_RS16290	20	100.0	585	0	0	1	585	17011	16427	0.0	1081.0
DTO64_RS16295	20	100.0	267	0	0	1	267	16316	16050	1.3399999999999996e-140	494.0
DTO64_RS16300	20	100.0	276	0	0	1	276	16057	15782	1.3799999999999997e-145	510.0
DTO64_RS16310	20	100.0	186	0	0	1	186	14979	14794	9.609999999999997e-96	344.0
DTO64_RS16315	20	100.0	147	0	0	1	147	14764	14618	3.5199999999999997e-74	272.0
DTO64_RS16320	20	98.333	780	13	0	1	780	14387	13608	0.0	1369.0
DTO64_RS16325	20	98.571	1260	18	0	1	1260	13608	12349	0.0	2228.0
DTO64_RS16335	20	97.119	729	21	0	1	729	11700	10972	0.0	1230.0
DTO64_RS16340	20	96.594	411	14	0	1	411	10761	10351	0.0	682.0
DTO64_RS16345	20	97.935	339	7	0	1	339	10265	9927	7.699999999999997e-169	588.0
DTO64_RS16350	20	96.667	660	22	0	1	660	9712	9053	0.0	1098.0
DTO64_RS16380	55	99.13	345	3	0	1	345	112	456	7.739999999999998e-179	621.0
DTO64_RS16495	1	97.245	363	10	0	1	363	457574	457936	3.7999999999999987e-177	616.0
DTO64_RS16505	47	96.785	622	19	1	1	621	2564	1943	0.0	1037.0
DTO64_RS16510	47	97.917	288	6	0	1	288	1926	1639	3.1199999999999993e-142	499.0
DTO64_RS16510	41	97.569	288	7	0	1	288	7385	7672	1.4499999999999998e-140	494.0
DTO64_RS16515	47	97.77799999999999	225	5	0	1	225	1645	1421	5.409999999999999e-109	388.0
DTO64_RS16520	47	95.238	210	10	0	1	210	1361	1152	2.3799999999999994e-92	333.0
DTO64_RS16530	39	97.82600000000001	414	9	0	1	414	2212	1799	0.0	715.0
DTO64_RS16545	39	99.23899999999999	920	7	0	2	921	1803	884	0.0	1661.0
DTO64_RS16550	39	97.721	351	8	0	1	351	887	537	7.939999999999997e-174	604.0
DTO64_RS16560	39	98.198	111	2	0	1	111	286	176	5.679999999999998e-51	195.0
DTO64_RS16635	42	96.633	297	10	0	1	297	5129	5425	1.5499999999999997e-140	494.0
DTO64_RS16640	42	97.064	579	17	0	1	579	5445	6023	0.0	976.0
DTO64_RS16670	45	96.584	3894	128	4	1	3891	7637	3746	0.0	6449.0
DTO64_RS16675	45	98.305	354	6	0	1	354	3684	3331	7.949999999999998e-179	621.0
DTO64_RS16680	45	97.662	385	9	0	1	385	3309	2925	0.0	662.0
DTO64_RS16685	20	99.234	261	2	0	1	261	35697	35437	6.109999999999998e-134	472.0
DTO64_RS16690	20	99.545	879	4	0	1	879	35426	34548	0.0	1602.0
DTO64_RS16695	20	99.883	858	1	0	1	858	34525	33668	0.0	1580.0
DTO64_RS16700	20	99.921	1272	1	0	1	1272	33642	32371	0.0	2344.0
DTO64_RS16705	20	98.706	618	8	0	1	618	32368	31751	0.0	1098.0
DTO64_RS16710	20	97.602	417	10	0	1	417	31767	31351	0.0	715.0
DTO64_RS16715	20	99.365	315	2	0	1	315	31351	31037	7.169999999999996e-164	571.0
DTO64_RS16720	20	99.90299999999999	1035	1	0	1	1035	31044	30010	0.0	1906.0
DTO64_RS16725	20	99.63799999999999	276	1	0	1	276	30020	29745	6.399999999999998e-144	505.0
DTO64_RS16730	20	100.0	390	0	0	1	390	29745	29356	0.0	721.0
DTO64_RS16735	20	99.564	459	2	0	1	459	28752	28294	0.0	837.0
DTO64_RS16740	20	99.07700000000001	2493	23	0	1	2493	28190	25698	0.0	4477.0
DTO64_RS16750	20	97.35799999999999	2347	59	3	1	2345	25325	22980	0.0	3988.0
GKQ57_RS13950	56	98.016	1008	20	0	1	1008	1541	534	0.0	1751.0
GKQ57_RS13960	42	99.134	1155	10	0	1	1155	1274	2428	0.0	2078.0
GKQ57_RS13965	42	99.686	954	3	0	1	954	3414	2461	0.0	1746.0
GKQ57_RS13975	42	97.712	306	7	0	1	306	5129	5434	1.5299999999999996e-150	527.0
GKQ57_RS13980	42	97.456	2673	68	0	1	2673	5445	8117	0.0	4560.0
GKQ57_RS14000	45	97.191	356	7	1	1	356	3684	3332	3.759999999999999e-172	599.0
GKQ57_RS14120	50	96.77	774	25	0	1	774	3291	2518	0.0	1291.0
GKQ57_RS14125	50	96.196	552	21	0	1	552	3986	3435	0.0	904.0
GKQ57_RS14130	50	100.0	192	0	0	1	192	4201	4010	4.599999999999999e-99	355.0
GKQ57_RS14135	50	100.0	186	0	0	1	186	4371	4186	9.609999999999997e-96	344.0
GKQ57_RS14140	50	99.12700000000001	229	2	0	1	229	5199	4971	3.2999999999999994e-116	412.0
GKQ57_RS14145	51	99.74600000000001	393	1	0	1	393	4563	4171	0.0	721.0
GKQ57_RS14150	51	100.0	453	0	0	1	453	4105	3653	0.0	837.0
GKQ57_RS14155	51	100.0	153	0	0	1	153	3639	3487	1.6999999999999997e-77	283.0
GKQ57_RS14160	51	99.831	591	1	0	1	591	3475	2885	0.0	1086.0
GKQ57_RS14165	51	100.0	293	0	0	1	293	2756	2464	5.1999999999999985e-155	542.0
GKQ57_RS14170	51	100.0	246	0	0	1	246	2451	2206	5.789999999999998e-129	455.0
GKQ57_RS14175	51	100.0	183	0	0	1	183	2152	1970	4.3899999999999993e-94	339.0
GKQ57_RS14175	20	95.08200000000001	183	9	0	1	183	9003	8821	4.4799999999999986e-79	289.0
GKQ57_RS14180	51	100.0	717	0	0	1	717	1775	1059	0.0	1325.0
GKQ57_RS14190	20	99.37100000000001	636	4	0	1	636	5813	5178	0.0	1153.0
GKQ57_RS14195	20	100.0	468	0	0	1	468	5191	4724	0.0	865.0
GKQ57_RS14200	20	99.432	528	3	0	1	528	4721	4194	0.0	959.0
GKQ57_RS14230	41	100.0	831	0	0	1	831	78	908	0.0	1535.0
GKQ57_RS14235	41	100.0	438	0	0	1	438	2081	2518	0.0	809.0
GKQ57_RS14240	41	100.0	567	0	0	1	567	2682	3248	0.0	1048.0
GKQ57_RS14245	41	100.0	183	0	0	1	183	3280	3462	4.3899999999999993e-94	339.0
GKQ57_RS14250	41	100.0	537	0	0	1	537	3489	4025	0.0	992.0
GKQ57_RS14255	41	100.0	1059	0	0	1	1059	5212	4154	0.0	1956.0
GKQ57_RS14260	41	100.0	243	0	0	1	243	5479	5237	2.6599999999999994e-127	449.0
GKQ57_RS14265	41	100.0	213	0	0	1	213	6012	6224	1.0899999999999997e-110	394.0
GKQ57_RS14295	47	96.785	622	19	1	1	621	2564	1943	0.0	1037.0
GKQ57_RS14300	47	97.917	288	6	0	1	288	1926	1639	3.1199999999999993e-142	499.0
GKQ57_RS14300	41	97.569	288	7	0	1	288	7385	7672	1.4499999999999998e-140	494.0
GKQ57_RS14305	47	97.77799999999999	225	5	0	1	225	1645	1421	5.409999999999999e-109	388.0
GKQ57_RS14310	47	95.238	210	10	0	1	210	1361	1152	2.3799999999999994e-92	333.0
GKQ57_RS14320	39	98.495	1329	20	0	1	1329	2212	884	0.0	2344.0
GKQ57_RS14325	39	100.0	351	0	0	1	351	887	537	0.0	649.0
GKQ57_RS14330	39	100.0	111	0	0	1	111	286	176	2.62e-54	206.0
GKQ57_RS14335	56	99.663	297	1	0	1	297	3482	3186	1.4699999999999993e-155	544.0
GKQ57_RS14340	56	99.87200000000001	783	1	0	1	783	2932	2150	0.0	1441.0
GKQ57_RS14345	56	100.0	357	0	0	1	357	2157	1801	0.0	660.0
GKQ57_RS14360	20	96.98100000000001	2352	65	3	1	2352	25325	22980	0.0	3945.0
GKQ57_RS14365	20	99.057	2226	21	0	1	2226	22993	20768	0.0	3995.0
GKQ57_RS14375	20	98.569	489	7	0	1	489	19422	18934	0.0	865.0
GKQ57_RS14380	20	99.625	267	1	0	1	267	18342	18076	6.219999999999998e-139	488.0
GKQ57_RS14385	20	97.963	491	10	0	1	491	18043	17553	0.0	852.0
GKQ57_RS14395	20	97.84200000000001	417	9	0	1	417	17451	17035	0.0	721.0
GKQ57_RS14400	20	96.41	585	21	0	1	585	17011	16427	0.0	965.0
GKQ57_RS14405	20	100.0	267	0	0	1	267	16316	16050	1.3399999999999996e-140	494.0
GKQ57_RS14410	20	97.82600000000001	276	6	0	1	276	16057	15782	1.3999999999999998e-135	477.0
GKQ57_RS14415	20	97.31200000000001	186	5	0	1	186	14979	14794	2.0999999999999996e-87	316.0
GKQ57_RS14420	20	96.875	192	6	0	1	192	14809	14618	4.67e-89	322.0
GKQ57_RS14425	20	98.333	780	13	0	1	780	14387	13608	0.0	1369.0
GKQ57_RS14430	20	100.0	1260	0	0	1	1260	13608	12349	0.0	2327.0
GKQ57_RS14435	20	100.0	729	0	0	1	729	11700	10972	0.0	1347.0
GKQ57_RS14440	20	100.0	411	0	0	1	411	10761	10351	0.0	760.0
GKQ57_RS14445	20	100.0	339	0	0	1	339	10265	9927	1.629999999999999e-180	627.0
GKQ57_RS14450	20	96.552	174	6	0	1	174	9878	9705	4.239999999999999e-79	289.0
GKQ57_RS14590	35	99.14	1163	9	1	1	1162	16855	18017	0.0	2091.0
GKQ57_RS14600	41	95.556	315	14	0	1	315	7358	7672	7.379999999999998e-144	505.0
GKQ57_RS14600	47	95.238	315	15	0	1	315	1953	1639	3.429999999999999e-142	499.0
GKQ57_RS14605	47	98.22200000000001	225	4	0	1	225	1645	1421	1.1599999999999999e-110	394.0
GKQ57_RS14620	39	98.495	1329	20	0	1	1329	2212	884	0.0	2344.0
GKQ57_RS14625	39	100.0	351	0	0	1	351	887	537	0.0	649.0
GKQ57_RS14630	39	100.0	111	0	0	1	111	286	176	2.62e-54	206.0
GKQ57_RS14635	56	99.303	287	2	0	1	287	3482	3196	2.4199999999999995e-148	520.0
SAW_RS16685	50	100.0	351	0	0	1	351	308	658	0.0	649.0
SAW_RS16695	50	98.289	1344	23	0	1	1344	2518	1175	0.0	2355.0
SAW_RS16700	50	99.87100000000001	774	1	0	1	774	3291	2518	0.0	1424.0
SAW_RS16705	50	97.29299999999999	591	16	0	1	591	3986	3396	0.0	1003.0
SAW_RS16710	50	98.958	192	2	0	1	192	4201	4010	9.959999999999998e-96	344.0
SAW_RS16715	50	100.0	186	0	0	1	186	4371	4186	9.609999999999997e-96	344.0
SAW_RS16735	50	98.69	229	3	0	1	229	5199	4971	1.5399999999999999e-114	407.0
SAW_RS16745	51	98.234	453	8	0	1	453	4105	3653	0.0	793.0
SAW_RS16750	51	98.693	153	2	0	1	153	3639	3487	3.6899999999999996e-74	272.0
SAW_RS16770	20	99.242	660	5	0	1	660	9712	9053	0.0	1192.0
SAW_RS16775	20	100.0	183	0	0	1	183	9003	8821	4.3899999999999993e-94	339.0
SAW_RS16775	51	95.08200000000001	183	9	0	1	183	2152	1970	4.4799999999999986e-79	289.0
SAW_RS16780	20	99.711	693	2	0	1	693	7918	8610	0.0	1269.0
SAW_RS16785	20	98.925	1767	19	0	1	1767	7765	5999	0.0	3158.0
SAW_RS16790	20	99.369	634	3	1	3	636	5810	5178	0.0	1147.0
SAW_RS16795	20	100.0	468	0	0	1	468	5191	4724	0.0	865.0
SAW_RS16800	20	98.67399999999999	528	7	0	1	528	4721	4194	0.0	937.0
SAW_RS16850	47	96.785	622	19	1	1	621	2564	1943	0.0	1037.0
SAW_RS16855	47	97.917	288	6	0	1	288	1926	1639	3.1199999999999993e-142	499.0
SAW_RS16855	41	97.569	288	7	0	1	288	7385	7672	1.4499999999999998e-140	494.0
SAW_RS16860	47	98.667	225	3	0	1	225	1645	1421	2.4999999999999993e-112	399.0
SAW_RS16865	47	95.735	211	7	2	1	210	1361	1152	5.119999999999998e-94	339.0
SAW_RS16875	39	99.323	1329	9	0	1	1329	2212	884	0.0	2405.0
SAW_RS16880	39	97.721	351	8	0	1	351	887	537	7.939999999999997e-174	604.0
SAW_RS16890	39	98.198	111	2	0	1	111	286	176	5.679999999999998e-51	195.0
SAW_RS16960	42	96.633	297	10	0	1	297	5129	5425	1.5499999999999997e-140	494.0
SAW_RS16985	45	96.1	3897	141	10	1	3891	7637	3746	0.0	6344.0
SAW_RS16990	45	96.919	357	8	1	1	357	3684	3331	4.8599999999999985e-171	595.0
SAW_RS17290	39	100.0	738	0	0	1	738	9389	8652	0.0	1363.0
SAW_RS17295	39	98.81	84	1	0	1	84	9597	9514	8.809999999999999e-38	150.0
SAW_RS17300	39	100.0	84	0	0	1	84	9729	9646	1.8899999999999997e-39	156.0
