pAMalpha1_p1	13	100.0	1377	0	0	1	1377	46136	47512	0.0	2543.0
pAMalpha1_p3	13	100.0	1263	0	0	1	1263	48076	49338	0.0	2333.0
pMG2200_84	14	96.45700000000001	621	22	0	1	621	4295	3675	0.0	1026.0
pMG2200_104	14	99.02	306	3	0	1	306	47227	46922	2.9399999999999995e-157	549.0
pMG2200_109	14	97.81200000000001	320	7	0	1	320	39476	39157	2.3899999999999994e-158	553.0
pCF10_12	14	95.538	381	17	0	1	381	48180	47800	1.6799999999999994e-175	610.0
pCF10_13	14	98.90100000000001	273	3	0	1	273	47800	47528	5.769999999999998e-139	488.0
pCF10_14	14	97.354	189	5	0	1	189	47227	47039	4.139999999999999e-89	322.0
pCF10_17	14	96.919	357	8	1	1	357	39509	39156	4.389999999999998e-171	595.0
pCF10_32	13	98.65700000000001	2160	29	0	1	2160	31658	29499	0.0	3829.0
pCF10_33	13	98.90100000000001	273	3	0	1	273	29466	29194	5.769999999999998e-139	488.0
pCF10_34	13	96.639	357	12	0	1	357	28948	28592	1.5799999999999996e-170	593.0
pCF10_51	14	97.436	273	7	0	1	273	7313	7041	2.6999999999999993e-132	466.0
HS082_RS00015	13	98.35600000000001	669	11	0	1	669	52453	51785	0.0	1175.0
HS082_RS00020	13	97.97399999999999	1629	31	1	1	1629	51742	50116	0.0	2824.0
HS082_RS00030	14	97.9	381	8	0	1	381	48180	47800	0.0	660.0
HS082_RS00035	14	100.0	222	0	0	1	222	47749	47528	1.0299999999999998e-115	411.0
HS082_RS00050	14	95.34200000000001	365	6	2	1	365	39509	39156	2.719999999999999e-163	569.0
HS082_RS00145	13	98.84299999999999	2160	25	0	1	2160	31658	29499	0.0	3851.0
HS082_RS00150	13	99.634	273	1	0	1	273	29466	29194	2.6699999999999992e-142	499.0
HS082_RS00155	13	96.359	357	13	0	1	357	28948	28592	7.349999999999996e-169	588.0
HS082_RS00160	13	99.46600000000001	1686	9	0	1	1686	28591	26906	0.0	3064.0
HS082_RS00320	21	97.585	414	10	0	1	414	438	25	0.0	710.0
HS082_RS00390	20	95.302	596	28	0	1	596	14780	14185	0.0	946.0
HS082_RS00395	14	96.875	288	9	0	1	288	3658	3371	2.8299999999999994e-137	483.0
HS082_RS00420	14	96.825	252	8	0	1	252	2312	2061	5.439999999999999e-119	422.0
pWZ1668_p07	13	99.711	346	1	0	1	346	13713	13368	0.0	634.0
pWZ1668_p17	20	99.051	738	7	0	1	738	1076	1813	0.0	1325.0
pWZ1668_p19	20	99.331	897	6	0	1	897	9531	8635	0.0	1624.0
pWZ1668_p20	20	96.70299999999999	273	9	0	1	273	8304	8032	5.849999999999998e-129	455.0
pWZ1668_p32	20	95.81200000000001	573	24	0	1	573	7739	7167	0.0	926.0
pTW9_p01	20	99.678	621	2	0	1	621	14804	14184	0.0	1136.0
pTW9_p02	20	100.0	285	0	0	1	285	14167	13883	1.2799999999999998e-150	527.0
pTW9_p16	14	95.75200000000001	306	13	0	1	306	47227	46922	1.3999999999999994e-140	494.0
pTW9_p17	14	96.55799999999999	2673	92	0	1	2673	46911	44239	0.0	4427.0
pTW9_p20	14	97.22399999999999	3891	108	0	1	3891	43461	39571	0.0	6588.0
pTW9_p21	14	98.131	321	6	0	1	321	39476	39156	1.4299999999999992e-160	560.0
pTW9_p22	14	96.552	261	9	0	1	261	39134	38874	2.6099999999999995e-122	433.0
pTW9_p49	13	98.851	348	4	0	1	348	3594	3941	7.049999999999998e-179	621.0
pTW9_p51	13	96.007	601	24	0	1	601	20289	20889	0.0	977.0
pTW9_p55	13	95.197	687	33	0	1	687	3255	3941	0.0	1086.0
pTW9_p56	20	100.0	84	0	0	1	84	868	951	1.71e-39	156.0
pTW9_p57	20	99.59299999999999	738	3	0	1	738	1076	1813	0.0	1347.0
pTW9_p65	20	100.0	84	0	0	1	84	868	951	1.71e-39	156.0
pTW9_p66	20	99.458	738	4	0	1	738	1076	1813	0.0	1341.0
pTW9_p69	20	96.95299999999999	558	17	0	1	558	9531	8974	0.0	937.0
pTW9_p79	20	99.708	342	1	0	1	342	8976	8635	1.4899999999999992e-180	627.0
pTW9_p80	20	96.759	216	7	0	1	216	8536	8321	1.0199999999999999e-100	361.0
pTW9_p83	13	99.41799999999999	687	4	0	1	687	3255	3941	0.0	1247.0
pTW9_p84	20	96.287	781	29	0	14	794	7947	7167	0.0	1282.0
pTW9_p85	20	97.241	290	8	0	1	290	7036	6747	4.759999999999999e-140	492.0
pTW9_p86	20	100.0	597	0	0	1	597	5867	6463	0.0	1103.0
pTW9_p87	20	99.32	882	6	0	1	882	5556	4675	0.0	1596.0
pTW9_p88	20	99.62799999999999	1614	6	0	1	1614	4651	3038	0.0	2948.0
pTW9_p89	20	99.805	512	0	1	1	512	2456	2966	0.0	939.0
pTW9_p90	20	96.863	255	7	1	1	254	2455	2201	4.249999999999998e-120	425.0
pTW9_p90	20	96.471	255	8	1	1	254	7546	7292	1.9799999999999997e-118	420.0
HS307_RS00030	13	95.389	347	14	2	1	346	13713	13368	9.809999999999997e-158	551.0
HS307_RS00105	13	98.921	834	9	0	1	834	17706	16873	0.0	1491.0
HXI36_RS00045	13	97.125	939	25	2	1	938	13713	12776	0.0	1583.0
HXI36_RS00070	20	100.0	84	0	0	1	84	868	951	1.71e-39	156.0
HXI36_RS00075	20	99.458	738	4	0	1	738	1076	1813	0.0	1341.0
HXI36_RS00080	20	95.01899999999999	261	13	0	1	261	9894	9634	1.2199999999999999e-115	411.0
HXI36_RS00085	20	97.65899999999999	897	21	0	1	897	9531	8635	0.0	1541.0
HXI36_RS00090	20	96.667	210	7	0	1	210	8530	8321	2.1299999999999995e-97	350.0
HXI36_RS00250	20	95.98700000000001	897	36	0	1	897	9531	8635	0.0	1458.0
HXI36_RS00255	20	96.667	210	7	0	1	210	8530	8321	2.1299999999999995e-97	350.0
HS679_RS00035	20	99.59299999999999	738	3	0	1	738	1076	1813	0.0	1347.0
HS679_RS00040	20	97.544	285	7	0	1	285	9918	9634	6.019999999999998e-139	488.0
HS679_RS00045	20	99.331	897	6	0	1	897	9531	8635	0.0	1624.0
HS679_RS00050	20	98.571	210	3	0	1	210	8530	8321	4.5499999999999986e-104	372.0
HS679_RS00055	20	96.70299999999999	273	9	0	1	273	8304	8032	5.849999999999998e-129	455.0
HS679_RS00060	20	97.801	864	19	0	1	864	8030	7167	0.0	1491.0
D686_p06	13	99.711	346	1	0	1	346	13713	13368	0.0	634.0
D686_p32	20	99.051	738	7	0	1	738	1076	1813	0.0	1325.0
D686_p31	20	99.331	897	6	0	1	897	9531	8635	0.0	1624.0
D686_p30	20	98.148	216	4	0	1	216	8536	8321	1.0099999999999997e-105	377.0
D686_p10	20	96.70299999999999	273	9	0	1	273	8304	8032	5.849999999999998e-129	455.0
D686_p09	20	98.148	162	3	0	1	162	8030	7869	1.6399999999999995e-77	283.0
D686_p11	20	96.439	702	25	0	1	702	7868	7167	0.0	1158.0
D686_p1004	13	99.70299999999999	337	1	0	1	337	13704	13368	9.289999999999997e-178	617.0
D686_p1031	20	99.051	738	7	0	1	738	1076	1813	0.0	1325.0
D686_p1030	20	99.331	897	6	0	1	897	9531	8635	0.0	1624.0
D686_p1029	20	98.148	216	4	0	1	216	8536	8321	1.0099999999999997e-105	377.0
D686_p1010	20	96.70299999999999	273	9	0	1	273	8304	8032	5.849999999999998e-129	455.0
D686_p1009	20	98.148	162	3	0	1	162	8030	7869	1.6399999999999995e-77	283.0
D686_p1011	20	96.439	702	25	0	1	702	7868	7167	0.0	1158.0
HTB12_RS00010	13	98.921	834	9	0	1	834	17706	16873	0.0	1491.0
A7J11_01120	20	99.59299999999999	738	3	0	1	738	1076	1813	0.0	1347.0
EFD32_RS15020	20	100.0	84	0	0	1	84	868	951	1.71e-39	156.0
EFD32_RS15025	20	99.729	738	2	0	1	738	1076	1813	0.0	1352.0
EFD32_RS16155	20	95.01899999999999	261	13	0	1	261	9894	9634	1.2199999999999999e-115	411.0
EFD32_RS15030	20	97.101	897	26	0	1	897	9531	8635	0.0	1513.0
EFD32_RS15035	20	96.667	210	7	0	1	210	8530	8321	2.1299999999999995e-97	350.0
EFD32_RS15050	13	99.41799999999999	687	4	0	1	687	3255	3941	0.0	1247.0
EFD32_RS15410	20	96.315	597	22	0	1	597	14780	14184	0.0	981.0
EFD32_RS15415	20	95.833	288	9	2	1	288	14167	13883	3.689999999999999e-131	462.0
CGZ46_RS14445	13	99.11	1686	15	0	1	1686	28591	26906	0.0	3031.0
CGZ46_RS14450	13	96.359	357	13	0	1	357	28948	28592	7.349999999999996e-169	588.0
CGZ46_RS14455	13	98.90100000000001	273	3	0	1	273	29466	29194	5.769999999999998e-139	488.0
CGZ46_RS14460	13	98.287	2160	37	0	1	2160	31658	29499	0.0	3784.0
CGZ46_RS14465	13	98.925	186	2	0	1	186	31894	31709	1.88e-92	333.0
CGZ46_RS14470	13	100.0	120	0	0	1	120	32094	32213	2.5800000000000003e-59	222.0
CGZ46_RS14475	13	100.0	315	0	0	1	315	32236	32550	2.989999999999999e-167	582.0
CGZ46_RS14480	13	100.0	387	0	0	1	387	32566	32952	0.0	715.0
CGZ46_RS14485	13	100.0	1386	0	0	1	1386	32981	34366	0.0	2560.0
CGZ46_RS14490	13	100.0	153	0	0	1	153	34369	34521	1.5399999999999994e-77	283.0
CGZ46_RS14495	13	100.0	1206	0	0	1	1206	34544	35749	0.0	2228.0
CGZ46_RS14500	13	100.0	222	0	0	1	222	35792	36013	1.0299999999999998e-115	411.0
CGZ46_RS14505	13	100.0	498	0	0	1	498	36130	36627	0.0	920.0
CGZ46_RS14510	13	100.0	507	0	0	1	507	36602	37108	0.0	937.0
CGZ46_RS14515	13	99.91799999999999	2448	2	0	1	2448	37092	39539	0.0	4510.0
CGZ46_RS14520	13	100.0	2178	0	0	1	2178	39542	41719	0.0	4023.0
CGZ46_RS14525	13	99.9	1002	1	0	1	1002	41716	42717	0.0	1845.0
CGZ46_RS14530	13	100.0	933	0	0	1	933	42714	43646	0.0	1724.0
CGZ46_RS14535	13	100.0	87	0	0	1	87	43921	44007	3.8399999999999995e-41	161.0
CGZ46_RS14540	13	100.0	1920	0	0	1	1920	44023	45942	0.0	3546.0
CGZ46_RS14545	13	100.0	51	0	0	1	51	46052	46102	1.92e-21	95.3
CGZ46_RS14550	13	99.927	1377	1	0	1	1377	46136	47512	0.0	2538.0
CGZ46_RS14565	13	100.0	1263	0	0	1	1263	48076	49338	0.0	2333.0
CGZ46_RS14570	13	100.0	561	0	0	1	561	49819	49259	0.0	1037.0
CGZ46_RS14575	13	100.0	261	0	0	1	261	50076	49816	2.5599999999999996e-137	483.0
CGZ46_RS14580	13	100.0	1627	0	0	1	1627	51742	50116	0.0	3005.0
CGZ46_RS14585	13	99.851	669	1	0	1	669	52453	51785	0.0	1230.0
CGZ46_RS14605	20	100.0	112	0	0	1	112	736	847	6.65e-55	207.0
CGZ46_RS14610	20	100.0	84	0	0	1	84	868	951	1.71e-39	156.0
CGZ46_RS14615	20	99.458	738	4	0	1	738	1076	1813	0.0	1341.0
CGZ46_RS14675	20	100.0	231	0	0	1	231	15008	15238	1.06e-120	427.0
CGZ46_RS14680	20	100.0	342	0	0	1	342	15238	15579	0.0	632.0
CGZ46_RS14690	13	100.0	603	0	0	1	603	566	1168	0.0	1114.0
CGZ46_RS14750	12	97.882	1086	23	0	1	1086	34704	33619	0.0	1879.0
CGZ46_RS14755	12	97.993	1893	38	0	1	1893	33622	31730	0.0	3286.0
CGZ46_RS14760	12	97.34700000000001	377	10	0	1	377	31723	31347	0.0	641.0
CGZ46_RS14845	14	96.794	1310	42	0	5	1314	9104	7795	0.0	2187.0
CGZ46_RS14895	14	96.81700000000001	597	19	0	1	597	4271	3675	0.0	998.0
CGZ46_RS14900	14	97.544	285	7	0	1	285	3658	3374	6.019999999999998e-139	488.0
CGZ46_RS14905	14	99.524	210	1	0	1	210	3377	3168	2.0999999999999993e-107	383.0
CGZ46_RS14910	14	98.667	225	3	0	1	225	3146	2922	2.2499999999999996e-112	399.0
CGZ46_RS14940	21	95.352	1506	70	0	1	1506	1999	3504	0.0	2394.0
CGZ46_RS14945	21	98.04299999999999	1635	32	0	1	1635	3656	5290	0.0	2843.0
CGZ46_RS14950	21	99.397	1161	7	0	1	1161	5292	6452	0.0	2106.0
CGZ46_RS14955	21	99.78299999999999	921	2	0	1	921	7427	6507	0.0	1690.0
CGZ46_RS14960	14	99.475	381	2	0	1	381	48180	47800	0.0	693.0
CGZ46_RS14965	14	98.039	306	6	0	1	306	47227	46922	2.9599999999999994e-152	532.0
CGZ46_RS14970	14	96.745	2673	87	0	1	2673	46911	44239	0.0	4455.0
CGZ46_RS14980	14	96.81299999999999	3891	124	0	1	3891	43461	39571	0.0	6499.0
CGZ46_RS14985	14	98.01700000000001	353	7	0	1	353	39509	39157	1.1999999999999997e-176	614.0
FOA09_RS13920	20	99.61	513	1	1	1	513	2455	2966	0.0	935.0
FOA09_RS13925	20	100.0	1614	0	0	1	1614	4651	3038	0.0	2981.0
FOA09_RS13930	20	100.0	882	0	0	1	882	5556	4675	0.0	1629.0
FOA09_RS13935	20	100.0	597	0	0	1	597	5867	6463	0.0	1103.0
FOA09_RS13940	20	96.38600000000001	498	18	0	1	498	7045	6548	0.0	821.0
FOA09_RS13980	20	97.436	273	7	0	1	273	8304	8032	2.6999999999999993e-132	466.0
FOA09_RS13985	20	98.148	216	4	0	1	216	8536	8321	1.0099999999999997e-105	377.0
FOA09_RS13990	20	98.21600000000001	897	16	0	1	897	9531	8635	0.0	1568.0
FOA09_RS13995	20	95.01899999999999	261	13	0	1	261	9894	9634	1.2199999999999999e-115	411.0
FOA09_RS14005	20	99.729	738	2	0	1	738	1076	1813	0.0	1352.0
FOA09_RS14010	20	98.81	84	1	0	1	84	868	951	7.95e-38	150.0
FOA09_RS14085	12	97.679	1077	25	0	1	1077	33622	32546	0.0	1851.0
FOA09_RS14090	12	98.066	1086	21	0	1	1086	34704	33619	0.0	1890.0
FOA09_RS14140	14	98.16799999999999	1310	24	0	5	1314	9104	7795	0.0	2287.0
FOA09_RS14290	14	97.40299999999999	385	10	0	1	385	39134	38750	0.0	656.0
FOA09_RS14295	14	98.305	354	6	0	1	354	39509	39156	7.179999999999997e-179	621.0
FOA09_RS14300	14	97.199	3891	109	0	1	3891	43461	39571	0.0	6582.0
FOA09_RS14320	14	96.596	2673	91	0	1	2673	46911	44239	0.0	4433.0
FOA09_RS14325	14	95.75200000000001	306	13	0	1	306	47227	46922	1.3999999999999994e-140	494.0
FOA09_RS14395	20	99.665	597	2	0	1	597	14780	14184	0.0	1092.0
FOA09_RS14400	20	100.0	285	0	0	1	285	14167	13883	1.2799999999999998e-150	527.0
EYB36_RS00285	14	96.81700000000001	597	19	0	1	597	4271	3675	0.0	998.0
EYB36_RS00310	20	99.96600000000001	2919	1	0	1	2919	10707	13625	0.0	5385.0
EYB36_RS00315	20	100.0	555	0	0	1	555	10149	10703	0.0	1026.0
EYB36_RS00325	20	100.0	738	0	0	1	738	1076	1813	0.0	1363.0
EYB36_RS00330	20	98.81	84	1	0	1	84	868	951	7.95e-38	150.0
EYB36_RS00335	20	100.0	112	0	0	1	112	736	847	6.65e-55	207.0
EYB36_RS00435	20	99.624	2926	2	7	1	2924	10707	13625	0.0	5334.0
EYB36_RS00440	20	100.0	555	0	0	1	555	10149	10703	0.0	1026.0
EYB36_RS00450	20	100.0	738	0	0	1	738	1076	1813	0.0	1363.0
EYB36_RS00455	20	100.0	84	0	0	1	84	868	951	1.71e-39	156.0
EYB36_RS00460	20	99.13799999999999	116	0	1	1	115	736	851	6.870000000000001e-55	207.0
EYB36_RS00520	13	96.165	678	26	0	1	678	13713	13036	0.0	1109.0
EYB36_RS00550	20	98.70100000000001	231	3	0	1	231	15008	15238	1.0699999999999998e-115	411.0
EYB36_RS00555	20	98.538	342	5	0	1	342	15238	15579	6.969999999999997e-174	604.0
EYB36_RS00620	13	99.41799999999999	687	4	0	1	687	3255	3941	0.0	1247.0
EYB36_RS00630	13	100.0	198	0	0	1	198	20102	20299	1.9899999999999997e-102	366.0
EYB36_RS00635	13	99.837	615	1	0	1	615	20289	20903	0.0	1131.0
EYB36_RS00640	13	99.02	918	9	0	1	918	21086	22003	0.0	1646.0
EYB36_RS00645	13	99.2	750	6	0	1	750	21996	22745	0.0	1352.0
EYB36_RS00650	13	97.954	831	17	0	1	831	22745	23575	0.0	1441.0
EYB36_RS00655	13	99.41799999999999	687	4	0	1	687	3255	3941	0.0	1247.0
EYB36_RS00710	14	98.16799999999999	1310	24	0	5	1314	9104	7795	0.0	2287.0
EYB36_RS00865	14	97.92200000000001	385	8	0	1	385	39134	38750	0.0	667.0
EYB36_RS00870	14	98.305	354	6	0	1	354	39509	39156	7.179999999999997e-179	621.0
EYB36_RS00895	14	97.568	2673	65	0	1	2673	46911	44239	0.0	4577.0
EYB36_RS00900	14	98.148	270	5	0	1	270	47191	46922	5.739999999999999e-134	472.0
EYB36_RS00905	14	100.0	381	0	0	1	381	48180	47800	0.0	704.0
EYB36_RS00915	13	98.834	1629	17	1	1	1629	51742	50116	0.0	2902.0
EYB36_RS00920	13	99.103	669	6	0	1	669	52453	51785	0.0	1203.0
BZG32_RS16240	14	97.662	385	9	0	1	385	39134	38750	0.0	662.0
BZG32_RS16245	14	98.305	354	6	0	1	354	39509	39156	7.179999999999997e-179	621.0
BZG32_RS16250	14	97.55799999999999	3891	95	0	1	3891	43461	39571	0.0	6660.0
BZG32_RS16270	14	96.90100000000001	1581	49	0	1	1581	45819	44239	0.0	2649.0
BZG32_RS16280	14	96.546	579	20	0	1	579	46911	46333	0.0	959.0
BZG32_RS16380	14	97.569	288	7	0	1	288	3658	3371	1.3099999999999998e-140	494.0
BZG32_RS16385	20	95.134	596	29	0	1	596	14780	14185	0.0	941.0
BZG32_RS16625	13	97.954	831	17	0	1	831	22745	23575	0.0	1441.0
BZG32_RS16630	13	99.2	750	6	0	1	750	21996	22745	0.0	1352.0
BZG32_RS16635	13	99.12899999999999	918	8	0	1	918	21086	22003	0.0	1652.0
BZG32_RS16640	13	100.0	615	0	0	1	615	20289	20903	0.0	1136.0
BZG32_RS16645	13	100.0	198	0	0	1	198	20102	20299	1.9899999999999997e-102	366.0
BZG32_RS16655	13	99.41799999999999	687	4	0	1	687	3255	3941	0.0	1247.0
BZG32_RS16825	14	98.196	388	7	0	3	390	7428	7041	0.0	678.0
BZG32_RS16935	20	100.0	84	0	0	1	84	868	951	1.71e-39	156.0
BZG32_RS16940	20	99.86399999999999	738	1	0	1	738	1076	1813	0.0	1358.0
BZG32_RS16945	20	95.01899999999999	261	13	0	1	261	9894	9634	1.2199999999999999e-115	411.0
BZG32_RS16995	20	95.98700000000001	897	36	0	1	897	9531	8635	0.0	1458.0
BZG32_RS17000	20	96.667	210	7	0	1	210	8530	8321	2.1299999999999995e-97	350.0
BZG32_RS17020	13	99.103	669	6	0	1	669	52453	51785	0.0	1203.0
BZG32_RS17065	13	99.41799999999999	687	4	0	1	687	3255	3941	0.0	1247.0
BMT03_RS13435	20	98.105	897	17	0	1	897	9531	8635	0.0	1563.0
BMT03_RS13440	20	96.759	216	7	0	1	216	8536	8321	1.0199999999999999e-100	361.0
BMT03_RS13480	13	100.0	237	0	0	1	237	2908	2672	5.059999999999998e-124	438.0
CG806_RS00005	13	100.0	1627	0	0	1	1627	51742	50116	0.0	3005.0
CG806_RS00010	13	100.0	261	0	0	1	261	50076	49816	2.5599999999999996e-137	483.0
CG806_RS00015	13	100.0	561	0	0	1	561	49819	49259	0.0	1037.0
CG806_RS00020	13	100.0	1263	0	0	1	1263	48076	49338	0.0	2333.0
CG806_RS00030	13	100.0	1377	0	0	1	1377	46136	47512	0.0	2543.0
CG806_RS14700	13	100.0	51	0	0	1	51	46052	46102	1.92e-21	95.3
CG806_RS00035	13	100.0	1920	0	0	1	1920	44023	45942	0.0	3546.0
CG806_RS00040	13	100.0	87	0	0	1	87	43921	44007	3.8399999999999995e-41	161.0
CG806_RS00050	13	100.0	933	0	0	1	933	42714	43646	0.0	1724.0
CG806_RS00055	13	100.0	1002	0	0	1	1002	41716	42717	0.0	1851.0
CG806_RS00060	13	100.0	2178	0	0	1	2178	39542	41719	0.0	4023.0
CG806_RS00065	13	100.0	2448	0	0	1	2448	37092	39539	0.0	4521.0
CG806_RS00070	13	100.0	507	0	0	1	507	36602	37108	0.0	937.0
CG806_RS00075	13	100.0	498	0	0	1	498	36130	36627	0.0	920.0
CG806_RS00080	13	100.0	222	0	0	1	222	35792	36013	1.0299999999999998e-115	411.0
CG806_RS00085	13	99.834	1206	2	0	1	1206	34544	35749	0.0	2217.0
CG806_RS00090	13	100.0	153	0	0	1	153	34369	34521	1.5399999999999994e-77	283.0
CG806_RS00095	13	99.911	1128	1	0	1	1128	33239	34366	0.0	2078.0
CG806_RS00100	13	97.944	681	4	1	1	671	3261	3941	0.0	1171.0
CG806_RS00125	13	100.0	198	0	0	1	198	20102	20299	1.9899999999999997e-102	366.0
CG806_RS00135	13	97.944	681	4	1	1	671	3261	3941	0.0	1171.0
CG806_RS00225	14	98.16799999999999	1310	24	0	5	1314	9104	7795	0.0	2287.0
CG806_RS00295	13	97.181	603	17	0	1	603	566	1168	0.0	1020.0
CG806_RS00305	20	98.538	342	5	0	1	342	15238	15579	6.969999999999997e-174	604.0
CG806_RS00310	20	98.70100000000001	231	3	0	1	231	15008	15238	1.0699999999999998e-115	411.0
CG806_RS00410	13	99.851	669	1	0	1	669	52453	51785	0.0	1230.0
CG806_RS00490	14	97.867	375	8	0	1	375	7415	7041	0.0	649.0
CG806_RS00495	14	99.50200000000001	402	2	0	1	402	6620	7021	0.0	732.0
CG806_RS00530	14	98.45	129	2	0	1	129	2405	2533	6.039999999999999e-61	228.0
CG806_RS00535	14	97.619	252	6	0	1	252	2312	2061	2.5199999999999994e-122	433.0
CG806_RS00545	14	97.83	507	11	0	1	507	625	119	0.0	876.0
CG806_RS00555	21	99.51700000000001	414	2	0	1	414	438	25	0.0	754.0
CG806_RS00560	21	99.757	822	2	0	1	822	1263	442	0.0	1507.0
CG806_RS00565	21	95.551	1506	67	0	1	1506	1999	3504	0.0	2410.0
CG806_RS00570	21	98.59299999999999	1635	23	0	1	1635	3656	5290	0.0	2892.0
CG806_RS00575	21	100.0	321	0	0	1	321	5292	5612	1.4099999999999996e-170	593.0
CG806_RS00590	21	100.0	846	0	0	16	861	5607	6452	0.0	1563.0
CG806_RS00595	21	99.891	921	1	0	1	921	7427	6507	0.0	1696.0
CG806_RS00600	14	98.163	381	7	0	1	381	48180	47800	0.0	665.0
CG806_RS00610	14	98.039	306	6	0	1	306	47227	46922	2.9599999999999994e-152	532.0
CG806_RS00620	14	99.15	588	5	0	1	588	44173	43586	0.0	1059.0
CG806_RS00630	14	98.039	357	4	1	1	357	39509	39156	9.369999999999997e-178	617.0
CG806_RS00720	13	98.287	2160	37	0	1	2160	31658	29499	0.0	3784.0
CG806_RS00725	13	99.26700000000001	273	2	0	1	273	29466	29194	1.2399999999999996e-140	494.0
CG806_RS00730	13	96.07799999999999	357	14	0	1	357	28948	28592	3.4199999999999995e-167	582.0
CG806_RS00735	13	99.52600000000001	1686	8	0	1	1686	28591	26906	0.0	3070.0
CG806_RS00785	20	100.0	84	0	0	1	84	868	951	1.71e-39	156.0
CG806_RS00790	20	99.59299999999999	738	3	0	1	738	1076	1813	0.0	1347.0
CG806_RS00800	20	95.01899999999999	261	13	0	1	261	9894	9634	1.2199999999999999e-115	411.0
CG806_RS00805	20	97.993	897	18	0	1	897	9531	8635	0.0	1557.0
CG806_RS00810	20	96.759	216	7	0	1	216	8536	8321	1.0199999999999999e-100	361.0
CG806_RS00825	13	99.51	612	3	0	1	612	3330	3941	0.0	1114.0
F1M88_RS14085	20	96.145	856	33	0	1	856	9531	8676	0.0	1399.0
F1M88_RS14090	20	95.01899999999999	261	13	0	1	261	9894	9634	1.2199999999999999e-115	411.0
C7I31_RS13830	20	98.81	84	1	0	1	84	868	951	7.95e-38	150.0
C7I31_RS13835	20	99.729	738	2	0	1	738	1076	1813	0.0	1352.0
C7I31_RS13845	20	100.0	555	0	0	1	555	10149	10703	0.0	1026.0
C7I31_RS13850	20	99.96600000000001	2919	1	0	1	2919	10707	13625	0.0	5385.0
C7I31_RS14045	20	98.81	84	1	0	1	84	868	951	7.95e-38	150.0
C7I31_RS14050	20	99.729	738	2	0	1	738	1076	1813	0.0	1352.0
C7I31_RS14060	20	100.0	555	0	0	1	555	10149	10703	0.0	1026.0
C7I31_RS14065	20	99.96600000000001	2919	1	0	1	2919	10707	13625	0.0	5385.0
C7I31_RS14150	20	95.484	620	28	0	1	620	14804	14185	0.0	990.0
C7I31_RS14155	20	99.134	231	2	0	1	231	15008	15238	2.2999999999999992e-117	416.0
C7I31_RS14160	20	98.24600000000001	342	6	0	1	342	15238	15579	3.2399999999999994e-172	599.0
C7I31_RS14170	13	97.181	603	17	0	1	603	566	1168	0.0	1020.0
C7I31_RS14240	13	98.75399999999999	1686	21	0	1	1686	28591	26906	0.0	2998.0
C7I31_RS14245	13	98.319	357	6	0	1	357	28948	28592	1.5599999999999995e-180	627.0
C7I31_RS14250	13	100.0	273	0	0	1	273	29466	29194	5.729999999999998e-144	505.0
C7I31_RS14255	13	98.57700000000001	492	7	0	1	492	29990	29499	0.0	870.0
C7I31_RS14285	21	96.97	264	8	0	1	264	5292	5555	1.2199999999999998e-125	444.0
C7I32_RS15330	14	99.221	385	3	0	1	385	39134	38750	0.0	695.0
C7I32_RS15335	14	98.039	357	4	1	1	357	39509	39156	9.369999999999997e-178	617.0
C7I32_RS15355	14	97.059	306	9	0	1	306	47227	46922	2.9799999999999994e-147	516.0
C7I32_RS15365	14	96.85	381	12	0	1	381	48180	47800	0.0	638.0
C7I32_RS15440	14	99.111	225	2	0	1	225	3146	2922	4.849999999999999e-114	405.0
C7I32_RS15445	14	98.086	209	4	0	2	210	3376	3168	7.619999999999999e-102	364.0
C7I32_RS15495	14	98.321	1310	22	0	5	1314	9104	7795	0.0	2298.0
C7I32_RS15710	14	98.565	209	3	0	2	210	3376	3168	1.6399999999999997e-103	370.0
C7I32_RS15715	14	99.556	225	1	0	1	225	3146	2922	1.04e-115	411.0
C7I32_RS15775	14	98.68799999999999	381	5	0	1	381	48180	47800	0.0	676.0
C7I32_RS15785	14	97.712	306	7	0	1	306	47227	46922	1.3799999999999996e-150	527.0
C7I32_RS15805	14	97.74	354	8	0	1	354	39509	39156	1.5499999999999994e-175	610.0
DOU32_RS14335	13	99.26700000000001	273	2	0	1	273	29466	29194	1.2399999999999996e-140	494.0
DOU32_RS14340	13	98.361	1647	27	0	1	1647	31145	29499	0.0	2892.0
DOU32_RS14445	13	98.65700000000001	2160	29	0	1	2160	31658	29499	0.0	3829.0
DOU32_RS14450	13	99.634	273	1	0	1	273	29466	29194	2.6699999999999992e-142	499.0
DOU32_RS14555	13	99.266	681	5	0	1	681	3261	3941	0.0	1230.0
DOU32_RS14560	13	98.195	831	15	0	1	831	22745	23575	0.0	1452.0
DOU32_RS14565	13	99.2	750	6	0	1	750	21996	22745	0.0	1352.0
DOU32_RS14570	13	99.346	918	6	0	1	918	21086	22003	0.0	1663.0
DOU32_RS14575	13	100.0	615	0	0	1	615	20289	20903	0.0	1136.0
DOU32_RS14580	13	100.0	198	0	0	1	198	20102	20299	1.9899999999999997e-102	366.0
DOU32_RS14590	13	99.413	681	4	0	1	681	3261	3941	0.0	1236.0
DOU32_RS14660	14	96.45700000000001	621	22	0	1	621	4295	3675	0.0	1026.0
DOU32_RS14730	13	99.46600000000001	1686	9	0	1	1686	28591	26906	0.0	3064.0
DOU32_RS14735	13	95.79799999999999	357	15	0	1	357	28948	28592	1.5899999999999996e-165	577.0
DOU31_RS14365	13	99.413	681	4	0	1	681	3261	3941	0.0	1236.0
DOU31_RS14375	13	100.0	198	0	0	1	198	20102	20299	1.9899999999999997e-102	366.0
DOU31_RS14380	13	100.0	615	0	0	1	615	20289	20903	0.0	1136.0
DOU31_RS14385	13	99.346	918	6	0	1	918	21086	22003	0.0	1663.0
DOU31_RS14390	13	99.2	750	6	0	1	750	21996	22745	0.0	1352.0
DOU31_RS14395	13	98.195	831	15	0	1	831	22745	23575	0.0	1452.0
DOU31_RS14400	13	99.266	681	5	0	1	681	3261	3941	0.0	1230.0
DOU31_RS14420	13	98.68299999999999	835	10	1	1	835	17706	16873	0.0	1480.0
DOU31_RS14500	13	98.361	1647	27	0	1	1647	31145	29499	0.0	2892.0
DOU31_RS14505	13	99.634	273	1	0	1	273	29466	29194	2.6699999999999992e-142	499.0
DOU31_RS14510	13	98.319	357	6	0	1	357	28948	28592	1.5599999999999995e-180	627.0
DOU31_RS14515	13	98.87299999999999	1686	19	0	1	1686	28591	26906	0.0	3009.0
DOU31_RS14585	14	96.45700000000001	621	22	0	1	621	4295	3675	0.0	1026.0
DOU31_RS14785	13	99.294	1699	11	1	1	1698	28591	26893	0.0	3070.0
DOU31_RS14790	13	100.0	357	0	0	1	357	28948	28592	0.0	660.0
DOU31_RS14795	13	98.90100000000001	273	3	0	1	273	29466	29194	5.769999999999998e-139	488.0
DOU31_RS14800	13	98.426	2160	34	0	1	2160	31658	29499	0.0	3801.0
DOU31_RS14905	14	98.319	357	3	1	1	357	39509	39156	2.0099999999999993e-179	623.0
DOU31_RS14910	14	97.17299999999999	3891	101	1	1	3882	43461	39571	0.0	6567.0
DOU31_RS14935	14	98.055	2673	52	0	1	2673	46911	44239	0.0	4649.0
DOU31_RS14940	14	95.556	270	12	0	1	270	47191	46922	2.709999999999999e-122	433.0
DOU31_RS14950	14	97.375	381	10	0	1	381	48180	47800	0.0	649.0
DOU31_RS14955	21	99.023	921	9	0	1	921	7427	6507	0.0	1652.0
DOU31_RS14960	21	96.041	1162	44	2	1	1161	5292	6452	0.0	1890.0
DOU31_RS15005	14	98.413	252	4	0	1	252	2312	2061	1.1599999999999996e-125	444.0
DOU31_RS15040	20	100.0	231	0	0	1	231	15008	15238	1.06e-120	427.0
DOU31_RS15045	20	100.0	342	0	0	1	342	15238	15579	0.0	632.0
DOU31_RS15055	13	100.0	603	0	0	1	603	566	1168	0.0	1114.0
DR75_RS00285	14	98.375	1662	27	0	1	1662	6096	4435	0.0	2920.0
DR75_RS00325	14	97.262	621	17	0	1	621	4295	3675	0.0	1053.0
DR75_RS00330	14	95.223	314	15	0	2	315	3684	3371	1.1099999999999997e-141	497.0
DR75_RS00385	21	95.41799999999999	1506	69	0	1	1506	1999	3504	0.0	2399.0
DR75_RS00415	14	96.676	2226	74	0	1	2226	41796	39571	0.0	3701.0
DR75_RS00420	14	98.319	357	3	1	1	357	39509	39156	2.0099999999999993e-179	623.0
DR75_RS00510	13	98.565	2160	31	0	1	2160	31658	29499	0.0	3818.0
DR75_RS00515	13	98.897	272	3	0	1	272	29466	29195	2.0799999999999993e-138	486.0
DR75_RS00520	13	96.07799999999999	357	14	0	1	357	28948	28592	3.4199999999999995e-167	582.0
DR75_RS00580	14	98.397	1310	21	0	5	1314	9104	7795	0.0	2303.0
EF_RS15805	14	96.588	381	13	0	1	381	48180	47800	0.0	632.0
EF_RS15810	14	95.098	306	15	0	1	306	47227	46922	3.0299999999999994e-137	483.0
EF_RS15825	14	96.919	357	8	1	1	357	39509	39156	4.389999999999998e-171	595.0
EF_RS15900	13	98.38	2160	35	0	1	2160	31658	29499	0.0	3795.0
EF_RS15905	13	99.26700000000001	273	2	0	1	273	29466	29194	1.2399999999999996e-140	494.0
EF_RS15910	13	96.359	357	13	0	1	357	28948	28592	7.349999999999996e-169	588.0
EF_RS16075	21	98.73200000000001	1262	16	0	1	1262	3656	4917	0.0	2242.0
EF_RS16115	20	95.0	620	31	0	1	620	14804	14185	0.0	974.0
EF_RS16120	14	97.428	311	8	0	2	312	3684	3374	1.0899999999999997e-151	531.0
EF_RS16125	14	99.524	210	1	0	1	210	3377	3168	2.0999999999999993e-107	383.0
EF_RS16130	14	98.22200000000001	225	4	0	1	225	3146	2922	1.0499999999999997e-110	394.0
EF_RS16135	14	99.603	252	1	0	1	252	2312	2061	1.1499999999999997e-130	460.0
EF_RS16140	14	99.848	1317	2	0	1	1317	1945	629	0.0	2422.0
EF_RS16145	14	99.803	507	1	0	1	507	625	119	0.0	931.0
EF_RS16150	21	100.0	414	0	0	1	414	438	25	0.0	765.0
EF_RS16155	21	99.87799999999999	822	1	0	1	822	1263	442	0.0	1513.0
EF_RS16160	21	99.934	1506	1	0	1	1506	1999	3504	0.0	2776.0
EF_RS16195	20	100.0	738	0	0	1	738	1076	1813	0.0	1363.0
EF_RS16355	14	97.662	385	9	0	1	385	39134	38750	0.0	662.0
EF_RS16360	14	98.305	354	6	0	1	354	39509	39156	7.179999999999997e-179	621.0
EF_RS16365	14	97.55799999999999	3891	95	0	1	3891	43461	39571	0.0	6660.0
EF_RS16375	14	97.045	2673	79	0	1	2673	46911	44239	0.0	4499.0
EF_RS16465	20	95.161	620	30	0	1	620	14804	14185	0.0	979.0
EF_RS16470	14	97.569	288	7	0	1	288	3658	3371	1.3099999999999998e-140	494.0
EL279_RS14650	20	97.42399999999999	621	16	0	1	621	14804	14184	0.0	1059.0
EL279_RS14655	20	100.0	285	0	0	1	285	14167	13883	1.2799999999999998e-150	527.0
EL279_RS14705	21	96.038	1161	46	0	1	1161	5292	6452	0.0	1890.0
EL279_RS14710	21	99.023	921	9	0	1	921	7427	6507	0.0	1652.0
EL279_RS14715	14	97.375	381	10	0	1	381	48180	47800	0.0	649.0
EL279_RS14725	14	98.366	306	5	0	1	306	47227	46922	6.369999999999999e-154	538.0
EL279_RS14745	14	98.88	357	1	1	1	357	39509	39156	0.0	634.0
EL279_RS14750	14	97.662	385	9	0	1	385	39134	38750	0.0	662.0
EL279_RS14905	13	95.88799999999999	681	28	0	1	681	3261	3941	0.0	1103.0
EL279_RS16265	13	100.0	327	0	0	1	327	19973	20299	6.639999999999998e-174	604.0
EL279_RS14920	13	96.007	601	24	0	1	601	20289	20889	0.0	977.0
EL279_RS14940	13	95.301	681	32	0	1	681	3261	3941	0.0	1081.0
EL279_RS14945	20	100.0	84	0	0	1	84	736	819	1.71e-39	156.0
EL279_RS14950	20	100.0	84	0	0	1	84	868	951	1.71e-39	156.0
EL279_RS14955	20	99.458	738	4	0	1	738	1076	1813	0.0	1341.0
EL279_RS14965	20	100.0	84	0	0	1	84	736	819	1.71e-39	156.0
EL279_RS14995	20	98.105	897	17	0	1	897	9531	8635	0.0	1563.0
EL279_RS15000	20	96.667	210	7	0	1	210	8530	8321	2.1299999999999995e-97	350.0
EL279_RS15005	20	96.70299999999999	273	9	0	1	273	8304	8032	5.849999999999998e-129	455.0
EL279_RS15015	20	97.992	498	10	0	1	498	7045	6548	0.0	865.0
EL279_RS15020	20	99.83200000000001	597	1	0	1	597	5867	6463	0.0	1098.0
EL279_RS15025	20	100.0	882	0	0	1	882	5556	4675	0.0	1629.0
EL279_RS15030	20	100.0	1614	0	0	1	1614	4651	3038	0.0	2981.0
EL279_RS15035	20	99.61200000000001	515	1	1	11	525	2453	2966	0.0	939.0
EL279_RS15075	20	100.0	84	0	0	1	84	736	819	1.71e-39	156.0
EL279_RS15080	20	100.0	84	0	0	1	84	868	951	1.71e-39	156.0
EL279_RS15085	20	99.59299999999999	738	3	0	1	738	1076	1813	0.0	1347.0
EL279_RS15195	13	100.0	237	0	0	1	237	2908	2672	5.059999999999998e-124	438.0
EL279_RS15245	13	100.0	603	0	0	1	603	566	1168	0.0	1114.0
EL279_RS15255	20	99.708	342	1	0	1	342	15238	15579	1.4899999999999992e-180	627.0
EL279_RS15260	20	100.0	231	0	0	1	231	15008	15238	1.06e-120	427.0
EL279_RS15480	20	99.134	231	2	0	1	231	15008	15238	2.2999999999999992e-117	416.0
EL279_RS15485	20	98.24600000000001	342	6	0	1	342	15238	15579	3.2399999999999994e-172	599.0
EL279_RS15495	13	97.181	603	17	0	1	603	566	1168	0.0	1020.0
EL279_RS15610	14	98.016	252	5	0	1	252	2312	2061	5.4099999999999985e-124	438.0
EL279_RS15615	14	96.434	1318	45	2	1	1317	1945	629	0.0	2172.0
EL279_RS15620	14	95.85799999999999	507	21	0	1	507	625	119	0.0	821.0
EL279_RS15630	21	99.275	414	3	0	1	414	438	25	0.0	749.0
EL279_RS15635	21	98.905	822	9	0	1	822	1263	442	0.0	1469.0
EL279_RS15640	21	95.684	1506	65	0	1	1506	1999	3504	0.0	2422.0
EL279_RS15660	20	97.77	897	20	0	1	897	9531	8635	0.0	1546.0
EL279_RS15665	20	99.04799999999999	210	2	0	1	210	8530	8321	9.789999999999998e-106	377.0
EL279_RS15670	20	97.802	273	6	0	1	273	8304	8032	5.809999999999998e-134	472.0
EL279_RS15675	20	96.181	864	33	0	1	864	8030	7167	0.0	1413.0
EL279_RS15695	20	99.59299999999999	738	3	0	1	738	1076	1813	0.0	1347.0
EL279_RS15700	20	98.81	84	1	0	1	84	868	951	7.95e-38	150.0
EL279_RS15850	13	99.678	933	3	0	1	933	42714	43646	0.0	1707.0
EL279_RS15855	13	98.291	117	2	0	1	117	43891	44007	2.52e-54	206.0
EL279_RS15860	13	95.156	1920	93	0	1	1920	44023	45942	0.0	3031.0
EL279_RS15990	20	99.86399999999999	738	1	0	1	738	1076	1813	0.0	1358.0
EL240_RS14655	20	97.42399999999999	621	16	0	1	621	14804	14184	0.0	1059.0
EL240_RS14660	20	100.0	285	0	0	1	285	14167	13883	1.2799999999999998e-150	527.0
EL240_RS14710	21	96.038	1161	46	0	1	1161	5292	6452	0.0	1890.0
EL240_RS14715	21	99.023	921	9	0	1	921	7427	6507	0.0	1652.0
EL240_RS14720	14	97.375	381	10	0	1	381	48180	47800	0.0	649.0
EL240_RS14730	14	98.366	306	5	0	1	306	47227	46922	6.369999999999999e-154	538.0
EL240_RS14750	14	98.88	357	1	1	1	357	39509	39156	0.0	634.0
EL240_RS14755	14	97.662	385	9	0	1	385	39134	38750	0.0	662.0
EL240_RS14910	13	95.88799999999999	681	28	0	1	681	3261	3941	0.0	1103.0
EL240_RS16090	13	100.0	327	0	0	1	327	19973	20299	6.639999999999998e-174	604.0
EL240_RS14925	13	96.007	601	24	0	1	601	20289	20889	0.0	977.0
EL240_RS14945	13	95.301	681	32	0	1	681	3261	3941	0.0	1081.0
EL240_RS14950	20	100.0	84	0	0	1	84	736	819	1.71e-39	156.0
EL240_RS14955	20	100.0	84	0	0	1	84	868	951	1.71e-39	156.0
EL240_RS14960	20	99.458	738	4	0	1	738	1076	1813	0.0	1341.0
EL240_RS14970	20	100.0	84	0	0	1	84	736	819	1.71e-39	156.0
EL240_RS15000	20	98.105	897	17	0	1	897	9531	8635	0.0	1563.0
EL240_RS15005	20	96.667	210	7	0	1	210	8530	8321	2.1299999999999995e-97	350.0
EL240_RS15010	20	96.70299999999999	273	9	0	1	273	8304	8032	5.849999999999998e-129	455.0
EL240_RS15020	20	97.992	498	10	0	1	498	7045	6548	0.0	865.0
EL240_RS15025	20	99.83200000000001	597	1	0	1	597	5867	6463	0.0	1098.0
EL240_RS15030	20	100.0	882	0	0	1	882	5556	4675	0.0	1629.0
EL240_RS15035	20	100.0	1614	0	0	1	1614	4651	3038	0.0	2981.0
EL240_RS15040	20	99.61200000000001	515	1	1	11	525	2453	2966	0.0	939.0
EL240_RS15080	20	100.0	84	0	0	1	84	736	819	1.71e-39	156.0
EL240_RS15085	20	100.0	84	0	0	1	84	868	951	1.71e-39	156.0
EL240_RS15090	20	99.59299999999999	738	3	0	1	738	1076	1813	0.0	1347.0
EL240_RS15200	13	100.0	237	0	0	1	237	2908	2672	5.059999999999998e-124	438.0
EL240_RS15250	13	100.0	603	0	0	1	603	566	1168	0.0	1114.0
EL240_RS15260	20	99.708	342	1	0	1	342	15238	15579	1.4899999999999992e-180	627.0
EL240_RS15265	20	100.0	231	0	0	1	231	15008	15238	1.06e-120	427.0
EL240_RS15485	20	99.134	231	2	0	1	231	15008	15238	2.2999999999999992e-117	416.0
EL240_RS15490	20	98.24600000000001	342	6	0	1	342	15238	15579	3.2399999999999994e-172	599.0
EL240_RS15500	13	97.181	603	17	0	1	603	566	1168	0.0	1020.0
EL240_RS15615	14	98.016	252	5	0	1	252	2312	2061	5.4099999999999985e-124	438.0
EL240_RS15620	14	96.434	1318	45	2	1	1317	1945	629	0.0	2172.0
EL240_RS15625	14	95.85799999999999	507	21	0	1	507	625	119	0.0	821.0
EL240_RS15635	21	99.275	414	3	0	1	414	438	25	0.0	749.0
EL240_RS15640	21	98.905	822	9	0	1	822	1263	442	0.0	1469.0
EL240_RS15645	21	95.684	1506	65	0	1	1506	1999	3504	0.0	2422.0
EL240_RS15665	20	97.77	897	20	0	1	897	9531	8635	0.0	1546.0
EL240_RS15670	20	99.04799999999999	210	2	0	1	210	8530	8321	9.789999999999998e-106	377.0
EL240_RS15675	20	97.802	273	6	0	1	273	8304	8032	5.809999999999998e-134	472.0
EL240_RS15680	20	96.181	864	33	0	1	864	8030	7167	0.0	1413.0
EL240_RS15700	20	99.59299999999999	738	3	0	1	738	1076	1813	0.0	1347.0
EL240_RS15705	20	98.81	84	1	0	1	84	868	951	7.95e-38	150.0
EL240_RS15855	13	99.678	933	3	0	1	933	42714	43646	0.0	1707.0
EL240_RS15860	13	98.291	117	2	0	1	117	43891	44007	2.52e-54	206.0
EL240_RS15865	13	95.156	1920	93	0	1	1920	44023	45942	0.0	3031.0
EL240_RS15995	20	99.86399999999999	738	1	0	1	738	1076	1813	0.0	1358.0
FOV01_RS13365	14	96.07799999999999	306	12	0	1	306	47227	46922	2.999999999999999e-142	499.0
FOV01_RS13460	14	98.59899999999999	357	2	1	1	357	39509	39156	0.0	628.0
FOV01_RS13520	14	99.556	225	1	0	1	225	3146	2922	1.04e-115	411.0
FOV01_RS13525	14	98.565	209	3	0	2	210	3376	3168	1.6399999999999997e-103	370.0
HTF90_RS00045	13	98.921	834	9	0	1	834	17706	16873	0.0	1491.0
HTG14_RS00040	20	100.0	273	0	0	1	273	8304	8032	5.729999999999998e-144	505.0
HTG14_RS00045	20	99.04799999999999	210	2	0	1	210	8530	8321	9.789999999999998e-106	377.0
HTG14_RS00065	20	95.01899999999999	261	13	0	1	261	9894	9634	1.2199999999999999e-115	411.0
HTG14_RS00070	20	99.322	738	5	0	1	738	1076	1813	0.0	1336.0
HTG14_RS00075	20	100.0	84	0	0	1	84	868	951	1.71e-39	156.0
HTG14_RS00080	20	100.0	84	0	0	1	84	736	819	1.71e-39	156.0
HTG14_RS00145	20	99.322	738	5	0	1	738	1076	1813	0.0	1336.0
HTG14_RS00150	20	100.0	84	0	0	1	84	868	951	1.71e-39	156.0
HTG14_RS00155	20	100.0	84	0	0	1	84	736	819	1.71e-39	156.0
HTG28_RS00040	20	100.0	273	0	0	1	273	8304	8032	5.729999999999998e-144	505.0
HTG28_RS00045	20	99.04799999999999	210	2	0	1	210	8530	8321	9.789999999999998e-106	377.0
HTG28_RS00065	20	95.01899999999999	261	13	0	1	261	9894	9634	1.2199999999999999e-115	411.0
HTG28_RS00070	20	99.322	738	5	0	1	738	1076	1813	0.0	1336.0
HTG28_RS00075	20	100.0	84	0	0	1	84	868	951	1.71e-39	156.0
HTG28_RS00080	20	100.0	84	0	0	1	84	736	819	1.71e-39	156.0
HTG28_RS00145	20	99.322	738	5	0	1	738	1076	1813	0.0	1336.0
HTG28_RS00150	20	100.0	84	0	0	1	84	868	951	1.71e-39	156.0
HTG28_RS00155	20	98.81	84	1	0	1	84	736	819	7.95e-38	150.0
HTG27_RS00040	20	100.0	273	0	0	1	273	8304	8032	5.729999999999998e-144	505.0
HTG27_RS00045	20	99.04799999999999	210	2	0	1	210	8530	8321	9.789999999999998e-106	377.0
HTG27_RS00065	20	95.01899999999999	261	13	0	1	261	9894	9634	1.2199999999999999e-115	411.0
HTG27_RS00070	20	99.322	738	5	0	1	738	1076	1813	0.0	1336.0
HTG27_RS00075	20	100.0	84	0	0	1	84	868	951	1.71e-39	156.0
HTG27_RS00080	20	100.0	84	0	0	1	84	736	819	1.71e-39	156.0
HTG27_RS00145	20	99.322	738	5	0	1	738	1076	1813	0.0	1336.0
HTG27_RS00150	20	100.0	84	0	0	1	84	868	951	1.71e-39	156.0
HTG27_RS00155	20	98.81	84	1	0	1	84	736	819	7.95e-38	150.0
HTG21_RS00040	20	100.0	273	0	0	1	273	8304	8032	5.729999999999998e-144	505.0
HTG21_RS00045	20	99.04799999999999	210	2	0	1	210	8530	8321	9.789999999999998e-106	377.0
HTG21_RS00065	20	95.01899999999999	261	13	0	1	261	9894	9634	1.2199999999999999e-115	411.0
HTG21_RS00070	20	99.322	738	5	0	1	738	1076	1813	0.0	1336.0
HTG21_RS00075	20	100.0	84	0	0	1	84	868	951	1.71e-39	156.0
HTG21_RS00080	20	100.0	84	0	0	1	84	736	819	1.71e-39	156.0
HTG21_RS00145	20	99.322	738	5	0	1	738	1076	1813	0.0	1336.0
HTG21_RS00150	20	100.0	84	0	0	1	84	868	951	1.71e-39	156.0
HTG44_RS00040	20	100.0	273	0	0	1	273	8304	8032	5.729999999999998e-144	505.0
HTG44_RS00045	20	99.04799999999999	210	2	0	1	210	8530	8321	9.789999999999998e-106	377.0
HTG44_RS00065	20	95.01899999999999	261	13	0	1	261	9894	9634	1.2199999999999999e-115	411.0
HTG44_RS00070	20	99.322	738	5	0	1	738	1076	1813	0.0	1336.0
HTG44_RS00075	20	100.0	84	0	0	1	84	868	951	1.71e-39	156.0
HTG44_RS00080	20	100.0	84	0	0	1	84	736	819	1.71e-39	156.0
HTG44_RS00145	20	99.322	738	5	0	1	738	1076	1813	0.0	1336.0
HTG44_RS00150	20	97.647	85	1	1	1	85	868	951	3.75e-36	145.0
HTG44_RS00155	20	100.0	84	0	0	1	84	736	819	1.71e-39	156.0
HTK17_RS00030	20	100.0	84	0	0	1	84	868	951	1.71e-39	156.0
HTK17_RS00035	20	100.0	84	0	0	1	84	736	819	1.71e-39	156.0
HTK17_RS00060	13	98.801	834	10	0	1	834	17706	16873	0.0	1485.0
HTK17_RS00220	20	100.0	231	0	0	1	231	15008	15238	1.06e-120	427.0
HTK17_RS00225	20	100.0	342	0	0	1	342	15238	15579	0.0	632.0
HTK17_RS00235	13	100.0	603	0	0	1	603	566	1168	0.0	1114.0
HTK17_RS00310	13	99.229	1686	13	0	1	1686	28591	26906	0.0	3042.0
HTK17_RS00315	13	98.319	357	6	0	1	357	28948	28592	1.5599999999999995e-180	627.0
HTK17_RS00320	13	100.0	273	0	0	1	273	29466	29194	5.729999999999998e-144	505.0
HTK17_RS00325	13	98.611	2160	30	0	1	2160	31658	29499	0.0	3823.0
HTK17_RS00335	13	99.413	681	4	0	1	681	3261	3941	0.0	1236.0
HTK17_RS00340	13	97.954	831	17	0	1	831	22745	23575	0.0	1441.0
HTK17_RS00345	13	99.2	750	6	0	1	750	21996	22745	0.0	1352.0
HTK17_RS00350	13	98.911	918	10	0	1	918	21086	22003	0.0	1640.0
HTK17_RS00355	13	100.0	615	0	0	1	615	20289	20903	0.0	1136.0
HTK17_RS00360	13	100.0	327	0	0	1	327	19973	20299	6.639999999999998e-174	604.0
HTK17_RS00370	13	99.413	681	4	0	1	681	3261	3941	0.0	1236.0
HTK17_RS00395	13	100.0	411	0	0	1	411	41309	41719	0.0	760.0
HTK17_RS00400	13	100.0	1002	0	0	1	1002	41716	42717	0.0	1851.0
HTK17_RS00405	13	100.0	933	0	0	1	933	42714	43646	0.0	1724.0
HTK17_RS00410	13	100.0	117	0	0	1	117	43891	44007	1.1599999999999998e-57	217.0
HTK17_RS00415	13	100.0	1920	0	0	1	1920	44023	45942	0.0	3546.0
HTK17_RS00420	13	98.039	51	1	0	1	51	46052	46102	8.92e-20	89.8
HTK17_RS00425	13	100.0	1377	0	0	1	1377	46136	47512	0.0	2543.0
HTK17_RS00440	13	100.0	1263	0	0	1	1263	48076	49338	0.0	2333.0
HTK17_RS00445	13	100.0	558	0	0	1	558	49816	49259	0.0	1031.0
HTK17_RS00450	13	100.0	261	0	0	1	261	50076	49816	2.5599999999999996e-137	483.0
HTK17_RS00455	13	100.0	1627	0	0	1	1627	51742	50116	0.0	3005.0
HTK17_RS00460	13	99.70100000000001	669	2	0	1	669	52453	51785	0.0	1225.0
HTK17_RS00480	20	100.0	84	0	0	1	84	736	819	1.71e-39	156.0
HTK17_RS00485	20	100.0	84	0	0	1	84	868	951	1.71e-39	156.0
HTK17_RS00490	20	99.458	738	4	0	1	738	1076	1813	0.0	1341.0
HTK17_RS00495	20	95.01899999999999	261	13	0	1	261	9894	9634	1.2199999999999999e-115	411.0
HTK17_RS00500	20	97.993	897	18	0	1	897	9531	8635	0.0	1557.0
HTK17_RS00505	20	96.667	210	7	0	1	210	8530	8321	2.1299999999999995e-97	350.0
HTK87_RS00065	14	95.596	1317	58	0	1	1317	1945	629	0.0	2111.0
HTK87_RS00070	14	96.25200000000001	507	19	0	1	507	625	119	0.0	832.0
HTK87_RS00080	21	99.03399999999999	414	4	0	1	414	438	25	0.0	743.0
HTK87_RS00085	21	99.027	822	8	0	1	822	1263	442	0.0	1474.0
HTL21_RS00070	13	100.0	1263	0	0	1	1263	48076	49338	0.0	2333.0
HTL21_RS00075	13	100.0	1377	0	0	1	1377	46136	47512	0.0	2543.0
HTL21_RS00080	13	100.0	51	0	0	1	51	46052	46102	1.92e-21	95.3
HTL21_RS00085	13	99.948	1920	1	0	1	1920	44023	45942	0.0	3541.0
HTL21_RS00090	13	100.0	117	0	0	1	117	43891	44007	1.1599999999999998e-57	217.0
HTL21_RS00095	13	100.0	933	0	0	1	933	42714	43646	0.0	1724.0
HTL21_RS00100	13	100.0	1002	0	0	1	1002	41716	42717	0.0	1851.0
HTL21_RS00105	13	99.95299999999999	2134	1	0	9	2142	39586	41719	0.0	3936.0
HTL02_RS00145	13	100.0	1263	0	0	1	1263	48076	49338	0.0	2333.0
HTL02_RS00150	13	100.0	1377	0	0	1	1377	46136	47512	0.0	2543.0
HTL02_RS00155	13	100.0	51	0	0	1	51	46052	46102	1.92e-21	95.3
HTL02_RS00160	13	99.948	1920	1	0	1	1920	44023	45942	0.0	3541.0
HTL02_RS00165	13	100.0	117	0	0	1	117	43891	44007	1.1599999999999998e-57	217.0
HTL02_RS00170	13	100.0	933	0	0	1	933	42714	43646	0.0	1724.0
HTL02_RS00175	13	100.0	1002	0	0	1	1002	41716	42717	0.0	1851.0
HTL02_RS00180	13	99.95299999999999	2134	1	0	9	2142	39586	41719	0.0	3936.0
HTM13_RS00050	13	100.0	669	0	0	1	669	52453	51785	0.0	1236.0
HTM13_RS00055	13	100.0	1627	0	0	1	1627	51742	50116	0.0	3005.0
HTM13_RS00060	13	100.0	261	0	0	1	261	50076	49816	2.5599999999999996e-137	483.0
HTM13_RS00065	13	99.821	558	0	1	1	557	49816	49259	0.0	1024.0
HTM13_RS00070	13	100.0	1263	0	0	1	1263	48076	49338	0.0	2333.0
HTM13_RS00075	13	100.0	1377	0	0	1	1377	46136	47512	0.0	2543.0
HTM13_RS00080	13	100.0	51	0	0	1	51	46052	46102	1.92e-21	95.3
HTM13_RS00085	13	99.948	1920	1	0	1	1920	44023	45942	0.0	3541.0
HTM13_RS00090	13	97.436	117	2	1	1	116	43891	44007	4.1799999999999995e-52	198.0
HTM13_RS00095	13	100.0	933	0	0	1	933	42714	43646	0.0	1724.0
HTM13_RS00100	13	100.0	1002	0	0	1	1002	41716	42717	0.0	1851.0
HTM13_RS00105	13	100.0	2178	0	0	1	2178	39542	41719	0.0	4023.0
HTM13_RS00110	13	100.0	1146	0	0	1	1146	38394	39539	0.0	2117.0
HTQ42_RS00045	13	97.696	217	4	1	1	216	31658	31442	4.6999999999999994e-104	372.0
HTQ42_RS00050	13	97.696	217	2	3	1	214	31445	31229	1.6899999999999995e-103	370.0
HTQ42_RS00055	13	98.241	2160	38	0	1	2160	31658	29499	0.0	3779.0
HTQ42_RS00060	13	99.26700000000001	273	2	0	1	273	29466	29194	1.2399999999999996e-140	494.0
HTQ42_RS00065	13	98.039	357	7	0	1	357	28948	28592	7.239999999999997e-179	621.0
HTQ42_RS00150	14	98.133	375	7	0	1	375	7415	7041	0.0	654.0
HTQ42_RS00155	14	98.645	369	5	0	1	369	6653	7021	0.0	654.0
HTQ42_RS00165	14	98.086	209	4	0	2	210	3376	3168	7.619999999999999e-102	364.0
HTQ42_RS00170	14	99.556	225	1	0	1	225	3146	2922	1.04e-115	411.0
HTQ42_RS00190	21	95.684	1506	65	0	1	1506	1999	3504	0.0	2422.0
HTQ42_RS00210	14	98.163	381	7	0	1	381	48180	47800	0.0	665.0
HTQ42_RS00215	14	99.09899999999999	222	2	0	1	222	47749	47528	2.22e-112	399.0
HTQ42_RS00220	14	96.296	270	10	0	1	270	47227	46958	1.2499999999999997e-125	444.0
HTQ42_RS00240	14	97.163	141	4	0	1	141	39711	39571	3.069999999999999e-64	239.0
HTQ42_RS00245	14	98.039	357	4	1	1	357	39509	39156	9.369999999999997e-178	617.0
HTV08_RS00095	13	100.0	99	0	0	1	99	20201	20299	9.64e-48	183.0
HTV08_RS00100	13	100.0	615	0	0	1	615	20289	20903	0.0	1136.0
HTW12_RS00025	20	100.0	84	0	0	1	84	736	819	1.71e-39	156.0
HTW12_RS00030	20	98.81	84	1	0	1	84	868	951	7.95e-38	150.0
HTW12_RS00035	20	99.729	738	2	0	1	738	1076	1813	0.0	1352.0
HTW12_RS00075	13	99.413	681	4	0	1	681	3261	3941	0.0	1236.0
HTW12_RS00080	13	97.54899999999999	816	19	1	1	815	22745	23560	0.0	1395.0
HTW12_RS00085	13	99.2	750	6	0	1	750	21996	22745	0.0	1352.0
HTW12_RS00090	13	99.12899999999999	918	8	0	1	918	21086	22003	0.0	1652.0
HTW12_RS00095	13	100.0	615	0	0	1	615	20289	20903	0.0	1136.0
HTW12_RS00100	13	99.694	327	1	0	1	327	19973	20299	3.0899999999999984e-172	599.0
HTW12_RS00110	13	99.413	681	4	0	1	681	3261	3941	0.0	1236.0
HTW12_RS00120	20	96.667	210	7	0	1	210	8530	8321	2.1299999999999995e-97	350.0
HTW12_RS00125	20	97.993	897	18	0	1	897	9531	8635	0.0	1557.0
HTW12_RS00130	20	95.01899999999999	261	13	0	1	261	9894	9634	1.2199999999999999e-115	411.0
HTW12_RS00135	20	99.59299999999999	738	3	0	1	738	1076	1813	0.0	1347.0
HTW12_RS00140	20	100.0	84	0	0	1	84	868	951	1.71e-39	156.0
HTW12_RS00185	20	99.86399999999999	738	1	0	1	738	1076	1813	0.0	1358.0
HTW12_RS00190	20	100.0	84	0	0	1	84	868	951	1.71e-39	156.0
HTW12_RS00245	13	100.0	615	0	0	1	615	20289	20903	0.0	1136.0
HTW12_RS00250	13	100.0	99	0	0	1	99	20201	20299	9.64e-48	183.0
HTW12_RS00325	14	98.16799999999999	1310	24	0	5	1314	9104	7795	0.0	2287.0
HTW12_RS00475	14	97.662	385	9	0	1	385	39134	38750	0.0	662.0
HTW12_RS00480	14	98.88	357	1	1	1	357	39509	39156	0.0	634.0
HTW12_RS00500	14	98.366	306	5	0	1	306	47227	46922	6.369999999999999e-154	538.0
HTW12_RS00505	14	99.09899999999999	222	2	0	1	222	47749	47528	2.22e-112	399.0
HTW12_RS00510	14	97.375	381	10	0	1	381	48180	47800	0.0	649.0
HTW12_RS00515	21	99.023	921	9	0	1	921	7427	6507	0.0	1652.0
HTW12_RS00520	21	96.038	1161	46	0	1	1161	5292	6452	0.0	1890.0
HTW12_RS00570	20	100.0	285	0	0	1	285	14167	13883	1.2799999999999998e-150	527.0
HTW12_RS00575	20	97.42399999999999	621	16	0	1	621	14804	14184	0.0	1059.0
HTW12_RS00580	20	100.0	231	0	0	1	231	15008	15238	1.06e-120	427.0
HTW12_RS00585	20	100.0	342	0	0	1	342	15238	15579	0.0	632.0
HTW12_RS00610	20	99.656	291	0	1	1	291	2677	2966	1.0099999999999997e-151	531.0
HTW12_RS00615	20	100.0	1614	0	0	1	1614	4651	3038	0.0	2981.0
HTW12_RS00620	20	100.0	882	0	0	1	882	5556	4675	0.0	1629.0
HTW12_RS00625	20	100.0	597	0	0	1	597	5867	6463	0.0	1103.0
HTW12_RS00660	13	99.413	681	4	0	1	681	3261	3941	0.0	1236.0
HTW12_RS00680	12	98.507	804	12	0	1	804	30965	30162	0.0	1419.0
HTX01_RS00135	13	100.0	714	0	0	1	714	42004	42717	0.0	1319.0
HTX01_RS00140	13	100.0	933	0	0	1	933	42714	43646	0.0	1724.0
HTX01_RS00145	13	100.0	117	0	0	1	117	43891	44007	1.1599999999999998e-57	217.0
HTX01_RS00150	13	100.0	1920	0	0	1	1920	44023	45942	0.0	3546.0
HTX01_RS00155	13	100.0	51	0	0	1	51	46052	46102	1.92e-21	95.3
HTX01_RS00160	13	99.927	1377	1	0	1	1377	46136	47512	0.0	2538.0
HTX46_RS00005	20	99.678	621	2	0	1	621	14804	14184	0.0	1136.0
HTX46_RS00010	20	100.0	285	0	0	1	285	14167	13883	1.2799999999999998e-150	527.0
HTX46_RS00060	21	96.038	1161	46	0	1	1161	5292	6452	0.0	1890.0
HTX46_RS00065	21	99.023	921	9	0	1	921	7427	6507	0.0	1652.0
HTX46_RS00070	14	97.375	381	10	0	1	381	48180	47800	0.0	649.0
HTX46_RS00075	14	99.09899999999999	222	2	0	1	222	47749	47528	2.22e-112	399.0
HTX46_RS00080	14	98.366	306	5	0	1	306	47227	46922	6.369999999999999e-154	538.0
HTX46_RS00100	14	98.88	357	1	1	1	357	39509	39156	0.0	634.0
HTX46_RS00105	14	97.662	385	9	0	1	385	39134	38750	0.0	662.0
A6B47_RS14275	21	95.78	1161	49	0	1	1161	5292	6452	0.0	1873.0
A6B47_RS14280	21	97.286	921	25	0	1	921	7427	6507	0.0	1563.0
A6B47_RS14630	1	96.809	1034	21	1	2	1023	365182	366215	0.0	1716.0
A6B47_RS14690	25	95.76299999999999	118	5	0	1	118	701	584	7.28e-50	191.0
A6B47_RS14770	6	99.359	780	5	0	1	780	146926	147705	0.0	1413.0
A6B47_RS14775	6	98.20100000000001	945	5	1	1	933	147742	148686	0.0	1640.0
A6B47_RS14780	6	99.359	780	5	0	1	780	148702	149481	0.0	1413.0
A6B47_RS14785	6	99.27799999999999	693	5	0	1	693	149493	150185	0.0	1253.0
A6B47_RS14790	6	99.60600000000001	762	3	0	1	762	150205	150966	0.0	1391.0
A6B47_RS14795	6	99.45	1818	10	0	1	1818	150979	152796	0.0	3302.0
A6B47_RS14800	6	99.697	660	2	0	1	660	152780	153439	0.0	1208.0
A6B47_RS14805	6	99.723	1083	3	0	1	1083	153477	154559	0.0	1984.0
A6B47_RS14810	6	99.676	618	2	0	1	618	154552	155169	0.0	1131.0
A6B47_RS14815	6	99.75299999999999	1215	3	0	1	1215	155177	156391	0.0	2228.0
A6B47_RS14820	6	99.609	1023	4	0	1	1023	156411	157433	0.0	1868.0
A6B47_RS14825	6	99.73	1110	3	0	1	1110	157430	158539	0.0	2034.0
A6B47_RS14830	6	99.37799999999999	1125	7	0	1	1125	158543	159667	0.0	2039.0
A6B47_RS14835	6	99.3	1143	8	0	1	1143	159664	160806	0.0	2067.0
A6B47_RS14840	6	99.486	1167	6	0	1	1167	160996	162162	0.0	2122.0
A6B47_RS14845	6	100.0	1413	0	0	1	1413	162166	163578	0.0	2610.0
A6B47_RS14850	6	99.853	1362	2	0	1	1362	163633	164994	0.0	2505.0
A6B47_RS14855	6	99.779	453	1	0	1	453	165106	165558	0.0	832.0
A6B47_RS14870	1	99.84100000000001	630	1	0	1	630	295433	296062	0.0	1158.0
A6B47_RS14875	1	99.869	762	1	0	1	762	294663	295424	0.0	1402.0
A6B47_RS14905	20	98.24600000000001	342	6	0	1	342	15238	15579	3.2399999999999994e-172	599.0
A6B47_RS14910	20	99.134	231	2	0	1	231	15008	15238	2.2999999999999992e-117	416.0
A6B47_RS14955	14	96.03200000000001	252	10	0	1	252	2312	2061	1.18e-115	411.0
A6B47_RS14995	14	99.02	306	3	0	1	306	47227	46922	2.9399999999999995e-157	549.0
A6B47_RS15010	14	97.175	354	10	0	1	354	39509	39156	3.3599999999999983e-172	599.0
A6B47_RS15240	14	96.45700000000001	621	22	0	1	621	4295	3675	0.0	1026.0
A6B47_RS15245	14	95.541	314	14	0	2	315	3684	3371	2.3999999999999994e-143	503.0
DTO64_RS15955	20	100.0	84	0	0	1	84	868	951	1.71e-39	156.0
DTO64_RS15960	20	99.86399999999999	738	1	0	1	738	1076	1813	0.0	1358.0
DTO64_RS15970	20	95.01899999999999	261	13	0	1	261	9894	9634	1.2199999999999999e-115	411.0
DTO64_RS16025	20	95.98700000000001	897	36	0	1	897	9531	8635	0.0	1458.0
DTO64_RS16030	20	96.19	210	8	0	1	210	8530	8321	9.929999999999998e-96	344.0
DTO64_RS16055	13	99.103	669	6	0	1	669	52453	51785	0.0	1203.0
DTO64_RS16080	13	99.413	681	4	0	1	681	3261	3941	0.0	1236.0
DTO64_RS16110	13	99.413	681	4	0	1	681	3261	3941	0.0	1236.0
DTO64_RS16115	13	97.954	831	17	0	1	831	22745	23575	0.0	1441.0
DTO64_RS16120	13	99.2	750	6	0	1	750	21996	22745	0.0	1352.0
DTO64_RS16125	13	99.12899999999999	918	8	0	1	918	21086	22003	0.0	1652.0
DTO64_RS16130	13	100.0	615	0	0	1	615	20289	20903	0.0	1136.0
DTO64_RS17010	13	99.694	327	1	0	1	327	19973	20299	3.0899999999999984e-172	599.0
DTO64_RS16145	13	99.413	681	4	0	1	681	3261	3941	0.0	1236.0
DTO64_RS16185	13	99.413	681	4	0	1	681	3261	3941	0.0	1236.0
DTO64_RS16365	14	98.133	375	7	0	1	375	7415	7041	0.0	654.0
DTO64_RS16505	20	95.161	620	30	0	1	620	14804	14185	0.0	979.0
DTO64_RS16510	14	97.569	288	7	0	1	288	3658	3371	1.3099999999999998e-140	494.0
DTO64_RS16640	14	96.546	579	20	0	1	579	46911	46333	0.0	959.0
DTO64_RS16650	14	96.90100000000001	1581	49	0	1	1581	45819	44239	0.0	2649.0
DTO64_RS16670	14	97.55799999999999	3891	95	0	1	3891	43461	39571	0.0	6660.0
DTO64_RS16675	14	98.305	354	6	0	1	354	39509	39156	7.179999999999997e-179	621.0
DTO64_RS16680	14	97.662	385	9	0	1	385	39134	38750	0.0	662.0
GKQ57_RS13975	14	98.693	306	4	0	1	306	47227	46922	1.3699999999999996e-155	544.0
GKQ57_RS14000	14	97.191	356	7	1	1	356	39509	39157	3.389999999999999e-172	599.0
GKQ57_RS14295	20	95.161	620	30	0	1	620	14804	14185	0.0	979.0
GKQ57_RS14300	14	97.569	288	7	0	1	288	3658	3371	1.3099999999999998e-140	494.0
GKQ57_RS14600	14	95.556	315	14	0	1	315	3685	3371	6.659999999999998e-144	505.0
SAW_RS16665	13	98.287	2160	37	0	1	2160	31658	29499	0.0	3784.0
SAW_RS16670	13	98.889	270	3	0	1	270	29466	29197	2.649999999999999e-137	483.0
SAW_RS16675	13	96.639	357	12	0	1	357	28948	28592	1.5799999999999996e-170	593.0
SAW_RS16850	20	95.161	620	30	0	1	620	14804	14185	0.0	979.0
SAW_RS16855	14	97.569	288	7	0	1	288	3658	3371	1.3099999999999998e-140	494.0
SAW_RS16965	14	97.045	2673	79	0	1	2673	46911	44239	0.0	4499.0
SAW_RS16985	14	96.661	3893	126	4	1	3891	43461	39571	0.0	6466.0
SAW_RS16990	14	96.919	357	8	1	1	357	39509	39156	4.389999999999998e-171	595.0
SAW_RS17150	13	100.0	1263	0	0	1	1263	48076	49338	0.0	2333.0
SAW_RS17245	20	100.0	231	0	0	1	231	15008	15238	1.06e-120	427.0
SAW_RS17250	20	100.0	342	0	0	1	342	15238	15579	0.0	632.0
SAW_RS17255	20	100.0	471	0	0	1	471	15691	16161	0.0	870.0
SAW_RS17290	20	100.0	738	0	0	1	738	1076	1813	0.0	1363.0
SAW_RS17295	20	100.0	84	0	0	1	84	868	951	1.71e-39	156.0
SAW_RS17300	20	100.0	84	0	0	1	84	736	819	1.71e-39	156.0
