HS157_RS00005	24	99.271	960	7	0	1	960	3712	4671	0.0	1735.0
pVEF1_007	24	95.37799999999999	887	41	0	11	897	32129	31243	0.0	1411.0
pVEF1_008	24	97.685	216	5	0	1	216	31172	30957	4.669999999999999e-104	372.0
pVEF1_031	24	95.37	216	10	0	1	216	31172	30957	1.0199999999999996e-95	344.0
pVEF1_032	24	98.529	272	4	0	2	273	30939	30668	9.599999999999998e-137	481.0
pVEF217	24	95.37799999999999	887	41	0	11	897	32129	31243	0.0	1411.0
pVEF223	24	97.685	216	5	0	1	216	31172	30957	4.669999999999999e-104	372.0
pVEF224	24	95.37	216	10	0	1	216	31172	30957	1.0199999999999996e-95	344.0
pVEF218	24	98.529	272	4	0	2	273	30939	30668	9.599999999999998e-137	481.0
-pVEF3_p18	24	95.37799999999999	887	41	0	11	897	32129	31243	0.0	1411.0
-pVEF3_p19	24	97.685	216	5	0	1	216	31172	30957	4.669999999999999e-104	372.0
-pVEF3_p41	24	95.37	216	10	0	1	216	31172	30957	1.0199999999999996e-95	344.0
pIP816p12	24	97.685	216	5	0	1	216	31172	30957	4.669999999999999e-104	372.0
pIP816p13	24	95.37799999999999	887	41	0	11	897	32129	31243	0.0	1411.0
pMG1_p05	24	100.0	291	0	0	1	291	32205	32495	5.989999999999999e-154	538.0
pMG1_p06	24	99.07	645	6	0	1	645	32723	33367	0.0	1158.0
pAMalpha1_p4	38	100.0	225	0	0	1	225	1270	1494	2.2199999999999996e-117	416.0
pAMalpha1_p5	38	100.0	297	0	0	1	297	850	1146	2.8299999999999997e-157	549.0
pAMalpha1_p6	38	100.0	723	0	0	1	723	1	723	0.0	1336.0
pAMalpha1_p7	38	100.0	312	0	0	1	312	3915	4226	1.3699999999999992e-165	577.0
pAMalpha1_p8	38	99.005	201	2	0	1	201	3692	3892	9.329999999999996e-101	361.0
pAMalpha1_p9	38	99.881	1680	2	0	1	1680	1924	3603	0.0	3092.0
HS082_RS00040	24	99.57	1163	5	0	1	1163	32205	33367	0.0	2121.0
HS082_RS00355	24	99.68799999999999	960	3	0	1	960	3712	4671	0.0	1757.0
pWZ1668_p08	24	99.164	837	7	0	1	837	32531	33367	0.0	1507.0
pWZ1668_p09	24	99.656	291	1	0	1	291	32205	32495	2.7899999999999993e-152	532.0
pWZ1668_p19	24	96.28	887	33	0	11	897	32129	31243	0.0	1456.0
pTW9_p69	24	95.255	548	26	0	11	558	32129	31582	0.0	869.0
pTW9_p79	24	95.61399999999999	342	15	0	1	342	31584	31243	3.289999999999998e-157	549.0
pTW9_p80	24	95.37	216	10	0	1	216	31172	30957	1.0199999999999996e-95	344.0
pTW9_p81	24	98.529	272	4	0	2	273	30939	30668	9.599999999999998e-137	481.0
pTW9_p82	24	100.0	78	0	0	1	78	30666	30589	3.3399999999999994e-36	145.0
pTW9_p90	24	97.255	255	6	1	1	254	19766	19512	9.069999999999999e-122	431.0
HS814_RS00170	24	97.135	1710	45	4	1	1709	24817	23111	0.0	2883.0
HS814_RS00175	24	96.53	317	11	0	2	318	25133	24817	5.129999999999999e-150	525.0
HS814_RS00180	24	99.286	981	7	0	1	981	26142	25162	0.0	1773.0
HS814_RS00185	24	99.035	933	9	0	1	933	27077	26145	0.0	1674.0
HS814_RS00190	24	97.09299999999999	516	15	0	1	516	27603	27088	0.0	870.0
HS814_RS00195	24	98.59200000000001	426	6	0	1	426	28045	27620	0.0	754.0
HS814_RS00200	24	98.054	771	11	4	1	770	28533	29300	0.0	1338.0
G7C14_RS00120	24	99.486	389	2	0	1	389	3712	4100	0.0	708.0
PVF_RS00245	24	96.661	1707	57	0	1	1707	24817	23111	0.0	2837.0
PVF_RS00255	24	97.554	981	24	0	1	981	26142	25162	0.0	1679.0
PVF_RS00260	24	98.60700000000001	933	13	0	1	933	27077	26145	0.0	1652.0
PVF_RS00265	24	97.09299999999999	516	15	0	1	516	27603	27088	0.0	870.0
PVF_RS00270	24	99.061	426	4	0	1	426	28045	27620	0.0	765.0
PVF_RS00275	24	97.094	757	20	2	1	756	28533	29288	0.0	1275.0
pSM19035_006	24	95.49	887	40	0	11	897	32129	31243	0.0	1417.0
pSM19035_007	24	97.685	216	5	0	1	216	31172	30957	4.669999999999999e-104	372.0
pSM19035_014	24	97.685	216	5	0	1	216	31172	30957	4.669999999999999e-104	372.0
pSM19035_015	24	95.49	887	40	0	11	897	32129	31243	0.0	1417.0
HS798_RS00090	24	99.57	1163	5	0	1	1163	32205	33367	0.0	2121.0
HS375_RS00125	24	98.008	1707	34	0	1	1707	24817	23111	0.0	2964.0
HS375_RS00130	24	96.53	317	11	0	2	318	25133	24817	5.129999999999999e-150	525.0
HS375_RS00135	24	99.185	981	8	0	1	981	26142	25162	0.0	1768.0
HS375_RS00140	24	99.035	933	9	0	1	933	27077	26145	0.0	1674.0
HS375_RS00145	24	96.512	516	18	0	1	516	27603	27088	0.0	854.0
HS375_RS00150	24	98.82600000000001	426	5	0	1	426	28045	27620	0.0	760.0
HS375_RS00155	24	99.34899999999999	768	5	0	1	768	28533	29300	0.0	1391.0
HXI36_RS00085	24	95.039	887	44	0	11	897	32129	31243	0.0	1395.0
HXI36_RS00090	24	95.238	210	10	0	1	210	31166	30957	2.14e-92	333.0
HXI36_RS00095	24	98.529	272	4	0	2	273	30939	30668	9.599999999999998e-137	481.0
HXI36_RS00250	24	95.49	887	40	0	11	897	32129	31243	0.0	1417.0
HXI36_RS00255	24	99.04799999999999	210	2	0	1	210	31166	30957	9.729999999999998e-106	377.0
HXI36_RS00260	24	97.794	272	6	0	2	273	30939	30668	2.0799999999999994e-133	470.0
HXI36_RS00290	24	99.57	1163	5	0	1	1163	32205	33367	0.0	2121.0
HS679_RS00045	24	96.28	887	33	0	11	897	32129	31243	0.0	1456.0
HS679_RS00050	24	96.19	210	8	0	1	210	31166	30957	9.869999999999997e-96	344.0
D686_p36	24	99.164	837	7	0	1	837	32531	33367	0.0	1507.0
D686_p37	24	99.656	291	1	0	1	291	32205	32495	2.7899999999999993e-152	532.0
D686_p31	24	96.28	887	33	0	11	897	32129	31243	0.0	1456.0
D686_p30	24	95.833	216	9	0	1	216	31172	30957	2.1899999999999992e-97	350.0
HS631_RS00245	24	98.125	1707	32	0	1	1707	24817	23111	0.0	2976.0
HS631_RS00250	24	96.845	317	10	0	2	318	25133	24817	1.0999999999999998e-151	531.0
HS631_RS00255	24	99.286	981	7	0	1	981	26142	25162	0.0	1773.0
HS631_RS00260	24	98.928	933	10	0	1	933	27077	26145	0.0	1668.0
HS631_RS00265	24	96.705	516	17	0	1	516	27603	27088	0.0	859.0
HS631_RS00270	24	98.82600000000001	426	5	0	1	426	28045	27620	0.0	760.0
HS631_RS00275	24	99.479	768	4	0	1	768	28533	29300	0.0	1397.0
D686_p1035	24	99.164	837	7	0	1	837	32531	33367	0.0	1507.0
D686_p1036	24	99.656	291	1	0	1	291	32205	32495	2.7899999999999993e-152	532.0
D686_p1030	24	96.28	887	33	0	11	897	32129	31243	0.0	1456.0
D686_p1029	24	95.833	216	9	0	1	216	31172	30957	2.1899999999999992e-97	350.0
HS335_RS00060	24	96.956	887	27	0	11	897	32129	31243	0.0	1489.0
HS335_RS00065	24	97.619	210	5	0	1	210	31166	30957	9.799999999999998e-101	361.0
pLK0018_p08	24	95.37799999999999	887	41	0	11	897	32129	31243	0.0	1411.0
pLK0018_p09	24	98.529	272	4	0	2	273	30939	30668	9.599999999999998e-137	481.0
D684_p4006	24	95.49	887	40	0	11	897	32129	31243	0.0	1417.0
D684_p4007	24	97.685	216	5	0	1	216	31172	30957	4.669999999999999e-104	372.0
D684_p4014	24	97.685	216	5	0	1	216	31172	30957	4.669999999999999e-104	372.0
D684_p4015	24	95.49	887	40	0	11	897	32129	31243	0.0	1417.0
CY96_RS27335	37	95.946	74	3	0	1	74	8980	8907	5.24e-29	121.0
FHK66_RS13850	24	99.485	1164	5	1	1	1164	32205	33367	0.0	2115.0
FHK66_RS14065	24	98.555	969	14	0	1	969	3712	4680	0.0	1712.0
FHK66_RS14755	24	99.57	1163	5	0	1	1163	32205	33367	0.0	2121.0
FJM50_RS28575	37	98.611	72	1	0	1	72	7626	7555	3.02e-31	128.0
FJM50_RS28575	37	98.611	72	1	0	1	72	8392	8321	3.02e-31	128.0
FJM50_RS28585	37	97.29700000000001	74	2	0	1	74	7813	7740	1.19e-30	126.0
FJM50_RS28585	37	97.29700000000001	74	2	0	1	74	8480	8407	1.19e-30	126.0
FJM50_RS28605	50	98.63	73	1	0	1	73	13	85	9.019999999999999e-32	130.0
FJM50_RS28605	37	98.63	73	1	0	1	73	9169	9097	9.019999999999999e-32	130.0
FJM50_RS28610	37	100.0	74	0	0	1	74	9256	9183	5.4899999999999995e-34	137.0
FJM50_RS28610	14	100.0	74	0	0	1	74	89	162	5.4899999999999995e-34	137.0
FKZ20_RS00705	24	100.0	132	0	0	1	132	30489	30358	6.069999999999999e-66	244.0
FKZ20_RS00710	24	98.573	981	6	3	1	980	29305	30278	0.0	1727.0
FKZ20_RS00715	24	99.479	768	4	0	1	768	28533	29300	0.0	1397.0
FKZ20_RS00720	24	99.296	426	3	0	1	426	28045	27620	0.0	771.0
FKZ20_RS00725	24	99.61200000000001	516	2	0	1	516	27603	27088	0.0	942.0
FKZ20_RS00730	24	99.464	933	5	0	1	933	27077	26145	0.0	1696.0
FKZ20_RS00735	24	99.694	981	3	0	1	981	26142	25162	0.0	1796.0
FKZ20_RS00740	24	100.0	318	0	0	1	318	25134	24817	6.449999999999998e-169	588.0
FKZ20_RS00745	24	99.649	1707	6	0	1	1707	24817	23111	0.0	3120.0
FKZ20_RS00750	24	99.929	1407	1	0	1	1407	22969	21563	0.0	2593.0
FKZ20_RS00755	24	99.26700000000001	273	2	0	1	273	21540	21268	1.2299999999999997e-140	494.0
FKZ20_RS00760	24	99.667	900	3	0	1	900	21247	20348	0.0	1646.0
FKZ20_RS00765	24	99.31200000000001	1163	8	0	1	1163	32205	33367	0.0	2104.0
FKZ20_RS01065	24	99.656	1163	4	0	1	1163	32205	33367	0.0	2126.0
FKZ20_RS01135	24	99.57	1163	5	0	1	1163	32205	33367	0.0	2121.0
FKZ20_RS15815	24	99.57	1163	5	0	1	1163	32205	33367	0.0	2121.0
FKZ20_RS15950	24	97.685	216	5	0	1	216	31172	30957	4.669999999999999e-104	372.0
EXV96_RS14190	24	99.656	1163	4	0	1	1163	32205	33367	0.0	2126.0
EXV96_RS14255	24	99.656	1163	4	0	1	1163	32205	33367	0.0	2126.0
EXV96_RS15810	24	99.57	1163	5	0	1	1163	32205	33367	0.0	2121.0
OEA_RS33475	37	100.0	74	0	0	1	74	9256	9183	5.4899999999999995e-34	137.0
OEA_RS33475	14	100.0	74	0	0	1	74	89	162	5.4899999999999995e-34	137.0
OEA_RS33480	50	97.26	73	1	1	1	72	13	85	1.48e-29	122.0
OEA_RS33480	37	97.26	73	1	1	1	72	9169	9097	1.48e-29	122.0
OEA_RS33500	37	97.29700000000001	74	2	0	1	74	7813	7740	1.19e-30	126.0
OEA_RS33500	37	97.29700000000001	74	2	0	1	74	8480	8407	1.19e-30	126.0
OEA_RS33510	37	98.611	72	1	0	1	72	7626	7555	3.02e-31	128.0
OEA_RS33510	37	98.611	72	1	0	1	72	8392	8321	3.02e-31	128.0
EFD32_RS15030	24	95.265	887	42	0	11	897	32129	31243	0.0	1406.0
EFD32_RS15035	24	99.04799999999999	210	2	0	1	210	31166	30957	9.729999999999998e-106	377.0
EFD32_RS15040	24	97.794	272	6	0	2	273	30939	30668	2.0799999999999994e-133	470.0
UC509_RS11470	24	98.008	1707	34	0	1	1707	24817	23111	0.0	2964.0
UC509_RS11475	24	96.215	317	12	0	2	318	25133	24817	2.3899999999999996e-148	520.0
UC509_RS11480	24	99.286	981	7	0	1	981	26142	25162	0.0	1773.0
UC509_RS11485	24	98.928	933	10	0	1	933	27077	26145	0.0	1668.0
UC509_RS11490	24	96.512	516	18	0	1	516	27603	27088	0.0	854.0
UC509_RS11495	24	98.82600000000001	426	5	0	1	426	28045	27620	0.0	760.0
UC509_RS11500	24	99.219	768	6	0	1	768	28533	29300	0.0	1386.0
MC28_RS27620	37	98.649	74	1	0	1	74	8980	8907	2.4199999999999998e-32	132.0
MC28_RS29740	37	98.649	74	1	0	1	74	8980	8907	2.4199999999999998e-32	132.0
AL024_RS15680	24	99.57	1163	5	0	1	1163	32205	33367	0.0	2121.0
AL024_RS15745	24	99.656	1163	4	0	1	1163	32205	33367	0.0	2126.0
DN407_RS31340	37	97.29700000000001	74	2	0	1	74	8980	8907	1.1299999999999999e-30	126.0
FZP47_RS13155	24	98.646	960	13	0	1	960	3712	4671	0.0	1701.0
FZP47_RS13220	24	99.57	1163	5	0	1	1163	32205	33367	0.0	2121.0
FZP47_RS13380	24	98.646	960	13	0	1	960	3712	4671	0.0	1701.0
FS851_RS15070	24	98.529	272	4	0	2	273	30939	30668	9.599999999999998e-137	481.0
FS851_RS15075	24	95.37	216	10	0	1	216	31172	30957	1.0199999999999996e-95	344.0
FS851_RS15080	24	95.37799999999999	887	41	0	11	897	32129	31243	0.0	1411.0
FTN78_RS12655	24	99.479	768	4	0	1	768	28533	29300	0.0	1397.0
FTN78_RS12660	24	98.82600000000001	426	5	0	1	426	28045	27620	0.0	760.0
FTN78_RS12665	24	96.512	516	18	0	1	516	27603	27088	0.0	854.0
FTN78_RS12670	24	99.035	933	9	0	1	933	27077	26145	0.0	1674.0
FTN78_RS12675	24	99.286	981	7	0	1	981	26142	25162	0.0	1773.0
FTN78_RS12680	24	96.53	317	11	0	2	318	25133	24817	5.129999999999999e-150	525.0
FTN78_RS12685	24	98.008	1707	34	0	1	1707	24817	23111	0.0	2964.0
F6440_RS14475	24	99.656	1163	4	0	1	1163	32205	33367	0.0	2126.0
F6440_RS14790	24	99.656	1163	4	0	1	1163	32205	33367	0.0	2126.0
F6440_RS14855	24	99.57	1163	5	0	1	1163	32205	33367	0.0	2121.0
F6440_RS15325	24	99.57	1163	5	0	1	1163	32205	33367	0.0	2121.0
F6440_RS15815	24	95.49	887	40	0	11	897	32129	31243	0.0	1417.0
F6440_RS15820	24	99.04799999999999	210	2	0	1	210	31166	30957	9.729999999999998e-106	377.0
F6440_RS15825	24	97.794	272	6	0	2	273	30939	30668	2.0799999999999994e-133	470.0
F6439_RS14530	24	98.646	960	13	0	1	960	3712	4671	0.0	1701.0
F6439_RS14655	24	99.656	1163	4	0	1	1163	32205	33367	0.0	2126.0
F6439_RS14660	24	97.72399999999999	659	7	3	1	658	29305	29956	0.0	1127.0
F6439_RS14665	24	99.479	768	4	0	1	768	28533	29300	0.0	1397.0
F6439_RS14670	24	99.296	426	3	0	1	426	28045	27620	0.0	771.0
F6439_RS14675	24	99.61200000000001	516	2	0	1	516	27603	27088	0.0	942.0
F6439_RS14680	24	99.35700000000001	933	6	0	1	933	27077	26145	0.0	1690.0
F6439_RS14685	24	99.694	981	3	0	1	981	26142	25162	0.0	1796.0
F6439_RS14785	24	99.656	1163	4	0	1	1163	32205	33367	0.0	2126.0
F6439_RS14850	24	99.656	1163	4	0	1	1163	32205	33367	0.0	2126.0
F6439_RS15005	24	99.398	1163	7	0	1	1163	32205	33367	0.0	2109.0
F6439_RS15010	24	99.556	900	4	0	1	900	21247	20348	0.0	1640.0
F6439_RS15015	24	99.26700000000001	273	2	0	1	273	21540	21268	1.2299999999999997e-140	494.0
F6439_RS15020	24	99.929	1407	1	0	1	1407	22969	21563	0.0	2593.0
F6439_RS15025	24	99.649	1707	6	0	1	1707	24817	23111	0.0	3120.0
F6439_RS15030	24	100.0	105	0	0	1	105	24921	24817	4.76e-51	195.0
F6439_RS15740	24	99.57	1163	5	0	1	1163	32205	33367	0.0	2121.0
EfmAA708_RS16180	24	99.484	1163	6	0	1	1163	32205	33367	0.0	2115.0
EfmAA708_RS16290	24	97.685	216	5	0	1	216	31172	30957	4.669999999999999e-104	372.0
FOA09_RS13985	24	96.759	216	7	0	1	216	31172	30957	1.0099999999999998e-100	361.0
FOA09_RS13990	24	95.603	887	39	0	11	897	32129	31243	0.0	1423.0
B4U48_RS15285	24	99.569	928	4	0	2	929	32440	33367	0.0	1692.0
B4U48_RS15675	24	97.685	216	5	0	1	216	31172	30957	4.669999999999999e-104	372.0
EYB36_RS00120	8	95.944	567	23	0	6	572	55318	55884	0.0	920.0
GJ652_RS00915	24	99.656	1163	4	0	1	1163	32205	33367	0.0	2126.0
XM37_RS13770	24	99.656	1163	4	0	1	1163	32205	33367	0.0	2126.0
XM37_RS13830	24	99.57	1163	5	0	1	1163	32205	33367	0.0	2121.0
CEQ83_RS26840	37	98.611	72	1	0	1	72	7626	7555	3.02e-31	128.0
CEQ83_RS26840	37	98.611	72	1	0	1	72	8392	8321	3.02e-31	128.0
CEQ83_RS26845	37	97.29700000000001	74	2	0	1	74	7813	7740	1.1299999999999999e-30	126.0
CEQ83_RS26845	37	97.29700000000001	74	2	0	1	74	8480	8407	1.1299999999999999e-30	126.0
CEQ83_RS26865	50	98.63	73	1	0	1	73	13	85	9.019999999999999e-32	130.0
CEQ83_RS26865	37	98.63	73	1	0	1	73	9169	9097	9.019999999999999e-32	130.0
CEQ83_RS26870	37	100.0	74	0	0	1	74	9256	9183	5.4899999999999995e-34	137.0
CEQ83_RS26870	14	100.0	74	0	0	1	74	89	162	5.4899999999999995e-34	137.0
LLH_RS13185	24	98.008	1707	34	0	1	1707	24817	23111	0.0	2964.0
LLH_RS13190	24	96.53	317	11	0	2	318	25133	24817	5.129999999999999e-150	525.0
LLH_RS13195	24	99.185	981	8	0	1	981	26142	25162	0.0	1768.0
LLH_RS13200	24	99.035	933	9	0	1	933	27077	26145	0.0	1674.0
LLH_RS13205	24	96.318	516	19	0	1	516	27603	27088	0.0	848.0
LLH_RS13210	24	98.82600000000001	426	5	0	1	426	28045	27620	0.0	760.0
LLH_RS13215	24	99.479	768	4	0	1	768	28533	29300	0.0	1397.0
EfmE745_RS13895	24	99.641	1115	4	0	1	1115	32253	33367	0.0	2037.0
EfmE745_RS13950	24	99.552	1115	5	0	1	1115	32253	33367	0.0	2032.0
EfmE745_RS14000	24	99.484	1163	6	0	1	1163	32205	33367	0.0	2115.0
EfmE745_RS14335	24	99.336	602	4	0	1	602	3712	4313	0.0	1090.0
EfmE745_RS14350	24	98.646	960	13	0	1	960	3712	4671	0.0	1701.0
EfmE745_RS14355	24	99.249	666	5	0	1	666	12793	13458	0.0	1203.0
BO233_RS15560	24	99.656	1163	4	0	1	1163	32205	33367	0.0	2126.0
BO233_RS15915	24	99.656	1163	4	0	1	1163	32205	33367	0.0	2126.0
BO233_RS16055	24	97.794	272	6	0	2	273	30939	30668	2.0799999999999994e-133	470.0
BO233_RS16060	24	99.04799999999999	210	2	0	1	210	31166	30957	9.729999999999998e-106	377.0
BO233_RS16065	24	95.49	887	40	0	11	897	32129	31243	0.0	1417.0
BZG32_RS16995	24	95.49	887	40	0	11	897	32129	31243	0.0	1417.0
BZG32_RS17000	24	99.04799999999999	210	2	0	1	210	31166	30957	9.729999999999998e-106	377.0
YBT1520_RS30450	37	95.946	74	3	0	1	74	8980	8907	5.24e-29	121.0
BTK_RS33765	37	95.946	74	3	0	1	74	8980	8907	5.24e-29	121.0
DF16_RS31850	37	95.946	74	3	0	1	74	8980	8907	5.24e-29	121.0
BMT03_RS13435	24	95.49	887	40	0	11	897	32129	31243	0.0	1417.0
BMT03_RS13440	24	95.37	216	10	0	1	216	31172	30957	1.0199999999999996e-95	344.0
BMT03_RS13445	24	98.529	272	4	0	2	273	30939	30668	9.599999999999998e-137	481.0
XI92_RS31140	37	95.946	74	3	0	1	74	8980	8907	5.24e-29	121.0
AXW78_RS27290	37	95.946	74	3	0	1	74	8980	8907	5.24e-29	121.0
BCM43_RS27650	37	95.946	74	3	0	1	74	8980	8907	5.24e-29	121.0
AZI11_RS14260	37	97.29700000000001	74	2	0	1	74	8980	8907	1.1299999999999999e-30	126.0
B2J90_RS28865	37	95.946	74	3	0	1	74	8980	8907	5.24e-29	121.0
BTI247_RS30975	37	95.946	74	3	0	1	74	8980	8907	5.24e-29	121.0
BTG_RS32805	37	98.649	74	1	0	1	74	8980	8907	2.4199999999999998e-32	132.0
BT246_RS33775	37	95.946	74	3	0	1	74	8980	8907	5.24e-29	121.0
CNX66_RS14410	24	99.656	1163	4	0	1	1163	32205	33367	0.0	2126.0
CNX66_RS14475	24	99.656	1163	4	0	1	1163	32205	33367	0.0	2126.0
CNX66_RS15445	24	99.484	1163	6	0	1	1163	32205	33367	0.0	2115.0
CNX66_RS15660	24	97.685	216	5	0	1	216	31172	30957	4.669999999999999e-104	372.0
CNX66_RS15735	24	99.57	1163	5	0	1	1163	32205	33367	0.0	2121.0
CGZ63_RS29920	37	95.946	74	3	0	1	74	8980	8907	5.24e-29	121.0
CG806_RS00805	24	95.37799999999999	887	41	0	11	897	32129	31243	0.0	1411.0
CG806_RS00810	24	95.37	216	10	0	1	216	31172	30957	1.0199999999999996e-95	344.0
CG806_RS00815	24	98.529	272	4	0	2	273	30939	30668	9.599999999999998e-137	481.0
CG806_RS00820	24	100.0	78	0	0	1	78	30666	30589	3.3399999999999994e-36	145.0
CG806_RS00935	38	100.0	1761	0	0	1	1761	1843	3603	0.0	3253.0
CG806_RS00940	38	99.005	201	2	0	1	201	3692	3892	9.329999999999996e-101	361.0
CG806_RS14705	38	100.0	87	0	0	1	87	4498	4412	3.8200000000000004e-41	161.0
CG806_RS00955	38	100.0	723	0	0	1	723	1	723	0.0	1336.0
CG806_RS00960	38	99.663	297	1	0	1	297	850	1146	1.3199999999999997e-155	544.0
CSW12_RS30015	37	95.946	74	3	0	1	74	8980	8907	5.24e-29	121.0
CX663_RS15125	24	99.656	1163	4	0	1	1163	32205	33367	0.0	2126.0
CX663_RS16195	24	97.685	216	5	0	1	216	31172	30957	4.669999999999999e-104	372.0
CX663_RS16325	24	99.57	1163	5	0	1	1163	32205	33367	0.0	2121.0
CO993_RS15365	24	99.656	1163	4	0	1	1163	32205	33367	0.0	2126.0
CO993_RS15450	24	99.57	1163	5	0	1	1163	32205	33367	0.0	2121.0
CO999_RS15415	24	99.656	1163	4	0	1	1163	32205	33367	0.0	2126.0
CO999_RS15500	24	99.57	1163	5	0	1	1163	32205	33367	0.0	2121.0
CO997_RS15415	24	99.656	1163	4	0	1	1163	32205	33367	0.0	2126.0
CO997_RS15500	24	99.57	1163	5	0	1	1163	32205	33367	0.0	2121.0
CO996_RS15405	24	99.656	1163	4	0	1	1163	32205	33367	0.0	2126.0
CO996_RS15490	24	99.57	1163	5	0	1	1163	32205	33367	0.0	2121.0
CO994_RS15395	24	99.656	1163	4	0	1	1163	32205	33367	0.0	2126.0
CO994_RS15480	24	99.57	1163	5	0	1	1163	32205	33367	0.0	2121.0
CO995_RS15395	24	99.656	1163	4	0	1	1163	32205	33367	0.0	2126.0
CO995_RS15480	24	99.57	1163	5	0	1	1163	32205	33367	0.0	2121.0
CO998_RS15395	24	99.656	1163	4	0	1	1163	32205	33367	0.0	2126.0
CO998_RS15480	24	99.57	1163	5	0	1	1163	32205	33367	0.0	2121.0
BXT96_RS15060	24	99.31200000000001	1163	8	0	1	1163	32205	33367	0.0	2104.0
BXT96_RS15065	24	99.667	900	3	0	1	900	21247	20348	0.0	1646.0
BXT96_RS15070	24	99.26700000000001	273	2	0	1	273	21540	21268	1.2299999999999997e-140	494.0
BXT96_RS15075	24	99.929	1407	1	0	1	1407	22969	21563	0.0	2593.0
BXT96_RS15080	24	99.649	1707	6	0	1	1707	24817	23111	0.0	3120.0
BXT96_RS15085	24	100.0	318	0	0	1	318	25134	24817	6.449999999999998e-169	588.0
BXT96_RS15090	24	99.694	981	3	0	1	981	26142	25162	0.0	1796.0
BXT96_RS15095	24	99.464	933	5	0	1	933	27077	26145	0.0	1696.0
BXT96_RS15100	24	99.61200000000001	516	2	0	1	516	27603	27088	0.0	942.0
BXT96_RS15105	24	99.296	426	3	0	1	426	28045	27620	0.0	771.0
BXT96_RS15110	24	99.479	768	4	0	1	768	28533	29300	0.0	1397.0
BXT96_RS15115	24	98.573	981	6	3	1	980	29305	30278	0.0	1727.0
BXT96_RS15120	24	100.0	132	0	0	1	132	30489	30358	6.069999999999999e-66	244.0
BXT96_RS16050	24	99.656	1163	4	0	1	1163	32205	33367	0.0	2126.0
BXT96_RS16115	24	99.57	1163	5	0	1	1163	32205	33367	0.0	2121.0
C1940_RS16680	37	95.946	74	3	0	1	74	8980	8907	5.24e-29	121.0
E3O58_RS00100	24	97.685	216	5	0	1	216	31172	30957	4.669999999999999e-104	372.0
E3O58_RS00105	24	95.28299999999999	318	15	0	1	318	31560	31243	6.689999999999998e-144	505.0
GAY71_RS22285	24	95.49	887	40	0	11	897	32129	31243	0.0	1417.0
GAY71_RS22290	24	97.685	216	5	0	1	216	31172	30957	4.669999999999999e-104	372.0
GAY71_RS22330	24	97.685	216	5	0	1	216	31172	30957	4.669999999999999e-104	372.0
GAY71_RS22335	24	95.49	887	40	0	11	897	32129	31243	0.0	1417.0
F1M88_RS14085	24	95.417	851	38	1	11	860	32129	31279	0.0	1354.0
AL023_RS15620	24	99.656	1163	4	0	1	1163	32205	33367	0.0	2126.0
AL023_RS15690	24	99.57	1163	5	0	1	1163	32205	33367	0.0	2121.0
AL023_RS16200	24	99.31200000000001	1163	8	0	1	1163	32205	33367	0.0	2104.0
AL023_RS16205	24	99.667	900	3	0	1	900	21247	20348	0.0	1646.0
AL023_RS16210	24	99.26700000000001	273	2	0	1	273	21540	21268	1.2299999999999997e-140	494.0
AL023_RS16215	24	99.929	1407	1	0	1	1407	22969	21563	0.0	2593.0
AL023_RS16220	24	99.649	1707	6	0	1	1707	24817	23111	0.0	3120.0
AL023_RS16225	24	100.0	318	0	0	1	318	25134	24817	6.449999999999998e-169	588.0
AL023_RS16230	24	99.694	981	3	0	1	981	26142	25162	0.0	1796.0
AL023_RS16235	24	99.464	933	5	0	1	933	27077	26145	0.0	1696.0
AL023_RS16240	24	99.61200000000001	516	2	0	1	516	27603	27088	0.0	942.0
AL023_RS16245	24	99.296	426	3	0	1	426	28045	27620	0.0	771.0
AL023_RS16250	24	99.479	768	4	0	1	768	28533	29300	0.0	1397.0
AL023_RS16255	24	98.573	981	6	3	1	980	29305	30278	0.0	1727.0
AL023_RS16260	24	100.0	132	0	0	1	132	30489	30358	6.069999999999999e-66	244.0
EBB55_RS14645	24	99.57	1163	5	0	1	1163	32205	33367	0.0	2121.0
EBB55_RS14795	24	99.57	1163	5	0	1	1163	32205	33367	0.0	2121.0
EBB55_RS14870	24	99.656	1163	4	0	1	1163	32205	33367	0.0	2126.0
EBB55_RS15955	24	99.656	1163	4	0	1	1163	32205	33367	0.0	2126.0
EBB55_RS16185	24	97.685	216	5	0	1	216	31172	30957	4.669999999999999e-104	372.0
C7I30_RS13360	24	95.322	855	40	0	1	855	32097	31243	0.0	1358.0
C7I30_RS13365	24	97.685	216	5	0	1	216	31172	30957	4.669999999999999e-104	372.0
C7I31_RS14085	24	99.663	297	1	0	1	297	15911	15615	1.3199999999999997e-155	544.0
C7I31_RS14090	24	100.0	975	0	0	1	975	15151	14177	0.0	1801.0
C7I31_RS14130	24	99.624	1064	4	0	1	1064	32205	33268	0.0	1943.0
C7I31_RS14260	24	99.484	1163	6	0	1	1163	32205	33367	0.0	2115.0
C7I31_RS14280	24	99.484	1163	6	0	1	1163	32205	33367	0.0	2115.0
DOU32_RS14695	8	95.76	566	24	0	6	571	55318	55883	0.0	913.0
DOU31_RS14550	8	95.76	566	24	0	6	571	55318	55883	0.0	913.0
EFAU085_RS14765	24	99.57	1163	5	0	1	1163	32205	33367	0.0	2121.0
EFAU085_RS15125	24	98.96799999999999	1163	12	0	1	1163	32205	33367	0.0	2082.0
EFAU085_RS15130	24	99.667	900	3	0	1	900	21247	20348	0.0	1646.0
EFAU085_RS15135	24	99.26700000000001	273	2	0	1	273	21540	21268	1.2299999999999997e-140	494.0
EFAU085_RS15140	24	99.929	1407	1	0	1	1407	22969	21563	0.0	2593.0
EFAU085_RS15145	24	99.59	1707	7	0	1	1707	24817	23111	0.0	3114.0
EFAU085_RS15150	24	100.0	318	0	0	1	318	25134	24817	6.449999999999998e-169	588.0
EFAU085_RS15155	24	99.59299999999999	982	3	1	1	982	26142	25162	0.0	1790.0
EFAU085_RS15160	24	99.464	933	5	0	1	933	27077	26145	0.0	1696.0
EFAU085_RS15165	24	99.61200000000001	516	2	0	1	516	27603	27088	0.0	942.0
EFAU085_RS15170	24	99.296	426	3	0	1	426	28045	27620	0.0	771.0
EFAU085_RS15175	24	99.479	768	4	0	1	768	28533	29300	0.0	1397.0
EFAU085_RS17245	24	98.573	981	6	3	1	980	29305	30278	0.0	1727.0
EFAU085_RS15845	24	97.685	216	5	0	1	216	31172	30957	4.669999999999999e-104	372.0
EFAU085_RS15980	24	99.656	1163	4	0	1	1163	32205	33367	0.0	2126.0
DR75_RS00160	24	99.896	960	1	0	1	960	12793	13752	0.0	1768.0
DR75_RS00165	24	99.68799999999999	960	3	0	1	960	3712	4671	0.0	1757.0
LACR_RS13160	24	98.008	1707	34	0	1	1707	24817	23111	0.0	2964.0
LACR_RS13165	24	96.53	317	11	0	2	318	25133	24817	5.129999999999999e-150	525.0
LACR_RS13170	24	99.185	981	8	0	1	981	26142	25162	0.0	1768.0
LACR_RS13175	24	99.035	933	9	0	1	933	27077	26145	0.0	1674.0
LACR_RS13180	24	96.512	516	18	0	1	516	27603	27088	0.0	854.0
LACR_RS13185	24	98.82600000000001	426	5	0	1	426	28045	27620	0.0	760.0
LACR_RS13190	24	99.479	768	4	0	1	768	28533	29300	0.0	1397.0
BMQ_RS26035	37	98.611	72	1	0	1	72	7626	7555	3.02e-31	128.0
BMQ_RS26035	37	98.611	72	1	0	1	72	8392	8321	3.02e-31	128.0
BMQ_RS26045	37	97.29700000000001	74	2	0	1	74	7813	7740	1.19e-30	126.0
BMQ_RS26045	37	97.29700000000001	74	2	0	1	74	8480	8407	1.19e-30	126.0
BMQ_RS26065	50	98.63	73	1	0	1	73	13	85	9.019999999999999e-32	130.0
BMQ_RS26065	37	98.63	73	1	0	1	73	9169	9097	9.019999999999999e-32	130.0
BMQ_RS26070	37	100.0	74	0	0	1	74	9256	9183	5.4899999999999995e-34	137.0
BMQ_RS26070	14	100.0	74	0	0	1	74	89	162	5.4899999999999995e-34	137.0
AL018_RS14640	24	99.31200000000001	1163	8	0	1	1163	32205	33367	0.0	2104.0
AL018_RS14645	24	99.667	900	3	0	1	900	21247	20348	0.0	1646.0
AL018_RS14650	24	99.26700000000001	273	2	0	1	273	21540	21268	1.2299999999999997e-140	494.0
AL018_RS14655	24	99.929	1407	1	0	1	1407	22969	21563	0.0	2593.0
AL018_RS14660	24	99.649	1707	6	0	1	1707	24817	23111	0.0	3120.0
AL018_RS14665	24	100.0	318	0	0	1	318	25134	24817	6.449999999999998e-169	588.0
AL018_RS14670	24	99.694	981	3	0	1	981	26142	25162	0.0	1796.0
AL018_RS14675	24	99.464	933	5	0	1	933	27077	26145	0.0	1696.0
AL018_RS14680	24	99.61200000000001	516	2	0	1	516	27603	27088	0.0	942.0
AL018_RS14685	24	99.296	426	3	0	1	426	28045	27620	0.0	771.0
AL018_RS14690	24	99.479	768	4	0	1	768	28533	29300	0.0	1397.0
AL018_RS14695	24	98.573	981	6	3	1	980	29305	30278	0.0	1727.0
AL018_RS15310	24	99.656	1163	4	0	1	1163	32205	33367	0.0	2126.0
AL018_RS15375	24	99.57	1163	5	0	1	1163	32205	33367	0.0	2121.0
AL025_RS14760	24	99.57	1163	5	0	1	1163	32205	33367	0.0	2121.0
AL025_RS14825	24	99.57	1163	5	0	1	1163	32205	33367	0.0	2121.0
AL020_RS16970	24	98.573	981	6	3	1	980	29305	30278	0.0	1727.0
AL020_RS14155	24	99.479	768	4	0	1	768	28533	29300	0.0	1397.0
AL020_RS14160	24	99.296	426	3	0	1	426	28045	27620	0.0	771.0
AL020_RS14165	24	99.61200000000001	516	2	0	1	516	27603	27088	0.0	942.0
AL020_RS14170	24	99.464	933	5	0	1	933	27077	26145	0.0	1696.0
AL020_RS14175	24	99.694	981	3	0	1	981	26142	25162	0.0	1796.0
AL020_RS14180	24	99.686	318	0	1	1	317	25134	24817	1.0799999999999997e-166	580.0
AL020_RS14185	24	99.649	1707	6	0	1	1707	24817	23111	0.0	3120.0
AL020_RS14190	24	99.929	1407	1	0	1	1407	22969	21563	0.0	2593.0
AL020_RS14195	24	99.26700000000001	273	2	0	1	273	21540	21268	1.2299999999999997e-140	494.0
AL020_RS14200	24	99.667	900	3	0	1	900	21247	20348	0.0	1646.0
AL020_RS14205	24	99.31200000000001	1163	8	0	1	1163	32205	33367	0.0	2104.0
AL020_RS14610	24	99.57	1163	5	0	1	1163	32205	33367	0.0	2121.0
AL020_RS14670	24	99.656	1163	4	0	1	1163	32205	33367	0.0	2126.0
AL016_RS14990	24	99.31200000000001	1163	8	0	1	1163	32205	33367	0.0	2104.0
AL016_RS14995	24	99.667	900	3	0	1	900	21247	20348	0.0	1646.0
AL016_RS15000	24	99.26700000000001	273	2	0	1	273	21540	21268	1.2299999999999997e-140	494.0
AL016_RS15005	24	99.929	1407	1	0	1	1407	22969	21563	0.0	2593.0
AL016_RS15010	24	99.649	1707	6	0	1	1707	24817	23111	0.0	3120.0
AL016_RS15015	24	100.0	318	0	0	1	318	25134	24817	6.449999999999998e-169	588.0
AL016_RS15020	24	99.694	981	3	0	1	981	26142	25162	0.0	1796.0
AL016_RS15025	24	99.464	933	5	0	1	933	27077	26145	0.0	1696.0
AL016_RS15030	24	99.61200000000001	516	2	0	1	516	27603	27088	0.0	942.0
AL016_RS15035	24	99.296	426	3	0	1	426	28045	27620	0.0	771.0
AL016_RS15040	24	99.479	768	4	0	1	768	28533	29300	0.0	1397.0
AL016_RS15045	24	98.573	981	6	3	1	980	29305	30278	0.0	1727.0
AL016_RS15655	24	99.656	1163	4	0	1	1163	32205	33367	0.0	2126.0
AL016_RS15720	24	99.57	1163	5	0	1	1163	32205	33367	0.0	2121.0
AL015_RS15785	24	99.57	1163	5	0	1	1163	32205	33367	0.0	2121.0
AL015_RS15875	24	99.656	1163	4	0	1	1163	32205	33367	0.0	2126.0
AL021_RS15585	24	99.656	1163	4	0	1	1163	32205	33367	0.0	2126.0
AL021_RS15645	24	99.57	1163	5	0	1	1163	32205	33367	0.0	2121.0
AL021_RS15945	24	99.484	1163	6	0	1	1163	32205	33367	0.0	2115.0
AL021_RS16240	24	99.656	1163	4	0	1	1163	32205	33367	0.0	2126.0
AL021_RS16690	24	99.57	1163	5	0	1	1163	32205	33367	0.0	2121.0
AL021_RS16750	24	97.685	216	5	0	1	216	31172	30957	4.669999999999999e-104	372.0
AL017_RS15220	24	99.656	1163	4	0	1	1163	32205	33367	0.0	2126.0
AL017_RS15285	24	99.57	1163	5	0	1	1163	32205	33367	0.0	2121.0
AL017_RS15745	24	99.31200000000001	1163	8	0	1	1163	32205	33367	0.0	2104.0
AL017_RS15750	24	99.667	900	3	0	1	900	21247	20348	0.0	1646.0
AL017_RS15755	24	99.26700000000001	273	2	0	1	273	21540	21268	1.2299999999999997e-140	494.0
AL017_RS15760	24	99.929	1407	1	0	1	1407	22969	21563	0.0	2593.0
AL017_RS15765	24	99.649	1707	6	0	1	1707	24817	23111	0.0	3120.0
AL017_RS15770	24	100.0	318	0	0	1	318	25134	24817	6.449999999999998e-169	588.0
AL017_RS15775	24	99.694	981	3	0	1	981	26142	25162	0.0	1796.0
AL017_RS15780	24	99.464	933	5	0	1	933	27077	26145	0.0	1696.0
AL017_RS15785	24	99.61200000000001	516	2	0	1	516	27603	27088	0.0	942.0
AL017_RS15790	24	99.296	426	3	0	1	426	28045	27620	0.0	771.0
AL017_RS15795	24	99.479	768	4	0	1	768	28533	29300	0.0	1397.0
AL017_RS15800	24	98.573	981	6	3	1	980	29305	30278	0.0	1727.0
LL275_RS13025	24	99.175	970	8	0	1	970	3712	4681	0.0	1748.0
LL275_RS13705	24	97.891	1707	36	0	1	1707	24817	23111	0.0	2953.0
LL275_RS13710	24	96.53	317	11	0	2	318	25133	24817	5.129999999999999e-150	525.0
LL275_RS13715	24	99.286	981	7	0	1	981	26142	25162	0.0	1773.0
LL275_RS13720	24	99.035	933	9	0	1	933	27077	26145	0.0	1674.0
LL275_RS13725	24	97.09299999999999	516	15	0	1	516	27603	27088	0.0	870.0
LL275_RS13730	24	98.59200000000001	426	6	0	1	426	28045	27620	0.0	754.0
LL275_RS13740	24	99.219	768	6	0	1	768	28533	29300	0.0	1386.0
LLUC063_RS12400	24	99.219	768	6	0	1	768	28533	29300	0.0	1386.0
LLUC063_RS12410	24	98.35700000000001	426	7	0	1	426	28045	27620	0.0	749.0
LLUC063_RS12415	24	96.899	516	16	0	1	516	27603	27088	0.0	865.0
LLUC063_RS12420	24	99.035	933	9	0	1	933	27077	26145	0.0	1674.0
LLUC063_RS12425	24	99.286	981	7	0	1	981	26142	25162	0.0	1773.0
LLUC063_RS12430	24	96.53	317	11	0	2	318	25133	24817	5.129999999999999e-150	525.0
LLUC063_RS12435	24	97.891	1707	36	0	1	1707	24817	23111	0.0	2953.0
LLJM4_RS12865	24	98.008	1707	34	0	1	1707	24817	23111	0.0	2964.0
LLJM4_RS12870	24	96.53	317	11	0	2	318	25133	24817	5.129999999999999e-150	525.0
LLJM4_RS12875	24	99.286	981	7	0	1	981	26142	25162	0.0	1773.0
LLJM4_RS12880	24	99.035	933	9	0	1	933	27077	26145	0.0	1674.0
LLJM4_RS12885	24	96.512	516	18	0	1	516	27603	27088	0.0	854.0
LLJM4_RS12890	24	98.82600000000001	426	5	0	1	426	28045	27620	0.0	760.0
LLJM4_RS12895	24	99.479	768	4	0	1	768	28533	29300	0.0	1397.0
LLJM3_RS13275	24	98.008	1707	34	0	1	1707	24817	23111	0.0	2964.0
LLJM3_RS13280	24	96.53	317	11	0	2	318	25133	24817	5.129999999999999e-150	525.0
LLJM3_RS13285	24	99.185	981	8	0	1	981	26142	25162	0.0	1768.0
LLJM3_RS13290	24	99.035	933	9	0	1	933	27077	26145	0.0	1674.0
LLJM3_RS13295	24	96.512	516	18	0	1	516	27603	27088	0.0	854.0
LLJM3_RS13300	24	98.82600000000001	426	5	0	1	426	28045	27620	0.0	760.0
LLJM3_RS13305	24	99.479	768	4	0	1	768	28533	29300	0.0	1397.0
LLJM2_RS12460	24	98.008	1707	34	0	1	1707	24817	23111	0.0	2964.0
LLJM2_RS12465	24	96.215	317	12	0	2	318	25133	24817	2.3899999999999996e-148	520.0
LLJM2_RS12470	24	99.286	981	7	0	1	981	26142	25162	0.0	1773.0
LLJM2_RS12475	24	99.035	933	9	0	1	933	27077	26145	0.0	1674.0
LLJM2_RS12480	24	96.512	516	18	0	1	516	27603	27088	0.0	854.0
LLJM2_RS12485	24	98.59200000000001	426	6	0	1	426	28045	27620	0.0	754.0
LLJM2_RS12490	24	99.479	768	4	0	1	768	28533	29300	0.0	1397.0
LLJM2_RS12690	24	99.16799999999999	962	5	3	1	961	12793	13752	0.0	1729.0
LLJM2_RS12720	24	99.242	924	5	2	1	922	12829	13752	0.0	1666.0
LLJM2_RS12755	24	99.479	960	5	0	1	960	12793	13752	0.0	1746.0
LLUL8_RS12590	24	99.167	960	8	0	1	960	3712	4671	0.0	1729.0
LSAT332_RS00255	24	98.16799999999999	273	4	1	1	272	21540	21268	4.4499999999999984e-135	475.0
LSAT332_RS00265	24	98.711	1707	22	0	1	1707	24817	23111	0.0	3031.0
LSAT332_RS00270	24	99.054	317	3	0	2	318	25133	24817	2.3399999999999993e-163	569.0
LSAT332_RS00275	24	99.38799999999999	981	6	0	1	981	26142	25162	0.0	1779.0
LSAT332_RS00280	24	99.25	933	7	0	1	933	27077	26145	0.0	1685.0
LSAT332_RS00285	24	97.09299999999999	516	15	0	1	516	27603	27088	0.0	870.0
LSAT332_RS00290	24	99.531	426	2	0	1	426	28045	27620	0.0	776.0
LSAT332_RS00295	24	99.34899999999999	768	5	0	1	768	28533	29300	0.0	1391.0
LL158_RS12130	24	99.34899999999999	768	5	0	1	768	28533	29300	0.0	1391.0
LL158_RS12135	24	98.82600000000001	426	5	0	1	426	28045	27620	0.0	760.0
LL158_RS12140	24	96.512	516	18	0	1	516	27603	27088	0.0	854.0
LL158_RS12145	24	98.928	933	10	0	1	933	27077	26145	0.0	1668.0
LL158_RS12150	24	99.286	981	7	0	1	981	26142	25162	0.0	1773.0
LL158_RS12155	24	96.215	317	12	0	2	318	25133	24817	2.3899999999999996e-148	520.0
LL158_RS12160	24	98.008	1707	34	0	1	1707	24817	23111	0.0	2964.0
GWC90_RS00325	2	95.26299999999999	190	7	2	1	189	44876	44688	1.93e-82	300.0
GWC90_RS00350	2	96.23700000000001	186	7	0	1	186	43041	42856	4.0699999999999998e-84	305.0
GWC90_RS00395	2	95.0	220	9	2	1	219	37887	37669	1.03e-95	344.0
GWC90_RS00400	2	96.581	117	4	0	1	117	37636	37520	5.42e-51	195.0
GWC90_RS01315	24	99.484	1163	6	0	1	1163	32205	33367	0.0	2115.0
GWC90_RS01375	24	98.854	960	11	0	1	960	3712	4671	0.0	1712.0
GWC90_RS02080	40	96.69	1571	43	7	3	1568	157	1723	0.0	2604.0
GWC90_RS02085	39	95.82	2919	114	8	1	2916	3128	215	0.0	4708.0
GWC90_RS02090	39	95.69	116	5	0	1	116	118	3	8.98e-49	187.0
GWC90_RS03360	19	98.649	74	1	0	1	74	49892	49965	2.4199999999999998e-32	132.0
GWC90_RS04285	40	96.69	1571	43	7	3	1568	157	1723	0.0	2604.0
GWC90_RS04290	50	100.0	73	0	0	1	73	13	85	1.8399999999999997e-33	135.0
GWC90_RS04290	37	100.0	73	0	0	1	73	9169	9097	1.8399999999999997e-33	135.0
GWC90_RS04295	39	95.82	2919	114	8	1	2916	3128	215	0.0	4708.0
GWC90_RS04300	39	95.652	115	5	0	2	116	117	3	3.23e-48	185.0
GWC90_RS04305	51	100.0	74	0	0	1	74	76	3	5.2e-34	137.0
GWC90_RS04315	37	98.611	72	1	0	1	72	7626	7555	3.02e-31	128.0
GWC90_RS04315	37	98.611	72	1	0	1	72	8392	8321	3.02e-31	128.0
GWC90_RS04320	44	97.26	73	2	0	1	73	13	85	3.98e-30	124.0
GWC90_RS04335	7	97.531	81	2	0	1	81	6684	6604	1.6299999999999999e-34	139.0
GWC90_RS04350	7	97.22200000000001	72	2	0	1	72	6594	6523	1.4e-29	122.0
GWC90_RS04370	7	97.22200000000001	72	2	0	1	72	6594	6523	1.4e-29	122.0
GWC90_RS05680	24	98.854	960	11	0	1	960	3712	4671	0.0	1712.0
GWC90_RS06645	37	98.611	72	1	0	3	74	8978	8907	3.13e-31	128.0
GWC90_RS08055	24	99.656	1163	4	0	1	1163	32205	33367	0.0	2126.0
GWC90_RS08395	24	99.656	1163	4	0	1	1163	32205	33367	0.0	2126.0
GWC90_RS09005	24	98.75	960	12	0	1	960	3712	4671	0.0	1707.0
GWC90_RS09130	7	97.22200000000001	72	2	0	1	72	6594	6523	1.4e-29	122.0
GWC90_RS09135	7	97.531	81	2	0	1	81	6684	6604	1.6299999999999999e-34	139.0
GWC90_RS09305	28	97.22200000000001	72	2	0	1	72	20274	20345	1.4e-29	122.0
GWC90_RS09830	51	100.0	74	0	0	1	74	76	3	5.2e-34	137.0
GWC90_RS09850	24	99.656	1163	4	0	1	1163	32205	33367	0.0	2126.0
GWC90_RS09855	51	100.0	74	0	0	1	74	76	3	5.2e-34	137.0
GWC90_RS09860	39	95.69	116	5	0	1	116	118	3	8.98e-49	187.0
GWC90_RS09865	39	95.82	2919	114	8	1	2916	3128	215	0.0	4708.0
GWC90_RS09870	40	96.69	1571	43	7	3	1568	157	1723	0.0	2604.0
GWC90_RS11500	39	95.69	116	5	0	1	116	118	3	8.98e-49	187.0
GWC90_RS11505	39	95.82	2919	114	8	1	2916	3128	215	0.0	4708.0
GWC90_RS11510	40	96.69	1571	43	7	3	1568	157	1723	0.0	2604.0
GWC90_RS11515	24	98.854	960	11	0	1	960	3712	4671	0.0	1712.0
GWC90_RS11910	37	98.611	72	1	0	1	72	7626	7555	3.02e-31	128.0
GWC90_RS11910	37	98.611	72	1	0	1	72	8392	8321	3.02e-31	128.0
GWC90_RS11915	37	100.0	74	0	0	1	74	7813	7740	5.2e-34	137.0
GWC90_RS11915	37	100.0	74	0	0	1	74	8480	8407	5.2e-34	137.0
GWC90_RS11920	37	100.0	71	0	0	1	71	7897	7827	2.29e-32	132.0
GWC90_RS11920	37	100.0	71	0	0	1	71	8560	8490	2.29e-32	132.0
GWC90_RS11925	37	100.0	73	0	0	1	73	7984	7912	1.8399999999999997e-33	135.0
GWC90_RS11935	37	95.946	74	3	0	1	74	8185	8112	5.24e-29	121.0
GWC90_RS11935	37	95.946	74	3	0	1	74	8750	8677	5.24e-29	121.0
GWC90_RS11940	37	100.0	90	0	0	1	90	8308	8219	8.57e-43	167.0
GWC90_RS11940	37	100.0	90	0	0	1	90	8873	8784	8.57e-43	167.0
GWC90_RS11945	37	98.611	72	1	0	1	72	7626	7555	3.02e-31	128.0
GWC90_RS11945	37	98.611	72	1	0	1	72	8392	8321	3.02e-31	128.0
GWC90_RS11950	37	100.0	88	0	0	1	88	7729	7642	1.0800000000000001e-41	163.0
GWC90_RS11955	37	100.0	74	0	0	1	74	7813	7740	5.2e-34	137.0
GWC90_RS11955	37	100.0	74	0	0	1	74	8480	8407	5.2e-34	137.0
GWC90_RS11960	37	100.0	71	0	0	1	71	7897	7827	2.29e-32	132.0
GWC90_RS11960	37	100.0	71	0	0	1	71	8560	8490	2.29e-32	132.0
GWC90_RS11970	37	95.946	74	3	0	1	74	8185	8112	5.24e-29	121.0
GWC90_RS11970	37	95.946	74	3	0	1	74	8750	8677	5.24e-29	121.0
GWC90_RS11975	37	100.0	90	0	0	1	90	8308	8219	8.57e-43	167.0
GWC90_RS11975	37	100.0	90	0	0	1	90	8873	8784	8.57e-43	167.0
GWC90_RS11980	37	100.0	74	0	0	1	74	8980	8907	5.2e-34	137.0
GWC90_RS11985	37	100.0	74	0	0	1	74	9074	9001	5.2e-34	137.0
GWC90_RS11990	50	100.0	73	0	0	1	73	13	85	1.8399999999999997e-33	135.0
GWC90_RS11990	37	100.0	73	0	0	1	73	9169	9097	1.8399999999999997e-33	135.0
GWC90_RS11995	37	100.0	74	0	0	1	74	9256	9183	5.2e-34	137.0
GWC90_RS11995	14	100.0	74	0	0	1	74	89	162	5.2e-34	137.0
GWC90_RS12005	44	100.0	86	0	0	1	86	436	521	1.35e-40	159.0
GWC90_RS12010	44	100.0	72	0	0	1	72	349	420	6.49e-33	134.0
GWC90_RS12015	44	100.0	73	0	0	1	73	269	341	1.8399999999999997e-33	135.0
GWC90_RS12020	44	96.34100000000001	82	3	0	1	82	181	262	2.14e-33	135.0
GWC90_RS12025	44	100.0	73	0	0	1	73	92	164	1.8399999999999997e-33	135.0
GWC90_RS12030	44	97.26	73	2	0	1	73	13	85	3.98e-30	124.0
GWC90_RS12035	39	95.69	116	5	0	1	116	118	3	8.98e-49	187.0
GWC90_RS12040	39	95.82	2919	114	8	1	2916	3128	215	0.0	4708.0
GWC90_RS12045	50	100.0	73	0	0	1	73	13	85	1.8399999999999997e-33	135.0
GWC90_RS12045	37	100.0	73	0	0	1	73	9169	9097	1.8399999999999997e-33	135.0
GWC90_RS12050	40	96.626	1571	44	7	3	1568	157	1723	0.0	2599.0
GWC90_RS12795	37	100.0	74	0	0	1	74	9256	9183	5.2e-34	137.0
GWC90_RS12795	14	100.0	74	0	0	1	74	89	162	5.2e-34	137.0
GWC90_RS12805	44	100.0	86	0	0	1	86	436	521	1.35e-40	159.0
GWC90_RS12810	44	100.0	72	0	0	1	72	349	420	6.49e-33	134.0
GWC90_RS12815	44	100.0	73	0	0	1	73	269	341	1.8399999999999997e-33	135.0
GWC90_RS12820	44	96.34100000000001	82	3	0	1	82	181	262	2.14e-33	135.0
GWC90_RS12825	44	100.0	73	0	0	1	73	92	164	1.8399999999999997e-33	135.0
GWC90_RS12830	44	97.26	73	2	0	1	73	13	85	3.98e-30	124.0
GWC90_RS12835	39	95.69	116	5	0	1	116	118	3	8.98e-49	187.0
GWC90_RS12840	39	95.82	2919	114	8	1	2916	3128	215	0.0	4708.0
GWC90_RS12845	40	96.69	1571	43	7	3	1568	157	1723	0.0	2604.0
M7W_RS12855	24	99.484	1163	6	0	1	1163	32205	33367	0.0	2115.0
M7W_RS13260	24	99.656	1163	4	0	1	1163	32205	33367	0.0	2126.0
M7W_RS14845	24	98.573	981	6	3	1	980	29305	30278	0.0	1727.0
M7W_RS13325	24	99.479	768	4	0	1	768	28533	29300	0.0	1397.0
M7W_RS13330	24	99.296	426	3	0	1	426	28045	27620	0.0	771.0
M7W_RS13335	24	99.61200000000001	516	2	0	1	516	27603	27088	0.0	942.0
M7W_RS13340	24	99.464	933	5	0	1	933	27077	26145	0.0	1696.0
M7W_RS13345	24	99.694	981	3	0	1	981	26142	25162	0.0	1796.0
M7W_RS13350	24	100.0	318	0	0	1	318	25134	24817	6.449999999999998e-169	588.0
M7W_RS13355	24	99.70700000000001	1707	5	0	1	1707	24817	23111	0.0	3125.0
M7W_RS13360	24	99.929	1407	1	0	1	1407	22969	21563	0.0	2593.0
M7W_RS13365	24	98.90100000000001	273	3	0	1	273	21540	21268	5.739999999999998e-139	488.0
M7W_RS13370	24	99.667	900	3	0	1	900	21247	20348	0.0	1646.0
M7W_RS13375	24	99.484	1163	6	0	1	1163	32205	33367	0.0	2115.0
M7W_RS13555	24	99.484	1163	6	0	1	1163	32205	33367	0.0	2115.0
M7W_RS13750	24	99.556	450	2	0	1	450	6052	6501	0.0	821.0
M7W_RS13755	24	99.619	525	2	0	1	525	7341	6817	0.0	959.0
M7W_RS13760	24	99.62799999999999	1344	5	0	1	1344	8760	7417	0.0	2455.0
M7W_RS13765	24	99.251	267	2	0	1	267	9041	8775	2.61e-137	483.0
M7W_RS13770	24	99.402	669	4	0	1	669	9812	9144	0.0	1214.0
M7W_RS13775	24	99.008	907	8	1	1	906	10094	11000	0.0	1624.0
M7W_RS14925	24	98.475	459	3	1	1	459	11394	10940	0.0	806.0
M7W_RS13780	24	97.23299999999999	253	2	2	1	252	11565	11317	1.4999999999999995e-119	424.0
M7W_RS13785	24	100.0	297	0	0	1	297	11881	11585	2.8299999999999997e-157	549.0
M7W_RS13790	24	99.57	465	2	0	1	465	12338	11874	0.0	848.0
LL229_RS12885	24	99.219	768	6	0	1	768	28533	29300	0.0	1386.0
LL229_RS12895	24	98.59200000000001	426	6	0	1	426	28045	27620	0.0	754.0
LL229_RS12900	24	97.09299999999999	516	15	0	1	516	27603	27088	0.0	870.0
LL229_RS12905	24	99.035	933	9	0	1	933	27077	26145	0.0	1674.0
LL229_RS12910	24	99.286	981	7	0	1	981	26142	25162	0.0	1773.0
LL229_RS12915	24	96.53	317	11	0	2	318	25133	24817	5.129999999999999e-150	525.0
LL229_RS12920	24	97.891	1707	36	0	1	1707	24817	23111	0.0	2953.0
LL229_RS13000	24	99.167	960	8	0	1	960	3712	4671	0.0	1729.0
LLJM1_RS13385	24	99.219	768	6	0	1	768	28533	29300	0.0	1386.0
LLJM1_RS13390	24	98.82600000000001	426	5	0	1	426	28045	27620	0.0	760.0
LLJM1_RS13395	24	96.512	516	18	0	1	516	27603	27088	0.0	854.0
LLJM1_RS13400	24	99.035	933	9	0	1	933	27077	26145	0.0	1674.0
LLJM1_RS13405	24	99.286	981	7	0	1	981	26142	25162	0.0	1773.0
LLJM1_RS13410	24	96.53	317	11	0	2	318	25133	24817	5.129999999999999e-150	525.0
LLJM1_RS13415	24	97.891	1707	36	0	1	1707	24817	23111	0.0	2953.0
LLJM1_RS13755	24	99.479	960	5	0	1	960	12793	13752	0.0	1746.0
BMWSH_RS25170	37	100.0	74	0	0	1	74	9256	9183	5.4899999999999995e-34	137.0
BMWSH_RS25170	14	100.0	74	0	0	1	74	89	162	5.4899999999999995e-34	137.0
BMWSH_RS25175	50	98.63	73	1	0	1	73	13	85	9.019999999999999e-32	130.0
BMWSH_RS25175	37	98.63	73	1	0	1	73	9169	9097	9.019999999999999e-32	130.0
BMWSH_RS25195	37	97.29700000000001	74	2	0	1	74	7813	7740	1.1299999999999999e-30	126.0
BMWSH_RS25195	37	97.29700000000001	74	2	0	1	74	8480	8407	1.1299999999999999e-30	126.0
BMWSH_RS25200	37	98.611	72	1	0	1	72	7626	7555	3.02e-31	128.0
BMWSH_RS25200	37	98.611	72	1	0	1	72	8392	8321	3.02e-31	128.0
AS52_RS25995	37	98.611	72	1	0	1	72	7626	7555	3.02e-31	128.0
AS52_RS25995	37	98.611	72	1	0	1	72	8392	8321	3.02e-31	128.0
AS52_RS26000	37	97.29700000000001	74	2	0	1	74	7813	7740	1.1299999999999999e-30	126.0
AS52_RS26000	37	97.29700000000001	74	2	0	1	74	8480	8407	1.1299999999999999e-30	126.0
AS52_RS26020	50	98.63	73	1	0	1	73	13	85	9.019999999999999e-32	130.0
AS52_RS26020	37	98.63	73	1	0	1	73	9169	9097	9.019999999999999e-32	130.0
AS52_RS26025	37	100.0	74	0	0	1	74	9256	9183	5.4899999999999995e-34	137.0
AS52_RS26025	14	100.0	74	0	0	1	74	89	162	5.4899999999999995e-34	137.0
LLUC109_RS11815	24	98.008	1707	34	0	1	1707	24817	23111	0.0	2964.0
LLUC109_RS11820	24	96.215	317	12	0	2	318	25133	24817	2.3899999999999996e-148	520.0
LLUC109_RS11825	24	99.286	981	7	0	1	981	26142	25162	0.0	1773.0
LLUC109_RS11830	24	98.928	933	10	0	1	933	27077	26145	0.0	1668.0
LLUC109_RS11835	24	96.512	516	18	0	1	516	27603	27088	0.0	854.0
LLUC109_RS11840	24	98.82600000000001	426	5	0	1	426	28045	27620	0.0	760.0
LLUC109_RS11845	24	99.34899999999999	768	5	0	1	768	28533	29300	0.0	1391.0
LLUC06_RS13120	24	97.891	1707	36	0	1	1707	24817	23111	0.0	2953.0
LLUC06_RS13125	24	96.53	317	11	0	2	318	25133	24817	5.129999999999999e-150	525.0
LLUC06_RS13130	24	99.185	981	8	0	1	981	26142	25162	0.0	1768.0
LLUC06_RS13135	24	98.928	933	10	0	1	933	27077	26145	0.0	1668.0
LLUC06_RS13140	24	96.899	516	16	0	1	516	27603	27088	0.0	865.0
LLUC06_RS13145	24	98.82600000000001	426	5	0	1	426	28045	27620	0.0	760.0
LLUC06_RS13150	24	99.34899999999999	768	5	0	1	768	28533	29300	0.0	1391.0
EGCR1_RS18640	24	96.60799999999999	855	29	0	1	855	32097	31243	0.0	1419.0
EGCR1_RS18645	24	95.833	216	9	0	1	216	31172	30957	2.1899999999999992e-97	350.0
L3107_RS12430	24	97.891	1707	36	0	1	1707	24817	23111	0.0	2953.0
L3107_RS12435	24	96.215	317	12	0	2	318	25133	24817	2.3899999999999996e-148	520.0
L3107_RS12440	24	99.286	981	7	0	1	981	26142	25162	0.0	1773.0
L3107_RS12445	24	99.035	933	9	0	1	933	27077	26145	0.0	1674.0
L3107_RS12450	24	96.512	516	18	0	1	516	27603	27088	0.0	854.0
L3107_RS12455	24	98.82600000000001	426	5	0	1	426	28045	27620	0.0	760.0
L3107_RS12460	24	99.219	768	6	0	1	768	28533	29300	0.0	1386.0
D8N35_RS17800	24	96.759	216	7	0	1	216	31172	30957	1.0099999999999998e-100	361.0
D8N35_RS17805	24	96.491	855	30	0	1	855	32097	31243	0.0	1413.0
EL353_RS14020	24	99.656	1163	4	0	1	1163	32205	33367	0.0	2126.0
EL353_RS14100	24	99.57	1163	5	0	1	1163	32205	33367	0.0	2121.0
EL353_RS14415	24	99.48700000000001	195	1	0	1	195	32205	32399	4.199999999999999e-99	355.0
EL353_RS14530	24	99.57	1163	5	0	1	1163	32205	33367	0.0	2121.0
EL353_RS14565	24	99.57	1163	5	0	1	1163	32205	33367	0.0	2121.0
LLCC_RS13235	24	99.479	768	4	0	1	768	28533	29300	0.0	1397.0
LLCC_RS13240	24	98.82600000000001	426	5	0	1	426	28045	27620	0.0	760.0
LLCC_RS13245	24	96.512	516	18	0	1	516	27603	27088	0.0	854.0
LLCC_RS13250	24	99.035	933	9	0	1	933	27077	26145	0.0	1674.0
LLCC_RS13255	24	99.286	981	7	0	1	981	26142	25162	0.0	1773.0
LLCC_RS13260	24	95.899	317	13	0	2	318	25133	24817	1.1099999999999998e-146	514.0
LLCC_RS13265	24	98.008	1707	34	0	1	1707	24817	23111	0.0	2964.0
BtSCAC15_RS29715	37	95.946	74	3	0	1	74	8980	8907	5.24e-29	121.0
EQB37_RS14415	24	99.656	1163	4	0	1	1163	32205	33367	0.0	2126.0
EQB37_RS14485	24	99.656	1163	4	0	1	1163	32205	33367	0.0	2126.0
EQB37_RS15505	24	97.685	216	5	0	1	216	31172	30957	4.669999999999999e-104	372.0
EQB37_RS15660	24	99.656	1163	4	0	1	1163	32205	33367	0.0	2126.0
EQB50_RS13655	24	99.398	1163	6	1	1	1162	32205	33367	0.0	2108.0
EQB50_RS13940	24	99.656	1163	4	0	1	1163	32205	33367	0.0	2126.0
EQB53_RS13590	24	99.57	1163	5	0	1	1163	32205	33367	0.0	2121.0
EQB53_RS13755	24	99.656	1163	4	0	1	1163	32205	33367	0.0	2126.0
EQB53_RS14020	24	99.57	1163	5	0	1	1163	32205	33367	0.0	2121.0
EQB39_RS14715	24	99.656	1163	4	0	1	1163	32205	33367	0.0	2126.0
EQB39_RS14785	24	99.656	1163	4	0	1	1163	32205	33367	0.0	2126.0
EQB39_RS15760	24	99.57	1163	5	0	1	1163	32205	33367	0.0	2121.0
EQB39_RS15855	24	97.685	216	5	0	1	216	31172	30957	4.669999999999999e-104	372.0
EQB45_RS15535	24	99.57	1163	5	0	1	1163	32205	33367	0.0	2121.0
EQB45_RS15700	24	98.529	272	4	0	2	273	30939	30668	9.599999999999998e-137	481.0
EQB45_RS15705	24	95.37	216	10	0	1	216	31172	30957	1.0199999999999996e-95	344.0
EQB45_RS15710	24	95.205	855	41	0	1	855	32097	31243	0.0	1352.0
EQB49_RS14550	24	99.656	1163	4	0	1	1163	32205	33367	0.0	2126.0
EQB49_RS14865	24	99.656	1163	4	0	1	1163	32205	33367	0.0	2126.0
EQB49_RS14920	24	99.57	1163	5	0	1	1163	32205	33367	0.0	2121.0
EQB49_RS15435	24	99.57	1163	5	0	1	1163	32205	33367	0.0	2121.0
EQB49_RS15900	24	98.542	960	14	0	1	960	3712	4671	0.0	1696.0
EQB49_RS15995	24	97.794	272	6	0	2	273	30939	30668	2.0799999999999994e-133	470.0
EQB49_RS16000	24	99.04799999999999	210	2	0	1	210	31166	30957	9.729999999999998e-106	377.0
EQB49_RS16005	24	95.322	855	40	0	1	855	32097	31243	0.0	1358.0
EQB56_RS15140	24	99.656	1163	4	0	1	1163	32205	33367	0.0	2126.0
EQB56_RS15460	24	99.656	1163	4	0	1	1163	32205	33367	0.0	2126.0
EQB56_RS15525	24	99.656	1163	4	0	1	1163	32205	33367	0.0	2126.0
EQB56_RS16155	24	99.31200000000001	1163	8	0	1	1163	32205	33367	0.0	2104.0
EQB56_RS16640	24	97.794	272	6	0	2	273	30939	30668	2.0799999999999994e-133	470.0
EQB56_RS16645	24	99.04799999999999	210	2	0	1	210	31166	30957	9.729999999999998e-106	377.0
EQB56_RS16650	24	95.322	855	40	0	1	855	32097	31243	0.0	1358.0
EQB56_RS16725	24	98.542	960	14	0	1	960	3712	4671	0.0	1696.0
EQB38_RS15725	24	99.656	1163	4	0	1	1163	32205	33367	0.0	2126.0
EQB38_RS16105	24	99.57	1163	5	0	1	1163	32205	33367	0.0	2121.0
EQB38_RS16475	24	99.484	1163	6	0	1	1163	32205	33367	0.0	2115.0
EQB38_RS16915	24	98.542	960	14	0	1	960	3712	4671	0.0	1696.0
EQB55_RS13580	24	99.656	1163	4	0	1	1163	32205	33367	0.0	2126.0
EQB55_RS13990	24	99.656	1163	4	0	1	1163	32205	33367	0.0	2126.0
EQB55_RS14055	24	99.14299999999999	1167	5	4	1	1166	32205	33367	0.0	2095.0
EQB55_RS14900	24	99.36	781	5	0	1	781	32205	32985	0.0	1415.0
EQB55_RS15115	24	100.0	390	0	0	1	390	32978	33367	0.0	721.0
EQB40_RS14475	24	99.656	1163	4	0	1	1163	32205	33367	0.0	2126.0
EQB40_RS14480	24	99.333	900	6	0	1	900	21247	20348	0.0	1629.0
EQB40_RS15765	24	98.851	174	1	1	1	174	21440	21268	2.9199999999999995e-85	309.0
EQB40_RS14490	24	99.85799999999999	1407	2	0	1	1407	22969	21563	0.0	2588.0
EQB40_RS14495	24	99.649	1707	6	0	1	1707	24817	23111	0.0	3120.0
EQB40_RS14500	24	100.0	318	0	0	1	318	25134	24817	6.449999999999998e-169	588.0
EQB40_RS14505	24	99.796	981	2	0	1	981	26142	25162	0.0	1801.0
EQB40_RS14510	24	99.464	933	5	0	1	933	27077	26145	0.0	1696.0
EQB40_RS14515	24	99.61200000000001	516	2	0	1	516	27603	27088	0.0	942.0
EQB40_RS14520	24	99.296	426	3	0	1	426	28045	27620	0.0	771.0
EQB40_RS14525	24	99.479	768	4	0	1	768	28533	29300	0.0	1397.0
EQB40_RS14535	24	99.656	1163	4	0	1	1163	32205	33367	0.0	2126.0
EQB54_RS15165	24	99.656	1163	4	0	1	1163	32205	33367	0.0	2126.0
EQB54_RS15485	24	99.656	1163	4	0	1	1163	32205	33367	0.0	2126.0
EQB54_RS15550	24	99.656	1163	4	0	1	1163	32205	33367	0.0	2126.0
EQB54_RS16180	24	99.484	1163	6	0	1	1163	32205	33367	0.0	2115.0
EQB54_RS16475	24	98.542	960	14	0	1	960	3712	4671	0.0	1696.0
EQB54_RS16765	24	97.794	272	6	0	2	273	30939	30668	2.0799999999999994e-133	470.0
EQB54_RS16770	24	99.04799999999999	210	2	0	1	210	31166	30957	9.729999999999998e-106	377.0
EQB54_RS16775	24	95.322	855	40	0	1	855	32097	31243	0.0	1358.0
EQB57_RS15720	24	99.656	1163	4	0	1	1163	32205	33367	0.0	2126.0
EQB57_RS16020	24	99.656	1163	4	0	1	1163	32205	33367	0.0	2126.0
EQB57_RS16085	24	99.656	1163	4	0	1	1163	32205	33367	0.0	2126.0
EQB57_RS16675	24	99.484	1163	6	0	1	1163	32205	33367	0.0	2115.0
EQB57_RS18045	24	95.789	855	36	0	1	855	32097	31243	0.0	1380.0
EQB48_RS15175	24	99.656	1163	4	0	1	1163	32205	33367	0.0	2126.0
EQB48_RS15495	24	99.656	1163	4	0	1	1163	32205	33367	0.0	2126.0
EQB48_RS15560	24	99.656	1163	4	0	1	1163	32205	33367	0.0	2126.0
EQB48_RS16190	24	99.31200000000001	1163	8	0	1	1163	32205	33367	0.0	2104.0
EQB52_RS14645	24	99.57	1163	5	0	1	1163	32205	33367	0.0	2121.0
EQB52_RS14650	24	99.333	900	6	0	1	900	21247	20348	0.0	1629.0
EQB52_RS15710	24	98.851	174	1	1	1	174	21440	21268	2.9199999999999995e-85	309.0
EQB52_RS14660	24	99.85799999999999	1407	2	0	1	1407	22969	21563	0.0	2588.0
EQB52_RS14665	24	99.649	1707	6	0	1	1707	24817	23111	0.0	3120.0
EQB52_RS14670	24	100.0	318	0	0	1	318	25134	24817	6.449999999999998e-169	588.0
EQB52_RS14675	24	99.796	981	2	0	1	981	26142	25162	0.0	1801.0
EQB52_RS14680	24	99.464	933	5	0	1	933	27077	26145	0.0	1696.0
EQB52_RS14685	24	99.61200000000001	516	2	0	1	516	27603	27088	0.0	942.0
EQB52_RS14690	24	99.296	426	3	0	1	426	28045	27620	0.0	771.0
EQB52_RS14695	24	99.479	768	4	0	1	768	28533	29300	0.0	1397.0
EQB52_RS14705	24	99.656	1163	4	0	1	1163	32205	33367	0.0	2126.0
EQB52_RS15335	24	97.685	216	5	0	1	216	31172	30957	4.669999999999999e-104	372.0
EQB67_RS13160	24	98.75	960	12	0	1	960	3712	4671	0.0	1707.0
EQB67_RS13335	24	97.685	216	5	0	1	216	31172	30957	4.669999999999999e-104	372.0
EQB63_RS14275	24	98.854	960	11	0	1	960	3712	4671	0.0	1712.0
EQB63_RS14300	24	99.656	1163	4	0	1	1163	32205	33367	0.0	2126.0
EQB63_RS14305	24	98.4	625	3	2	1	625	29305	29922	0.0	1092.0
EQB63_RS14310	24	99.479	768	4	0	1	768	28533	29300	0.0	1397.0
EQB63_RS14315	24	99.531	426	2	0	1	426	28045	27620	0.0	776.0
EQB63_RS14320	24	99.61200000000001	516	2	0	1	516	27603	27088	0.0	942.0
EQB63_RS14325	24	99.35700000000001	933	6	0	1	933	27077	26145	0.0	1690.0
EQB63_RS14330	24	99.796	981	2	0	1	981	26142	25162	0.0	1801.0
EQB63_RS14335	24	99.37100000000001	318	2	0	1	318	25134	24817	1.3999999999999997e-165	577.0
EQB63_RS14340	24	99.766	1707	4	0	1	1707	24817	23111	0.0	3131.0
EQB63_RS14345	24	99.787	1407	3	0	1	1407	22969	21563	0.0	2582.0
EQB63_RS16430	24	98.851	174	1	1	1	174	21440	21268	2.9199999999999995e-85	309.0
EQB63_RS14355	24	99.667	900	3	0	1	900	21247	20348	0.0	1646.0
EQB63_RS14415	24	99.57	1163	5	0	1	1163	32205	33367	0.0	2121.0
EQB63_RS14575	24	99.57	1163	5	0	1	1163	32205	33367	0.0	2121.0
EQB63_RS14655	24	99.57	1163	5	0	1	1163	32205	33367	0.0	2121.0
EQB63_RS15875	24	97.685	216	5	0	1	216	31172	30957	4.669999999999999e-104	372.0
EQB63_RS15920	24	99.57	1163	5	0	1	1163	32205	33367	0.0	2121.0
EQB61_RS13915	24	99.656	1163	4	0	1	1163	32205	33367	0.0	2126.0
EQB61_RS14500	24	99.656	1163	4	0	1	1163	32205	33367	0.0	2126.0
EQB61_RS14870	24	99.57	1163	5	0	1	1163	32205	33367	0.0	2121.0
EQB62_RS15000	24	95.322	855	40	0	1	855	32097	31243	0.0	1358.0
EQB62_RS15005	24	99.04799999999999	210	2	0	1	210	31166	30957	9.729999999999998e-106	377.0
EQB62_RS15010	24	97.794	272	6	0	2	273	30939	30668	2.0799999999999994e-133	470.0
EQB62_RS15465	24	99.57	1163	5	0	1	1163	32205	33367	0.0	2121.0
EQB62_RS15530	24	99.57	1163	5	0	1	1163	32205	33367	0.0	2121.0
EQB62_RS16065	24	97.685	216	5	0	1	216	31172	30957	4.669999999999999e-104	372.0
EQB62_RS16110	24	99.57	1163	5	0	1	1163	32205	33367	0.0	2121.0
EQB69_RS14515	24	99.656	1163	4	0	1	1163	32205	33367	0.0	2126.0
EQB69_RS15110	24	97.794	272	6	0	2	273	30939	30668	2.0799999999999994e-133	470.0
EQB69_RS15115	24	99.04799999999999	210	2	0	1	210	31166	30957	9.729999999999998e-106	377.0
EQB69_RS15120	24	95.322	855	40	0	1	855	32097	31243	0.0	1358.0
EQB69_RS15345	24	98.75	960	12	0	1	960	3712	4671	0.0	1707.0
EQB60_RS13995	24	98.854	960	11	0	1	960	3712	4671	0.0	1712.0
EQB60_RS14020	24	99.656	1163	4	0	1	1163	32205	33367	0.0	2126.0
EQB60_RS14025	24	98.4	625	3	2	1	625	29305	29922	0.0	1092.0
EQB60_RS14030	24	99.479	768	4	0	1	768	28533	29300	0.0	1397.0
EQB60_RS14035	24	99.531	426	2	0	1	426	28045	27620	0.0	776.0
EQB60_RS14040	24	99.61200000000001	516	2	0	1	516	27603	27088	0.0	942.0
EQB60_RS14045	24	99.35700000000001	933	6	0	1	933	27077	26145	0.0	1690.0
EQB60_RS14050	24	99.796	981	2	0	1	981	26142	25162	0.0	1801.0
EQB60_RS14055	24	99.37100000000001	318	2	0	1	318	25134	24817	1.3999999999999997e-165	577.0
EQB60_RS14060	24	99.766	1707	4	0	1	1707	24817	23111	0.0	3131.0
EQB60_RS14065	24	99.787	1407	3	0	1	1407	22969	21563	0.0	2582.0
EQB60_RS16375	24	98.851	174	1	1	1	174	21440	21268	2.9199999999999995e-85	309.0
EQB60_RS14075	24	99.667	900	3	0	1	900	21247	20348	0.0	1646.0
EQB60_RS14135	24	99.57	1163	5	0	1	1163	32205	33367	0.0	2121.0
EQB60_RS14295	24	99.484	1163	6	0	1	1163	32205	33367	0.0	2115.0
EQB60_RS14375	24	99.57	1163	5	0	1	1163	32205	33367	0.0	2121.0
EQB60_RS15920	24	99.57	1163	5	0	1	1163	32205	33367	0.0	2121.0
EQB60_RS15965	24	97.685	216	5	0	1	216	31172	30957	4.669999999999999e-104	372.0
EQB59_RS13950	24	99.656	1163	4	0	1	1163	32205	33367	0.0	2126.0
EQB59_RS14245	24	99.656	1163	4	0	1	1163	32205	33367	0.0	2126.0
EQB59_RS14625	24	99.57	1163	5	0	1	1163	32205	33367	0.0	2121.0
EQB72_RS14870	24	99.561	912	4	0	1	912	32456	33367	0.0	1663.0
EQB72_RS14970	24	99.57	1163	5	0	1	1163	32205	33367	0.0	2121.0
EQB72_RS15370	24	99.336	602	4	0	1	602	3712	4313	0.0	1090.0
EQB72_RS15400	24	98.958	960	10	0	1	960	3712	4671	0.0	1718.0
EQB72_RS15405	24	99.249	666	5	0	1	666	12793	13458	0.0	1203.0
EQB74_RS15900	24	99.641	1115	4	0	1	1115	32253	33367	0.0	2037.0
EQB74_RS15965	24	99.484	1163	6	0	1	1163	32205	33367	0.0	2115.0
EQB64_RS14255	24	98.854	960	11	0	1	960	3712	4671	0.0	1712.0
EQB64_RS14260	24	100.0	371	0	0	1	371	32205	32575	0.0	686.0
EQB64_RS14400	24	99.57	1163	5	0	1	1163	32205	33367	0.0	2121.0
EQB64_RS14500	24	99.57	1163	5	0	1	1163	32205	33367	0.0	2121.0
EQB64_RS16465	24	99.57	1163	5	0	1	1163	32205	33367	0.0	2121.0
EQB64_RS16510	24	97.685	216	5	0	1	216	31172	30957	4.669999999999999e-104	372.0
EQB65_RS15325	24	99.57	1163	5	0	1	1163	32205	33367	0.0	2121.0
EQB65_RS15335	24	99.479	768	4	0	1	768	28533	29300	0.0	1397.0
EQB65_RS15340	24	99.296	426	3	0	1	426	28045	27620	0.0	771.0
EQB65_RS15345	24	99.61200000000001	516	2	0	1	516	27603	27088	0.0	942.0
EQB65_RS15350	24	99.464	933	5	0	1	933	27077	26145	0.0	1696.0
EQB65_RS15355	24	99.796	981	2	0	1	981	26142	25162	0.0	1801.0
EQB65_RS15360	24	100.0	318	0	0	1	318	25134	24817	6.449999999999998e-169	588.0
EQB65_RS15365	24	99.649	1707	6	0	1	1707	24817	23111	0.0	3120.0
EQB65_RS15370	24	99.929	1407	1	0	1	1407	22969	21563	0.0	2593.0
EQB65_RS15375	24	99.26700000000001	273	2	0	1	273	21540	21268	1.2299999999999997e-140	494.0
EQB65_RS15380	24	99.556	900	4	0	1	900	21247	20348	0.0	1640.0
EQB65_RS15385	24	99.484	1163	6	0	1	1163	32205	33367	0.0	2115.0
EQB65_RS15540	24	99.57	1163	5	0	1	1163	32205	33367	0.0	2121.0
EQB65_RS15750	24	99.484	1163	6	0	1	1163	32205	33367	0.0	2115.0
EQB65_RS17110	24	99.57	1163	5	0	1	1163	32205	33367	0.0	2121.0
EQB65_RS17250	24	97.685	216	5	0	1	216	31172	30957	4.669999999999999e-104	372.0
EQB73_RS15105	24	99.656	1163	4	0	1	1163	32205	33367	0.0	2126.0
EQB73_RS15445	24	99.656	1163	4	0	1	1163	32205	33367	0.0	2126.0
EQB73_RS15510	24	99.57	1163	5	0	1	1163	32205	33367	0.0	2121.0
EQB73_RS16050	24	99.31200000000001	1163	8	0	1	1163	32205	33367	0.0	2104.0
EQB73_RS16770	24	98.542	960	14	0	1	960	3712	4671	0.0	1696.0
EQB73_RS16865	24	97.794	272	6	0	2	273	30939	30668	2.0799999999999994e-133	470.0
EQB73_RS16870	24	99.04799999999999	210	2	0	1	210	31166	30957	9.729999999999998e-106	377.0
EQB73_RS16875	24	95.322	855	40	0	1	855	32097	31243	0.0	1358.0
EQB70_RS14790	24	99.57	1163	5	0	1	1163	32205	33367	0.0	2121.0
EQB70_RS15075	24	99.656	1163	4	0	1	1163	32205	33367	0.0	2126.0
EQB70_RS15450	24	99.57	1163	5	0	1	1163	32205	33367	0.0	2121.0
EQB70_RS16480	24	98.542	960	14	0	1	960	3712	4671	0.0	1696.0
EQB70_RS16555	24	95.322	855	40	0	1	855	32097	31243	0.0	1358.0
EQB70_RS16560	24	99.04799999999999	210	2	0	1	210	31166	30957	9.729999999999998e-106	377.0
EQB70_RS16565	24	97.794	272	6	0	2	273	30939	30668	2.0799999999999994e-133	470.0
C0649_RS13570	24	99.31200000000001	1163	8	0	1	1163	32205	33367	0.0	2104.0
C0649_RS13710	24	100.0	371	0	0	1	371	32205	32575	0.0	686.0
C0649_RS13715	24	98.75	960	12	0	1	960	3712	4671	0.0	1707.0
C0649_RS13720	24	98.994	795	8	0	1	795	32573	33367	0.0	1424.0
C0649_RS13815	24	98.646	960	13	0	1	960	3712	4671	0.0	1701.0
C0649_RS13855	24	99.398	1163	7	0	1	1163	32205	33367	0.0	2109.0
A7A70_RS29455	37	95.946	74	3	0	1	74	8980	8907	5.24e-29	121.0
EL207_RS00755	37	98.611	72	1	0	1	72	7626	7555	3.02e-31	128.0
EL207_RS00755	37	98.611	72	1	0	1	72	8392	8321	3.02e-31	128.0
EL207_RS02580	37	98.649	74	1	0	1	74	8185	8112	2.4199999999999998e-32	132.0
EL207_RS02580	37	98.649	74	1	0	1	74	8750	8677	2.4199999999999998e-32	132.0
EL207_RS02585	44	97.26	73	2	0	1	73	13	85	4.1999999999999996e-30	124.0
EL207_RS02590	37	98.611	72	1	0	1	72	7626	7555	3.02e-31	128.0
EL207_RS02590	37	98.611	72	1	0	1	72	8392	8321	3.02e-31	128.0
EL207_RS02615	50	100.0	73	0	0	1	73	13	85	1.9399999999999995e-33	135.0
EL207_RS02615	37	100.0	73	0	0	1	73	9169	9097	1.9399999999999995e-33	135.0
EL207_RS02620	37	100.0	74	0	0	1	74	7813	7740	5.2e-34	137.0
EL207_RS02620	37	100.0	74	0	0	1	74	8480	8407	5.2e-34	137.0
EL207_RS03795	50	100.0	73	0	0	1	73	13	85	1.9399999999999995e-33	135.0
EL207_RS03795	37	100.0	73	0	0	1	73	9169	9097	1.9399999999999995e-33	135.0
EL207_RS03800	37	100.0	74	0	0	1	74	7813	7740	5.2e-34	137.0
EL207_RS03800	37	100.0	74	0	0	1	74	8480	8407	5.2e-34	137.0
EL207_RS05715	37	98.611	72	1	0	1	72	7626	7555	3.02e-31	128.0
EL207_RS05715	37	98.611	72	1	0	1	72	8392	8321	3.02e-31	128.0
EL207_RS08045	44	97.26	73	2	0	1	73	13	85	3.98e-30	124.0
EL207_RS08060	44	96.34100000000001	82	3	0	1	82	181	262	2.14e-33	135.0
EL207_RS08070	44	95.34899999999999	86	4	0	1	86	436	521	6.3399999999999995e-34	137.0
EL207_RS08080	37	100.0	74	0	0	1	74	9256	9183	5.2e-34	137.0
EL207_RS08080	14	100.0	74	0	0	1	74	89	162	5.2e-34	137.0
EL207_RS08085	50	100.0	73	0	0	1	73	13	85	1.8399999999999997e-33	135.0
EL207_RS08085	37	100.0	73	0	0	1	73	9169	9097	1.8399999999999997e-33	135.0
EL207_RS08095	37	97.29700000000001	74	2	0	1	74	8980	8907	1.1299999999999999e-30	126.0
EL207_RS08105	37	98.649	74	1	0	1	74	8185	8112	2.4199999999999998e-32	132.0
EL207_RS08105	37	98.649	74	1	0	1	74	8750	8677	2.4199999999999998e-32	132.0
EL207_RS08130	37	100.0	74	0	0	1	74	7813	7740	5.2e-34	137.0
EL207_RS08130	37	100.0	74	0	0	1	74	8480	8407	5.2e-34	137.0
EL207_RS08145	37	98.611	72	1	0	1	72	7626	7555	3.02e-31	128.0
EL207_RS08145	37	98.611	72	1	0	1	72	8392	8321	3.02e-31	128.0
EL207_RS10325	44	97.26	73	2	0	1	73	13	85	3.98e-30	124.0
EL207_RS10340	44	96.34100000000001	82	3	0	1	82	181	262	2.14e-33	135.0
EL207_RS10350	44	95.34899999999999	86	4	0	1	86	436	521	6.3399999999999995e-34	137.0
EL207_RS10360	37	100.0	74	0	0	1	74	9256	9183	5.2e-34	137.0
EL207_RS10360	14	100.0	74	0	0	1	74	89	162	5.2e-34	137.0
EL207_RS10365	50	100.0	73	0	0	1	73	13	85	1.9399999999999995e-33	135.0
EL207_RS10365	37	100.0	73	0	0	1	73	9169	9097	1.9399999999999995e-33	135.0
D7J84_RS32125	37	95.946	74	3	0	1	74	8980	8907	5.24e-29	121.0
TM1040_RS02350	50	95.89	73	3	0	1	73	13	85	1.95e-28	119.0
TM1040_RS02350	37	95.89	73	3	0	1	73	9169	9097	1.95e-28	119.0
SSUBM407_RS10465	24	95.322	855	40	0	1	855	32097	31243	0.0	1358.0
SSUBM407_RS10470	24	97.685	216	5	0	1	216	31172	30957	4.669999999999999e-104	372.0
HMPREF0351_RS13080	24	99.14	1163	6	3	1	1159	32205	33367	0.0	2089.0
HMPREF0351_RS13300	24	99.28299999999999	279	2	0	1	279	32205	32483	5.809999999999998e-144	505.0
HMPREF0351_RS14095	24	99.249	666	5	0	1	666	12793	13458	0.0	1203.0
HMPREF0351_RS14100	24	98.75	960	12	0	1	960	3712	4671	0.0	1707.0
HMPREF0351_RS14110	24	99.57	1163	5	0	1	1163	32205	33367	0.0	2121.0
HMPREF0351_RS14555	24	99.57	1163	5	0	1	1163	32205	33367	0.0	2121.0
F6447_RS13370	24	98.96799999999999	1163	12	0	1	1163	32205	33367	0.0	2082.0
F6447_RS13525	24	99.656	1163	4	0	1	1163	32205	33367	0.0	2126.0
F6447_RS13790	24	99.57	1163	5	0	1	1163	32205	33367	0.0	2121.0
HC353_RS12905	24	99.31200000000001	1163	8	0	1	1163	32205	33367	0.0	2104.0
HC353_RS12970	24	98.542	960	14	0	1	960	3712	4671	0.0	1696.0
HC353_RS13015	24	99.226	1163	9	0	1	1163	32205	33367	0.0	2098.0
HC354_RS12940	24	99.31200000000001	1163	8	0	1	1163	32205	33367	0.0	2104.0
HC354_RS13005	24	98.542	960	14	0	1	960	3712	4671	0.0	1696.0
HC354_RS13050	24	99.226	1163	9	0	1	1163	32205	33367	0.0	2098.0
E2L09_RS12855	24	99.484	1163	6	0	1	1163	32205	33367	0.0	2115.0
E2L09_RS13295	24	99.63	270	1	0	1	270	33098	33367	1.2199999999999998e-140	494.0
HF500_RS17970	50	97.26	73	2	0	1	73	13	85	3.98e-30	124.0
HF500_RS17970	37	97.26	73	2	0	1	73	9169	9097	3.98e-30	124.0
HF500_RS17975	37	95.946	74	3	0	1	74	9256	9183	5.24e-29	121.0
HF500_RS17975	14	95.946	74	3	0	1	74	89	162	5.24e-29	121.0
HF500_RS18015	37	97.22200000000001	72	2	0	1	72	7626	7555	1.4e-29	122.0
HF500_RS18015	37	97.22200000000001	72	2	0	1	72	8392	8321	1.4e-29	122.0
SMVRE20_RS00260	24	99.656	1163	4	0	1	1163	32205	33367	0.0	2126.0
SMVRE20_RS00310	24	99.57	1163	5	0	1	1163	32205	33367	0.0	2121.0
SMVRE20_RS00640	24	99.57	1163	5	0	1	1163	32205	33367	0.0	2121.0
SMVRE20_RS00675	24	99.57	1163	5	0	1	1163	32205	33367	0.0	2121.0
HG420_RS11370	24	99.34899999999999	768	5	0	1	768	28533	29300	0.0	1391.0
HG420_RS11375	24	98.82600000000001	426	5	0	1	426	28045	27620	0.0	760.0
HG420_RS11380	24	96.512	516	18	0	1	516	27603	27088	0.0	854.0
HG420_RS11385	24	98.928	933	10	0	1	933	27077	26145	0.0	1668.0
HG420_RS11390	24	99.286	981	7	0	1	981	26142	25162	0.0	1773.0
HG420_RS11395	24	96.215	317	12	0	2	318	25133	24817	2.3899999999999996e-148	520.0
HG420_RS11400	24	98.008	1707	34	0	1	1707	24817	23111	0.0	2964.0
GFC30_RS15805	37	97.22200000000001	72	2	0	1	72	7626	7555	1.4e-29	122.0
GFC30_RS15805	37	97.22200000000001	72	2	0	1	72	8392	8321	1.4e-29	122.0
GFC30_RS15820	37	95.946	74	3	0	1	74	7813	7740	5.24e-29	121.0
GFC30_RS15820	37	95.946	74	3	0	1	74	8480	8407	5.24e-29	121.0
GFC30_RS15850	37	95.946	74	3	0	1	74	8185	8112	5.53e-29	121.0
GFC30_RS15850	37	95.946	74	3	0	1	74	8750	8677	5.53e-29	121.0
GFC30_RS15860	37	97.22200000000001	72	2	0	1	72	7626	7555	1.4e-29	122.0
GFC30_RS15860	37	97.22200000000001	72	2	0	1	72	8392	8321	1.4e-29	122.0
GFC30_RS15910	50	97.26	73	2	0	1	73	13	85	3.98e-30	124.0
GFC30_RS15910	37	97.26	73	2	0	1	73	9169	9097	3.98e-30	124.0
GFC30_RS16230	37	97.22200000000001	72	2	0	1	72	7626	7555	1.4e-29	122.0
GFC30_RS16230	37	97.22200000000001	72	2	0	1	72	8392	8321	1.4e-29	122.0
GFC30_RS16245	7	98.611	72	1	0	1	72	6594	6523	3.19e-31	128.0
GFC30_RS16270	37	97.29700000000001	74	2	0	1	74	9256	9183	1.19e-30	126.0
GFC30_RS16270	14	97.29700000000001	74	2	0	1	74	89	162	1.19e-30	126.0
BCM40_RS16175	37	95.833	72	3	0	1	72	7626	7555	6.900000000000001e-28	117.0
BCM40_RS16175	37	95.833	72	3	0	1	72	8392	8321	6.900000000000001e-28	117.0
KNN_RS31700	37	95.946	74	3	0	1	74	8980	8907	5.24e-29	121.0
HPG46_RS27990	37	95.946	74	3	0	1	74	8980	8907	5.24e-29	121.0
BN9748_RS15175	24	99.656	1163	4	0	1	1163	32205	33367	0.0	2126.0
BN9748_RS15240	24	99.656	1163	4	0	1	1163	32205	33367	0.0	2126.0
GU335_RS11670	24	96.19	210	8	0	1	210	31166	30957	9.869999999999997e-96	344.0
GU335_RS11675	24	96.28	887	33	0	11	897	32129	31243	0.0	1456.0
FLC01_RS14010	24	98.646	960	13	0	1	960	3712	4671	0.0	1701.0
FLC01_RS14135	24	99.656	1163	4	0	1	1163	32205	33367	0.0	2126.0
FLC01_RS14145	24	99.479	768	4	0	1	768	28533	29300	0.0	1397.0
FLC01_RS14150	24	99.296	426	3	0	1	426	28045	27620	0.0	771.0
FLC01_RS14155	24	99.61200000000001	516	2	0	1	516	27603	27088	0.0	942.0
FLC01_RS14160	24	99.35700000000001	933	6	0	1	933	27077	26145	0.0	1690.0
FLC01_RS14165	24	99.796	981	2	0	1	981	26142	25162	0.0	1801.0
FLC01_RS14170	24	100.0	318	0	0	1	318	25134	24817	6.449999999999998e-169	588.0
FLC01_RS14175	24	99.649	1707	6	0	1	1707	24817	23111	0.0	3120.0
FLC01_RS14180	24	99.929	1407	1	0	1	1407	22969	21563	0.0	2593.0
FLC01_RS14185	24	99.26700000000001	273	2	0	1	273	21540	21268	1.2299999999999997e-140	494.0
FLC01_RS14190	24	99.556	900	4	0	1	900	21247	20348	0.0	1640.0
FLC01_RS14195	24	99.656	1163	4	0	1	1163	32205	33367	0.0	2126.0
FLC01_RS14345	24	99.656	1163	4	0	1	1163	32205	33367	0.0	2126.0
FLC01_RS14390	24	99.656	1163	4	0	1	1163	32205	33367	0.0	2126.0
FLC01_RS15975	24	97.619	210	5	0	1	210	31166	30957	9.799999999999998e-101	361.0
FLC01_RS16095	24	99.57	1163	5	0	1	1163	32205	33367	0.0	2121.0
ELZ59_RS12980	24	99.57	1163	5	0	1	1163	32205	33367	0.0	2121.0
ELZ59_RS13185	24	99.57	1163	5	0	1	1163	32205	33367	0.0	2121.0
ELZ59_RS13565	24	99.57	1163	5	0	1	1163	32205	33367	0.0	2121.0
ELZ42_RS12875	24	96.264	455	17	0	2	456	31826	31372	0.0	747.0
ELZ42_RS12880	24	96.667	210	7	0	1	210	31166	30957	2.1199999999999996e-97	350.0
ELZ42_RS12935	24	99.484	1163	6	0	1	1163	32205	33367	0.0	2115.0
ELZ42_RS13150	24	99.57	1163	5	0	1	1163	32205	33367	0.0	2121.0
ELZ65_RS13975	24	98.854	960	11	0	1	960	3712	4671	0.0	1712.0
ELZ65_RS14000	24	99.656	1163	4	0	1	1163	32205	33367	0.0	2126.0
ELZ65_RS14005	24	98.4	625	3	2	1	625	29305	29922	0.0	1092.0
ELZ65_RS14010	24	99.479	768	4	0	1	768	28533	29300	0.0	1397.0
ELZ65_RS14015	24	99.531	426	2	0	1	426	28045	27620	0.0	776.0
ELZ65_RS14020	24	99.61200000000001	516	2	0	1	516	27603	27088	0.0	942.0
ELZ65_RS14025	24	99.35700000000001	933	6	0	1	933	27077	26145	0.0	1690.0
ELZ65_RS14030	24	99.796	981	2	0	1	981	26142	25162	0.0	1801.0
ELZ65_RS14035	24	99.37100000000001	318	2	0	1	318	25134	24817	1.3999999999999997e-165	577.0
ELZ65_RS14040	24	99.766	1707	4	0	1	1707	24817	23111	0.0	3131.0
ELZ65_RS14045	24	99.787	1407	3	0	1	1407	22969	21563	0.0	2582.0
ELZ65_RS16440	24	98.851	174	1	1	1	174	21440	21268	2.9199999999999995e-85	309.0
ELZ65_RS14055	24	99.667	900	3	0	1	900	21247	20348	0.0	1646.0
ELZ65_RS14115	24	99.57	1163	5	0	1	1163	32205	33367	0.0	2121.0
ELZ65_RS14275	24	99.656	1163	4	0	1	1163	32205	33367	0.0	2126.0
ELZ65_RS14355	24	99.57	1163	5	0	1	1163	32205	33367	0.0	2121.0
ELZ65_RS15690	24	98.854	960	11	0	1	960	3712	4671	0.0	1712.0
ELZ65_RS15915	24	95.829	887	37	0	11	897	32129	31243	0.0	1434.0
EL279_RS14995	24	97.52	887	22	0	11	897	32129	31243	0.0	1517.0
EL279_RS15000	24	95.238	210	10	0	1	210	31166	30957	2.14e-92	333.0
EL279_RS15660	24	95.49	887	40	0	11	897	32129	31243	0.0	1417.0
EL279_RS15665	24	97.619	210	5	0	1	210	31166	30957	9.799999999999998e-101	361.0
EL345_RS13210	24	98.75	960	12	0	1	960	3712	4671	0.0	1707.0
EL345_RS13455	24	97.619	210	5	0	1	210	31166	30957	9.799999999999998e-101	361.0
EL240_RS15000	24	97.52	887	22	0	11	897	32129	31243	0.0	1517.0
EL240_RS15005	24	95.238	210	10	0	1	210	31166	30957	2.14e-92	333.0
EL240_RS15665	24	95.49	887	40	0	11	897	32129	31243	0.0	1417.0
EL240_RS15670	24	97.619	210	5	0	1	210	31166	30957	9.799999999999998e-101	361.0
EL348_RS14290	24	99.656	1163	4	0	1	1163	32205	33367	0.0	2126.0
EL348_RS14755	24	99.57	1163	5	0	1	1163	32205	33367	0.0	2121.0
EQB36_RS13850	24	99.656	1163	4	0	1	1163	32205	33367	0.0	2126.0
EQB36_RS14150	24	99.656	1163	4	0	1	1163	32205	33367	0.0	2126.0
EQB36_RS15105	24	99.57	1163	5	0	1	1163	32205	33367	0.0	2121.0
EQB68_RS13995	24	99.656	1163	4	0	1	1163	32205	33367	0.0	2126.0
EQB68_RS14065	24	99.57	1163	5	0	1	1163	32205	33367	0.0	2121.0
EQB68_RS15620	24	99.57	1163	5	0	1	1163	32205	33367	0.0	2121.0
EQB68_RS15665	24	97.619	210	5	0	1	210	31166	30957	9.799999999999998e-101	361.0
EL352_RS12765	24	96.618	887	30	0	11	897	32129	31243	0.0	1472.0
EL352_RS12770	24	95.238	210	10	0	1	210	31166	30957	2.14e-92	333.0
EL352_RS12870	24	99.484	1163	6	0	1	1163	32205	33367	0.0	2115.0
EL352_RS13085	24	99.484	1163	6	0	1	1163	32205	33367	0.0	2115.0
EQB51_RS14995	24	99.656	1163	4	0	1	1163	32205	33367	0.0	2126.0
EQB51_RS15315	24	99.656	1163	4	0	1	1163	32205	33367	0.0	2126.0
EQB51_RS15380	24	99.656	1163	4	0	1	1163	32205	33367	0.0	2126.0
EQB51_RS16010	24	99.484	1163	6	0	1	1163	32205	33367	0.0	2115.0
EQB51_RS16495	24	97.794	272	6	0	2	273	30939	30668	2.0799999999999994e-133	470.0
EQB51_RS16500	24	99.04799999999999	210	2	0	1	210	31166	30957	9.729999999999998e-106	377.0
EQB51_RS16505	24	95.49	887	40	0	11	897	32129	31243	0.0	1417.0
EQB51_RS16580	24	98.542	960	14	0	1	960	3712	4671	0.0	1696.0
EQB58_RS14725	24	99.656	1163	4	0	1	1163	32205	33367	0.0	2126.0
EQB58_RS14800	24	99.656	1163	4	0	1	1163	32205	33367	0.0	2126.0
EQB58_RS14915	24	99.656	1163	4	0	1	1163	32205	33367	0.0	2126.0
EQB58_RS15980	24	97.619	210	5	0	1	210	31166	30957	9.799999999999998e-101	361.0
EQB58_RS16035	24	99.57	1163	5	0	1	1163	32205	33367	0.0	2121.0
EL354_RS14445	24	99.656	1163	4	0	1	1163	32205	33367	0.0	2126.0
EQB43_RS15160	24	99.656	1163	4	0	1	1163	32205	33367	0.0	2126.0
EQB43_RS15485	24	99.656	1163	4	0	1	1163	32205	33367	0.0	2126.0
EQB43_RS15550	24	99.656	1163	4	0	1	1163	32205	33367	0.0	2126.0
EQB43_RS16180	24	99.656	1163	4	0	1	1163	32205	33367	0.0	2126.0
EQB43_RS16945	24	97.794	272	6	0	2	273	30939	30668	2.0799999999999994e-133	470.0
EQB43_RS16950	24	99.04799999999999	210	2	0	1	210	31166	30957	9.729999999999998e-106	377.0
EQB43_RS16955	24	95.49	887	40	0	11	897	32129	31243	0.0	1417.0
EQB43_RS17030	24	98.542	960	14	0	1	960	3712	4671	0.0	1696.0
EQB75_RS15720	24	99.57	1163	5	0	1	1163	32205	33367	0.0	2121.0
EQB75_RS15805	24	99.57	1163	5	0	1	1163	32205	33367	0.0	2121.0
EQB75_RS16255	24	99.656	1163	4	0	1	1163	32205	33367	0.0	2126.0
EQB75_RS16260	24	99.744	390	1	0	1	390	20737	20348	0.0	715.0
EQB75_RS17045	24	99.57	1163	5	0	1	1163	32205	33367	0.0	2121.0
EQB75_RS17105	24	97.619	210	5	0	1	210	31166	30957	9.799999999999998e-101	361.0
E7T08_RS14120	24	99.57	1163	5	0	1	1163	32205	33367	0.0	2121.0
E7T08_RS14535	24	99.656	1163	4	0	1	1163	32205	33367	0.0	2126.0
E7T08_RS14600	24	99.656	1163	4	0	1	1163	32205	33367	0.0	2126.0
E7T08_RS14885	24	99.336	602	4	0	1	602	3712	4313	0.0	1090.0
E7T08_RS14900	24	98.646	960	13	0	1	960	3712	4671	0.0	1701.0
E7T08_RS14905	24	99.249	666	5	0	1	666	12793	13458	0.0	1203.0
E7T08_RS15375	24	99.57	1163	5	0	1	1163	32205	33367	0.0	2121.0
E7T08_RS15565	24	96.667	210	7	0	1	210	31166	30957	2.1199999999999996e-97	350.0
E7T08_RS15570	24	96.494	599	21	0	2	600	31841	31243	0.0	990.0
E7T08_RS15670	24	99.57	1163	5	0	1	1163	32205	33367	0.0	2121.0
FNL85_RS13250	24	98.854	960	11	0	1	960	3712	4671	0.0	1712.0
FNL85_RS13465	24	98.45200000000001	969	15	0	1	969	3712	4680	0.0	1707.0
FNL85_RS13895	24	99.398	1163	7	0	1	1163	32205	33367	0.0	2109.0
FP479_RS14780	50	97.26	73	2	0	1	73	13	85	4.1999999999999996e-30	124.0
FP479_RS14780	37	97.26	73	2	0	1	73	9169	9097	4.1999999999999996e-30	124.0
FP479_RS14785	37	97.29700000000001	74	2	0	1	74	7813	7740	1.19e-30	126.0
FP479_RS14785	37	97.29700000000001	74	2	0	1	74	8480	8407	1.19e-30	126.0
FP479_RS14805	37	97.29700000000001	74	2	0	1	74	7813	7740	1.19e-30	126.0
FP479_RS14805	37	97.29700000000001	74	2	0	1	74	8480	8407	1.19e-30	126.0
FP476_RS14780	40	95.556	90	4	0	1	90	1633	1722	4.0099999999999995e-36	145.0
FP476_RS14785	37	97.29700000000001	74	2	0	1	74	7813	7740	1.19e-30	126.0
FP476_RS14785	37	97.29700000000001	74	2	0	1	74	8480	8407	1.19e-30	126.0
FP476_RS14790	50	97.26	73	2	0	1	73	13	85	4.1999999999999996e-30	124.0
FP476_RS14790	37	97.26	73	2	0	1	73	9169	9097	4.1999999999999996e-30	124.0
FP476_RS14820	37	97.29700000000001	74	2	0	1	74	7813	7740	1.19e-30	126.0
FP476_RS14820	37	97.29700000000001	74	2	0	1	74	8480	8407	1.19e-30	126.0
FP476_RS14825	40	95.556	90	4	0	1	90	1633	1722	4.0099999999999995e-36	145.0
FOV01_RS13515	24	98.883	179	2	0	6	184	16130	15952	1.4399999999999997e-88	320.0
FOV01_RS13640	24	99.57	1163	5	0	1	1163	32205	33367	0.0	2121.0
HTD20_RS00115	24	96.661	1707	57	0	1	1707	24817	23111	0.0	2837.0
HTD20_RS00125	24	97.554	981	24	0	1	981	26142	25162	0.0	1679.0
HTD20_RS00130	24	98.714	933	12	0	1	933	27077	26145	0.0	1657.0
HTD20_RS00135	24	97.09299999999999	516	15	0	1	516	27603	27088	0.0	870.0
HTD20_RS00140	24	99.061	426	4	0	1	426	28045	27620	0.0	765.0
HTD20_RS00145	24	99.479	768	4	0	1	768	28533	29300	0.0	1397.0
HTD38_RS00065	24	95.49	887	40	0	11	897	32129	31243	0.0	1417.0
HTD38_RS00070	24	97.619	210	5	0	1	210	31166	30957	9.799999999999998e-101	361.0
HTF48_RS00040	24	97.619	210	5	0	1	210	31166	30957	9.799999999999998e-101	361.0
HTF48_RS00375	24	99.656	1163	4	0	1	1163	32205	33367	0.0	2126.0
HTF63_RS00045	24	95.714	210	9	0	1	210	31166	30957	4.589999999999999e-94	339.0
HTF63_RS00095	24	99.656	1163	4	0	1	1163	32205	33367	0.0	2126.0
HTF63_RS00180	24	99.656	1163	4	0	1	1163	32205	33367	0.0	2126.0
HTG14_RS00045	24	95.714	210	9	0	1	210	31166	30957	4.589999999999999e-94	339.0
HTG14_RS00095	24	99.656	1163	4	0	1	1163	32205	33367	0.0	2126.0
HTG14_RS00180	24	99.656	1163	4	0	1	1163	32205	33367	0.0	2126.0
HTG24_RS00305	24	99.896	960	1	0	1	960	12793	13752	0.0	1768.0
HTG28_RS00045	24	95.714	210	9	0	1	210	31166	30957	4.589999999999999e-94	339.0
HTG28_RS00095	24	99.656	1163	4	0	1	1163	32205	33367	0.0	2126.0
HTG28_RS00180	24	99.656	1163	4	0	1	1163	32205	33367	0.0	2126.0
HTG27_RS00045	24	95.714	210	9	0	1	210	31166	30957	4.589999999999999e-94	339.0
HTG27_RS00095	24	99.656	1163	4	0	1	1163	32205	33367	0.0	2126.0
HTG27_RS00180	24	99.656	1163	4	0	1	1163	32205	33367	0.0	2126.0
HTG21_RS00045	24	95.714	210	9	0	1	210	31166	30957	4.589999999999999e-94	339.0
HTG21_RS00095	24	99.656	1163	4	0	1	1163	32205	33367	0.0	2126.0
HTG21_RS00175	24	99.656	1163	4	0	1	1163	32205	33367	0.0	2126.0
HTG44_RS00045	24	95.714	210	9	0	1	210	31166	30957	4.589999999999999e-94	339.0
HTG44_RS00095	24	99.656	1163	4	0	1	1163	32205	33367	0.0	2126.0
HTG44_RS00180	24	99.656	1163	4	0	1	1163	32205	33367	0.0	2126.0
HTJ97_RS00140	24	95.37799999999999	887	41	0	11	897	32129	31243	0.0	1411.0
HTJ97_RS00145	24	95.238	210	10	0	1	210	31166	30957	2.14e-92	333.0
HTJ97_RS00150	24	98.529	272	4	0	2	273	30939	30668	9.599999999999998e-137	481.0
HTK17_RS00500	24	95.37799999999999	887	41	0	11	897	32129	31243	0.0	1411.0
HTK17_RS00505	24	95.238	210	10	0	1	210	31166	30957	2.14e-92	333.0
HTK17_RS00510	24	98.529	272	4	0	2	273	30939	30668	9.599999999999998e-137	481.0
HTK47_RS00020	24	99.57	1163	5	0	1	1163	32205	33367	0.0	2121.0
HTK34_RS00385	24	99.57	1163	5	0	1	1163	32205	33367	0.0	2121.0
HTO59_RS00005	38	99.663	297	1	0	1	297	850	1146	1.3199999999999997e-155	544.0
HTO59_RS00010	38	100.0	723	0	0	1	723	1	723	0.0	1336.0
HTO59_RS00015	38	100.0	87	0	0	1	87	4498	4412	3.8200000000000004e-41	161.0
HTO59_RS00020	38	100.0	312	0	0	1	312	3915	4226	1.3699999999999992e-165	577.0
HTO59_RS00025	38	99.005	201	2	0	1	201	3692	3892	9.329999999999996e-101	361.0
HTO59_RS00030	38	100.0	1761	0	0	1	1761	1843	3603	0.0	3253.0
HTO14_RS00125	24	97.95	1707	35	0	1	1707	24817	23111	0.0	2959.0
HTO14_RS00130	24	96.53	317	11	0	2	318	25133	24817	5.129999999999999e-150	525.0
HTO14_RS00135	24	99.286	981	7	0	1	981	26142	25162	0.0	1773.0
HTO14_RS00140	24	99.035	933	9	0	1	933	27077	26145	0.0	1674.0
HTO14_RS00145	24	96.705	516	17	0	1	516	27603	27088	0.0	859.0
HTO14_RS00150	24	98.82600000000001	426	5	0	1	426	28045	27620	0.0	760.0
HTO14_RS00155	24	99.54299999999999	656	3	0	1	656	28533	29188	0.0	1195.0
HTR37_RS00155	24	97.619	210	5	0	1	210	31166	30957	9.799999999999998e-101	361.0
HTR37_RS00160	24	95.37799999999999	887	41	0	11	897	32129	31243	0.0	1411.0
HTT43_RS00200	24	95.265	887	42	0	11	897	32129	31243	0.0	1406.0
HTT43_RS00205	24	95.238	210	10	0	1	210	31166	30957	2.14e-92	333.0
HTT43_RS00210	24	98.529	272	4	0	2	273	30939	30668	9.599999999999998e-137	481.0
HTR99_RS00150	24	99.57	1163	5	0	1	1163	32205	33367	0.0	2121.0
HTR93_RS00350	24	99.57	1163	5	0	1	1163	32205	33367	0.0	2121.0
HTR93_RS00585	24	99.281	1112	8	0	1	1112	32205	33316	0.0	2010.0
HTU19_RS00105	24	95.28299999999999	318	15	0	1	318	31560	31243	6.689999999999998e-144	505.0
HTU19_RS00110	24	97.619	210	5	0	1	210	31166	30957	9.799999999999998e-101	361.0
HTU31_RS00110	24	97.619	210	5	0	1	210	31166	30957	9.799999999999998e-101	361.0
HTW12_RS00115	24	98.529	272	4	0	2	273	30939	30668	9.599999999999998e-137	481.0
HTW12_RS00120	24	95.238	210	10	0	1	210	31166	30957	2.14e-92	333.0
HTW12_RS00125	24	95.37799999999999	887	41	0	11	897	32129	31243	0.0	1411.0
BVA20_RS16195	24	99.398	1163	7	0	1	1163	32205	33367	0.0	2109.0
BVA20_RS16360	24	99.484	1163	6	0	1	1163	32205	33367	0.0	2115.0
BVA20_RS16435	24	99.656	1163	4	0	1	1163	32205	33367	0.0	2126.0
BVA20_RS16565	24	97.619	210	5	0	1	210	31166	30957	9.799999999999998e-101	361.0
BVA20_RS16610	24	99.57	1163	5	0	1	1163	32205	33367	0.0	2121.0
B4W80_RS15420	24	99.656	1163	4	0	1	1163	32205	33367	0.0	2126.0
B4W80_RS16465	24	99.807	519	1	0	1	519	32849	33367	0.0	953.0
BUW91_RS28505	37	98.611	72	1	0	1	72	7626	7555	3.02e-31	128.0
BUW91_RS28505	37	98.611	72	1	0	1	72	8392	8321	3.02e-31	128.0
B4W81_RS15490	24	98.573	981	6	3	1	980	29305	30278	0.0	1727.0
B4W81_RS15495	24	99.479	768	4	0	1	768	28533	29300	0.0	1397.0
B4W81_RS15500	24	99.296	426	3	0	1	426	28045	27620	0.0	771.0
B4W81_RS15505	24	99.61200000000001	516	2	0	1	516	27603	27088	0.0	942.0
B4W81_RS15510	24	99.464	933	5	0	1	933	27077	26145	0.0	1696.0
B4W81_RS15515	24	99.694	981	3	0	1	981	26142	25162	0.0	1796.0
B4W81_RS15520	24	100.0	318	0	0	1	318	25134	24817	6.449999999999998e-169	588.0
B4W81_RS15525	24	99.649	1707	6	0	1	1707	24817	23111	0.0	3120.0
B4W81_RS15530	24	99.929	1407	1	0	1	1407	22969	21563	0.0	2593.0
B4W81_RS15535	24	99.26700000000001	273	2	0	1	273	21540	21268	1.2299999999999997e-140	494.0
B4W81_RS15540	24	99.667	900	3	0	1	900	21247	20348	0.0	1646.0
B4W81_RS15545	24	99.31200000000001	1163	8	0	1	1163	32205	33367	0.0	2104.0
B4W81_RS16365	24	99.656	1163	4	0	1	1163	32205	33367	0.0	2126.0
B4W81_RS16700	24	99.807	519	1	0	1	519	32849	33367	0.0	953.0
B4W81_RS17455	24	97.619	210	5	0	1	210	31166	30957	9.799999999999998e-101	361.0
B4W81_RS17575	24	99.807	519	1	0	1	519	32849	33367	0.0	953.0
A6B47_RS14555	35	95.825	1030	43	0	2	1031	1836	807	0.0	1664.0
A6B47_RS14560	35	96.434	645	23	0	1	645	748	104	0.0	1064.0
A6B47_RS14630	12	95.03399999999999	1027	39	1	9	1023	58883	59909	0.0	1604.0
A6B47_RS14655	42	96.0	150	6	0	1	150	1309	1458	7.039999999999999e-66	244.0
A6B47_RS14690	42	95.76299999999999	118	5	0	1	118	697	814	7.23e-50	191.0
EsVE80_RS13250	24	95.255	548	26	0	11	558	32129	31582	0.0	869.0
EsVE80_RS13475	24	99.054	1163	11	0	1	1163	32205	33367	0.0	2087.0
EsVE80_RS13635	24	100.0	78	0	0	1	78	30666	30589	3.3399999999999994e-36	145.0
EsVE80_RS13640	24	98.529	272	4	0	2	273	30939	30668	9.599999999999998e-137	481.0
EsVE80_RS13645	24	95.238	210	10	0	1	210	31166	30957	2.14e-92	333.0
DVB84_RS00205	24	97.619	210	5	0	1	210	31166	30957	9.799999999999998e-101	361.0
DVB84_RS00210	24	96.84299999999999	887	28	0	11	897	32129	31243	0.0	1483.0
AL026_RS00840	24	99.656	1163	4	0	1	1163	32205	33367	0.0	2126.0
AL026_RS00910	24	99.57	1163	5	0	1	1163	32205	33367	0.0	2121.0
AL026_RS01420	24	99.31200000000001	1163	8	0	1	1163	32205	33367	0.0	2104.0
AL026_RS01425	24	99.667	900	3	0	1	900	21247	20348	0.0	1646.0
AL026_RS01430	24	99.26700000000001	273	2	0	1	273	21540	21268	1.2299999999999997e-140	494.0
AL026_RS01435	24	99.929	1407	1	0	1	1407	22969	21563	0.0	2593.0
AL026_RS01440	24	99.649	1707	6	0	1	1707	24817	23111	0.0	3120.0
AL026_RS01445	24	100.0	318	0	0	1	318	25134	24817	6.449999999999998e-169	588.0
AL026_RS01450	24	99.694	981	3	0	1	981	26142	25162	0.0	1796.0
AL026_RS01455	24	99.464	933	5	0	1	933	27077	26145	0.0	1696.0
AL026_RS01460	24	99.61200000000001	516	2	0	1	516	27603	27088	0.0	942.0
AL026_RS01465	24	99.296	426	3	0	1	426	28045	27620	0.0	771.0
AL026_RS01470	24	99.479	768	4	0	1	768	28533	29300	0.0	1397.0
AL026_RS01475	24	98.573	981	6	3	1	980	29305	30278	0.0	1727.0
EFE1165_RS14260	24	99.57	1163	5	0	1	1163	32205	33367	0.0	2121.0
EFE1165_RS14330	24	99.57	1163	5	0	1	1163	32205	33367	0.0	2121.0
EFE1165_RS14635	24	99.57	1163	5	0	1	1163	32205	33367	0.0	2121.0
EFE1165_RS14795	24	99.52600000000001	422	2	0	14	435	12295	11874	0.0	769.0
EFE1165_RS14800	24	100.0	297	0	0	1	297	11881	11585	2.8299999999999997e-157	549.0
EFE1165_RS14805	24	99.04799999999999	630	2	1	1	630	11565	10940	0.0	1127.0
EFE1165_RS14810	24	99.008	907	8	1	1	906	10094	11000	0.0	1624.0
EFE1165_RS14815	24	99.402	669	4	0	1	669	9812	9144	0.0	1214.0
EFE1165_RS14820	24	99.251	267	2	0	1	267	9041	8775	2.61e-137	483.0
EFE1165_RS14825	24	99.70200000000001	1344	4	0	1	1344	8760	7417	0.0	2460.0
EFE1165_RS14830	24	99.619	525	2	0	1	525	7341	6817	0.0	959.0
EFE1165_RS14835	24	99.556	450	2	0	1	450	6052	6501	0.0	821.0
EFE1165_RS15030	24	99.398	1163	7	0	1	1163	32205	33367	0.0	2109.0
DTO64_RS16025	24	95.49	887	40	0	11	897	32129	31243	0.0	1417.0
DTO64_RS16030	24	98.571	210	3	0	1	210	31166	30957	4.529999999999999e-104	372.0
DTO64_RS16035	24	97.794	272	6	0	2	273	30939	30668	2.0799999999999994e-133	470.0
DTO64_RS16150	38	100.0	87	0	0	1	87	4498	4412	3.8200000000000004e-41	161.0
DTO64_RS16160	38	99.005	201	2	0	1	201	3692	3892	9.329999999999996e-101	361.0
DTO64_RS16165	38	99.943	1761	1	0	1	1761	1843	3603	0.0	3247.0
DTO64_RS16175	38	99.663	297	1	0	1	297	850	1146	1.3199999999999997e-155	544.0
DTO64_RS16180	38	100.0	723	0	0	1	723	1	723	0.0	1336.0
EfmKUHS13_RS13955	24	99.484	1163	4	2	1	1161	32205	33367	0.0	2113.0
EfmKUHS13_RS14005	24	99.31299999999999	1165	6	2	1	1165	32205	33367	0.0	2106.0
EfmKUHS13_RS14330	24	96.667	210	7	0	1	210	31166	30957	2.1199999999999996e-97	350.0
EfmKUHS13_RS14335	24	96.73100000000001	887	29	0	11	897	32129	31243	0.0	1478.0
EfmKUHS13_RS14730	24	99.226	1163	8	1	1	1162	32205	33367	0.0	2097.0
EfmKUHS13_RS14735	24	99.667	900	3	0	1	900	21247	20348	0.0	1646.0
EfmKUHS13_RS14740	24	99.26700000000001	273	2	0	1	273	21540	21268	1.2299999999999997e-140	494.0
EfmKUHS13_RS14745	24	99.929	1407	1	0	1	1407	22969	21563	0.0	2593.0
EfmKUHS13_RS14750	24	99.649	1707	6	0	1	1707	24817	23111	0.0	3120.0
EfmKUHS13_RS14755	24	100.0	318	0	0	1	318	25134	24817	6.449999999999998e-169	588.0
EfmKUHS13_RS14760	24	99.694	981	3	0	1	981	26142	25162	0.0	1796.0
EfmKUHS13_RS14765	24	99.464	933	5	0	1	933	27077	26145	0.0	1696.0
EfmKUHS13_RS14770	24	99.61200000000001	516	2	0	1	516	27603	27088	0.0	942.0
EfmKUHS13_RS14775	24	99.296	426	3	0	1	426	28045	27620	0.0	771.0
EfmKUHS13_RS14780	24	99.479	768	4	0	1	768	28533	29300	0.0	1397.0
EfmKUHS13_RS14785	24	98.573	981	6	3	1	980	29305	30278	0.0	1727.0
HBA75_RS29870	37	95.946	74	3	0	1	74	8980	8907	5.24e-29	121.0
GKQ57_RS14475	24	99.583	960	4	0	1	960	3712	4671	0.0	1751.0
GKQ57_RS14590	24	99.31200000000001	1163	7	1	1	1162	32205	33367	0.0	2102.0
YBT1518_RS30485	37	95.946	74	3	0	1	74	8980	8907	5.24e-29	121.0
FKW92_RS14005	24	98.854	960	11	0	1	960	3712	4671	0.0	1712.0
FKW92_RS14125	24	99.57	1163	5	0	1	1163	32205	33367	0.0	2121.0
FKW92_RS14135	24	99.479	768	4	0	1	768	28533	29300	0.0	1397.0
FKW92_RS14140	24	99.296	426	3	0	1	426	28045	27620	0.0	771.0
FKW92_RS14145	24	99.61200000000001	516	2	0	1	516	27603	27088	0.0	942.0
FKW92_RS14150	24	99.35700000000001	933	6	0	1	933	27077	26145	0.0	1690.0
FKW92_RS14155	24	99.796	981	2	0	1	981	26142	25162	0.0	1801.0
FKW92_RS14160	24	100.0	318	0	0	1	318	25134	24817	6.449999999999998e-169	588.0
FKW92_RS14165	24	99.649	1707	6	0	1	1707	24817	23111	0.0	3120.0
FKW92_RS14170	24	99.929	1407	1	0	1	1407	22969	21563	0.0	2593.0
FKW92_RS14175	24	99.26700000000001	273	2	0	1	273	21540	21268	1.2299999999999997e-140	494.0
FKW92_RS14180	24	99.556	900	4	0	1	900	21247	20348	0.0	1640.0
FKW92_RS14185	24	99.656	1163	4	0	1	1163	32205	33367	0.0	2126.0
FKW92_RS14335	24	99.656	1163	4	0	1	1163	32205	33367	0.0	2126.0
FKW92_RS14380	24	99.57	1163	5	0	1	1163	32205	33367	0.0	2121.0
FKW92_RS16005	24	97.619	210	5	0	1	210	31166	30957	9.799999999999998e-101	361.0
FKW92_RS16130	24	99.57	1163	5	0	1	1163	32205	33367	0.0	2121.0
FE005_RS16235	37	97.29700000000001	74	2	0	1	74	8980	8907	1.1299999999999999e-30	126.0
FGF98_RS00205	24	99.31200000000001	1163	8	0	1	1163	32205	33367	0.0	2104.0
FGF98_RS00460	24	99.57	1163	5	0	1	1163	32205	33367	0.0	2121.0
FGF98_RS00645	24	98.646	960	13	0	1	960	3712	4671	0.0	1701.0
FGF98_RS00770	24	99.656	1163	4	0	1	1163	32205	33367	0.0	2126.0
FGF98_RS00780	24	99.479	768	4	0	1	768	28533	29300	0.0	1397.0
FGF98_RS00785	24	99.296	426	3	0	1	426	28045	27620	0.0	771.0
FGF98_RS00790	24	99.61200000000001	516	2	0	1	516	27603	27088	0.0	942.0
FGF98_RS00795	24	99.35700000000001	933	6	0	1	933	27077	26145	0.0	1690.0
FGF98_RS00970	24	99.656	1163	4	0	1	1163	32205	33367	0.0	2126.0
FGF98_RS01035	24	99.57	1163	5	0	1	1163	32205	33367	0.0	2121.0
FGF98_RS15390	24	99.57	1163	5	0	1	1163	32205	33367	0.0	2121.0
FGY81_RS14620	24	99.656	1163	4	0	1	1163	32205	33367	0.0	2126.0
FGY81_RS14785	24	99.656	1163	4	0	1	1163	32205	33367	0.0	2126.0
FGY81_RS15785	24	99.484	1163	6	0	1	1163	32205	33367	0.0	2115.0
FHE73_RS28860	37	95.946	74	3	0	1	74	8980	8907	5.24e-29	121.0
SAW_RS16815	8	95.76	566	24	0	6	571	55318	55883	0.0	913.0
HXF52_RS00035	24	95.37799999999999	887	41	0	11	897	32129	31243	0.0	1411.0
HXF52_RS00040	24	97.619	210	5	0	1	210	31166	30957	9.799999999999998e-101	361.0
HXF52_RS00160	24	95.238	210	10	0	1	210	31166	30957	2.14e-92	333.0
HXF52_RS00165	24	98.529	272	4	0	2	273	30939	30668	9.599999999999998e-137	481.0
HXF34_RS00035	24	95.37799999999999	887	41	0	11	897	32129	31243	0.0	1411.0
HXF34_RS00040	24	97.619	210	5	0	1	210	31166	30957	9.799999999999998e-101	361.0
HXF34_RS00160	24	95.238	210	10	0	1	210	31166	30957	2.14e-92	333.0
HXF34_RS00165	24	98.529	272	4	0	2	273	30939	30668	9.599999999999998e-137	481.0
HXF24_RS00070	24	97.619	210	5	0	1	210	31166	30957	9.799999999999998e-101	361.0
HXF24_RS00075	24	95.37799999999999	887	41	0	11	897	32129	31243	0.0	1411.0
HXF84_RS00095	24	95.37799999999999	887	41	0	11	897	32129	31243	0.0	1411.0
HXF84_RS00100	24	97.619	210	5	0	1	210	31166	30957	9.799999999999998e-101	361.0
HXF84_RS00220	24	95.238	210	10	0	1	210	31166	30957	2.14e-92	333.0
HXI34_RS00145	24	99.583	960	4	0	1	960	12793	13752	0.0	1751.0
UCCLB556_RS12545	37	95.946	74	3	0	1	74	8980	8907	5.24e-29	121.0
