pMG2200_01	17	100.0	2532	0	0	1	2532	21013	23544	0.0	4676.0
pMG2200_02	17	100.0	2004	0	0	1	2004	23534	25537	0.0	3701.0
pMG2200_03	17	100.0	381	0	0	1	381	25544	25924	0.0	704.0
pMG2200_04	17	99.883	1716	1	1	1	1716	26161	27875	0.0	3157.0
pMG2200_05	17	100.0	681	0	0	1	681	27928	28608	0.0	1258.0
pMG2200_06	17	100.0	1152	0	0	1	1152	28818	29969	0.0	2128.0
pMG2200_07	17	100.0	1083	0	0	1	1083	29966	31048	0.0	2001.0
pMG2200_08	17	100.0	243	0	0	1	243	31103	31345	2.5199999999999993e-127	449.0
pMG2200_09	17	100.0	327	0	0	1	327	31346	31672	6.989999999999998e-174	604.0
pMG2200_10	17	100.0	337	0	0	1	337	31764	32100	2.0099999999999993e-179	623.0
pMG2200_42	17	100.0	174	0	0	1	174	32229	32402	3.959999999999999e-89	322.0
pMG2200_43	17	100.0	942	0	0	1	942	32409	33350	0.0	1740.0
pMG2200_44	17	100.0	282	0	0	1	282	33722	34003	6.169999999999998e-149	521.0
pMG2200_45	17	100.0	393	0	0	1	393	33996	34388	0.0	726.0
pMG2200_46	17	100.0	2061	0	0	1	2061	34381	36441	0.0	3807.0
pMG2200_47	17	100.0	1659	0	0	1	1659	36518	38176	0.0	3064.0
pMG2200_48	17	100.0	1344	0	0	1	1344	39706	38363	0.0	2483.0
pMG2200_49	17	100.0	774	0	0	1	774	40479	39706	0.0	1430.0
pMG2200_50	17	100.0	552	0	0	1	552	41174	40623	0.0	1020.0
pMG2200_51	17	100.0	174	0	0	1	174	41371	41198	3.959999999999999e-89	322.0
pMG2200_52	17	100.0	186	0	0	1	186	41559	41374	9.119999999999997e-96	344.0
pMG2200_53	17	100.0	201	0	0	1	201	41855	42055	4.559999999999999e-104	372.0
pMG2200_54	17	100.0	231	0	0	1	231	42387	42157	1.1199999999999997e-120	427.0
pMG2200_55	17	100.0	393	0	0	1	393	42544	42936	0.0	726.0
pMG2200_56	17	100.0	453	0	0	1	453	43002	43454	0.0	837.0
pMG2200_57	17	100.0	153	0	0	1	153	43468	43620	1.6199999999999999e-77	283.0
pMG2200_58	17	100.0	591	0	0	1	591	43632	44222	0.0	1092.0
pMG2200_59	17	100.0	321	0	0	1	321	44228	44548	1.4799999999999997e-170	593.0
pMG2200_60	17	100.0	246	0	0	1	246	44656	44901	5.499999999999999e-129	455.0
pMG2200_61	17	100.0	183	0	0	1	183	44955	45137	4.1699999999999986e-94	339.0
pMG2200_62	17	100.0	717	0	0	1	717	45332	46048	0.0	1325.0
pMG2200_63	17	100.0	1788	0	0	1	1788	46186	47973	0.0	3302.0
pMG2200_64	17	100.0	636	0	0	1	636	48159	48794	0.0	1175.0
pMG2200_65	17	100.0	432	0	0	1	432	48817	49248	0.0	798.0
pMG2200_66	17	100.0	528	0	0	1	528	49251	49778	0.0	976.0
pMG2200_67	17	100.0	2181	0	0	1	2181	49821	52001	0.0	4028.0
pMG2200_68	17	100.0	543	0	0	1	543	52109	52651	0.0	1003.0
pMG2200_69	17	100.0	576	0	0	1	576	52718	53293	0.0	1064.0
pMG2200_70	17	100.0	333	0	0	1	333	53436	53768	3.2899999999999986e-177	616.0
pMG2200_71	17	100.0	1320	0	0	1	1320	55271	53952	0.0	2438.0
pMG2200_72	17	100.0	141	0	0	1	141	55504	55644	6.89e-71	261.0
pMG2200_73	17	100.0	831	0	0	1	831	55731	56561	0.0	1535.0
pMG2200_74	17	100.0	210	0	0	1	210	56624	56833	4.76e-109	388.0
pMG2200_75	17	100.0	423	0	0	1	423	57749	58171	0.0	782.0
pMG2200_76	17	100.0	567	0	0	1	567	58335	58901	0.0	1048.0
pMG2200_77	17	100.0	198	0	0	1	198	58918	59115	2.0899999999999994e-102	366.0
pMG2200_78	17	100.0	537	0	0	1	537	59142	59678	0.0	992.0
pMG2200_79	17	100.0	1059	0	0	1	1059	60865	59807	0.0	1956.0
pMG2200_80	17	100.0	243	0	0	1	243	61132	60890	2.5199999999999993e-127	449.0
pMG2200_81	17	100.0	243	0	0	1	243	61337	61579	2.5199999999999993e-127	449.0
pMG2200_82	17	100.0	213	0	0	1	213	61665	61877	1.0399999999999996e-110	394.0
pMG2200_83	17	100.0	111	0	0	1	111	62053	62163	2.49e-54	206.0
pMG2200_85	17	100.0	105	0	0	1	105	63319	63423	5.0399999999999997e-51	195.0
pMG2200_89	17	99.09899999999999	111	1	0	1	111	63419	63529	1.1599999999999997e-52	200.0
pMG2200_90	17	98.571	210	3	0	1	210	63604	63813	4.789999999999999e-104	372.0
pMG2200_91	17	100.0	303	0	0	1	303	63825	64127	1.4099999999999995e-160	560.0
pMG2200_92	17	99.24799999999999	1329	10	0	1	1329	64554	65882	0.0	2399.0
pMG2200_93	17	100.0	351	0	0	1	351	65879	66229	0.0	649.0
pMG2200_94	17	100.0	213	0	0	1	213	66186	66398	1.0399999999999996e-110	394.0
pMG2200_95	17	100.0	297	0	0	1	297	66830	67126	2.9899999999999994e-157	549.0
pMG2200_96	17	100.0	783	0	0	1	783	67380	68162	0.0	1447.0
pMG2200_97	17	100.0	357	0	0	1	357	68155	68511	0.0	660.0
pMG2200_98	17	100.0	1008	0	0	1	1008	1	1008	0.0	1862.0
pMG2200_99	17	100.0	1638	0	0	1	1638	1167	2804	0.0	3025.0
pMG2200_100	17	100.0	1155	0	0	1	1155	2815	3969	0.0	2134.0
pMG2200_101	17	100.0	954	0	0	1	954	4955	4002	0.0	1762.0
pMG2200_102	17	100.0	72	0	0	1	72	5164	5235	6.859999999999999e-33	134.0
pMG2200_103	17	100.0	357	0	0	1	357	5724	6080	0.0	660.0
pMG2200_104	17	100.0	306	0	0	1	306	6662	6967	3.069999999999999e-162	566.0
pMG2200_105	17	100.0	2676	0	0	1	2676	6978	9653	0.0	4942.0
pMG2200_106	17	100.0	279	0	0	1	279	9673	9951	2.839999999999999e-147	516.0
pMG2200_107	17	100.0	336	0	0	1	336	10411	10746	7.139999999999998e-179	621.0
pMG2200_108	17	100.0	3927	0	0	1	3927	11053	14979	0.0	7252.0
pMG2200_109	17	100.0	321	0	0	1	321	15076	15396	1.4799999999999997e-170	593.0
pMG2200_109	25	96.25	320	12	0	1	320	504	823	5.479999999999998e-150	525.0
pMG2200_110	17	100.0	831	0	0	1	831	15612	16442	0.0	1535.0
pMG2200_111	17	100.0	336	0	0	1	336	16688	17023	7.139999999999998e-179	621.0
pMG2200_112	17	99.911	1128	1	0	1	1128	17031	18158	0.0	2078.0
pMG2200_113	17	100.0	144	0	0	1	144	18323	18466	1.5199999999999999e-72	267.0
pMG2200_114	17	99.87200000000001	1560	2	0	1	1560	18686	20245	0.0	2870.0
pMG2200_115	17	100.0	534	0	0	1	534	20415	20948	0.0	987.0
pCF10_01	17	98.796	1329	16	0	1	1329	64554	65882	0.0	2366.0
pCF10_02	17	97.15100000000001	351	10	0	1	351	65879	66229	1.6299999999999993e-170	593.0
pCF10_03	17	98.59200000000001	213	3	0	1	213	66186	66398	1.0499999999999996e-105	377.0
pCF10_04	17	96.62200000000001	296	7	3	1	294	66830	67124	6.619999999999998e-139	488.0
pCF10_08	17	99.512	1638	8	0	1	1638	1167	2804	0.0	2981.0
pCF10_09	17	99.913	1155	1	0	1	1155	2815	3969	0.0	2128.0
pCF10_10	17	100.0	954	0	0	1	954	4955	4002	0.0	1762.0
pCF10_11	17	100.0	72	0	0	1	72	5164	5235	6.859999999999999e-33	134.0
pCF10_14	17	97.84899999999999	186	4	0	1	186	6662	6847	4.349999999999999e-89	322.0
pCF10_17	25	97.199	357	10	0	1	357	468	824	7.669999999999998e-174	604.0
pCF10_17	17	96.581	351	12	0	1	351	15040	15390	3.589999999999999e-167	582.0
pCF10_40	17	98.90100000000001	546	6	0	1	546	41174	40629	0.0	976.0
pCF10_41	17	98.958	192	2	0	1	192	41389	41198	9.449999999999996e-96	344.0
pCF10_42	17	98.925	186	2	0	1	186	41559	41374	1.9699999999999995e-92	333.0
pCF10_44	17	99.50200000000001	201	1	0	1	201	41855	42055	2.1199999999999996e-102	366.0
pCF10_45	17	100.0	231	0	0	1	231	42387	42157	1.1199999999999997e-120	427.0
pCF10_46	17	98.99	495	5	0	1	495	42442	42936	0.0	887.0
pCF10_47	17	98.01299999999999	453	9	0	1	453	43002	43454	0.0	787.0
pCF10_49	17	96.605	324	11	0	7	330	44225	44548	7.259999999999999e-154	538.0
pCF10_54	17	97.569	288	7	0	10	297	63038	63325	1.4199999999999995e-140	494.0
pCF10_55	17	97.77799999999999	225	5	0	1	225	63319	63543	5.1299999999999995e-109	388.0
pCF10_56	17	96.19	210	8	0	1	210	63604	63813	1.0399999999999997e-95	344.0
pCF10_57	17	98.286	175	2	1	1	174	63825	63999	3.9899999999999993e-84	305.0
pAM373_p18	25	98.214	504	9	0	1	504	17640	18143	0.0	881.0
pAM373_p24	25	96.975	2347	69	2	1	2346	11751	14096	0.0	3940.0
pAM373_p26	25	98.63600000000001	2493	34	0	1	2493	8891	11383	0.0	4416.0
pAM373_p30	25	99.23100000000001	390	3	0	1	390	7330	7719	0.0	704.0
pAM373_p31	25	99.275	276	2	0	1	276	7055	7330	2.8299999999999992e-142	499.0
pAM373_p32	25	99.054	846	8	0	1	846	6220	7065	0.0	1519.0
pAM373_p33	25	100.0	315	0	0	1	315	5724	6038	3.1399999999999983e-167	582.0
pAM373_p34	25	98.49799999999999	333	5	0	1	333	5392	5724	7.169999999999999e-169	588.0
pAM373_p35	25	98.706	618	8	0	1	618	4707	5324	0.0	1098.0
pAM373_p36	25	99.37100000000001	1272	8	0	1	1272	3433	4704	0.0	2305.0
pAM373_p37	25	99.535	861	4	0	1	861	2547	3407	0.0	1568.0
pAM373_p38	25	98.40700000000001	879	14	0	1	879	1649	2527	0.0	1546.0
pAM373_p39	25	99.234	261	2	0	1	261	1378	1638	5.819999999999999e-134	472.0
HS082_RS00005	17	97.40700000000001	270	7	0	1	270	1	270	1.2999999999999996e-130	460.0
HS082_RS00040	11	99.48299999999999	1160	6	0	4	1163	6316	5157	0.0	2109.0
HS082_RS00045	17	95.368	3929	169	5	1	3918	11053	14979	0.0	6235.0
HS082_RS00180	17	96.641	774	26	0	1	774	40479	39706	0.0	1286.0
HS082_RS00185	17	98.816	591	7	0	1	591	41174	40584	0.0	1053.0
HS082_RS00190	17	100.0	192	0	0	1	192	41389	41198	4.369999999999999e-99	355.0
HS082_RS00195	17	100.0	186	0	0	1	186	41559	41374	9.119999999999997e-96	344.0
HS082_RS00200	17	100.0	201	0	0	1	201	41855	42055	4.559999999999999e-104	372.0
HS082_RS00205	17	100.0	231	0	0	1	231	42387	42157	1.1199999999999997e-120	427.0
HS082_RS00210	17	100.0	393	0	0	1	393	42544	42936	0.0	726.0
HS082_RS00215	17	99.779	453	1	0	1	453	43002	43454	0.0	832.0
HS082_RS00220	17	100.0	153	0	0	1	153	43468	43620	1.6199999999999999e-77	283.0
HS082_RS00225	17	99.831	591	1	0	1	591	43632	44222	0.0	1086.0
HS082_RS00230	17	99.65899999999999	293	1	0	1	293	44351	44643	2.2999999999999992e-153	536.0
HS082_RS00235	17	100.0	246	0	0	1	246	44656	44901	5.499999999999999e-129	455.0
HS082_RS00240	17	100.0	183	0	0	1	183	44955	45137	4.1699999999999986e-94	339.0
HS082_RS00245	17	100.0	717	0	0	1	717	45332	46048	0.0	1325.0
HS082_RS00250	17	99.934	1516	1	0	1	1516	46186	47701	0.0	2795.0
HS082_RS00255	17	100.0	246	0	0	1	246	47728	47973	5.499999999999999e-129	455.0
HS082_RS00260	17	99.84299999999999	636	1	0	1	636	48159	48794	0.0	1170.0
HS082_RS00265	17	100.0	468	0	0	1	468	48781	49248	0.0	865.0
HS082_RS00270	17	100.0	528	0	0	1	528	49251	49778	0.0	976.0
HS082_RS00275	17	99.90799999999999	2181	2	0	1	2181	49821	52001	0.0	4017.0
HS082_RS00280	17	100.0	543	0	0	1	543	52109	52651	0.0	1003.0
HS082_RS00285	17	100.0	576	0	0	1	576	52718	53293	0.0	1064.0
HS082_RS00290	17	100.0	333	0	0	1	333	53436	53768	3.2899999999999986e-177	616.0
HS082_RS00325	2	98.238	681	12	0	1	681	82262	82942	0.0	1192.0
HS082_RS00325	25	99.385	650	4	0	32	681	22380	21731	0.0	1179.0
HS082_RS00355	41	99.68799999999999	960	3	0	1	960	97	1056	0.0	1757.0
HS082_RS00390	17	97.152	597	17	0	1	597	62425	63021	0.0	1009.0
HS082_RS00395	17	97.917	288	6	0	1	288	63038	63325	2.9599999999999993e-142	499.0
HS082_RS00400	17	97.77799999999999	225	5	0	1	225	63319	63543	5.1299999999999995e-109	388.0
HS082_RS00405	17	95.714	210	9	0	1	210	63604	63813	4.859999999999999e-94	339.0
HS082_RS00445	17	98.084	783	15	0	1	783	67380	68162	0.0	1363.0
HS082_RS00450	17	98.039	357	7	0	1	357	68155	68511	7.619999999999998e-179	621.0
pWZ1668_p08	11	99.28299999999999	837	6	0	1	837	5993	5157	0.0	1513.0
pWZ1668_p09	11	98.958	288	3	0	4	291	6316	6029	2.969999999999999e-147	516.0
pTW9_p01	17	95.161	620	30	0	1	620	62401	63020	0.0	979.0
pTW9_p07	17	98.28200000000001	291	5	0	1	291	66830	67120	1.4099999999999994e-145	510.0
pTW9_p15	17	98.59899999999999	357	5	0	1	357	5724	6080	0.0	632.0
pTW9_p16	17	96.97	297	9	0	1	297	6662	6958	3.159999999999999e-142	499.0
pTW9_p19	17	100.0	336	0	0	1	336	10411	10746	7.139999999999998e-179	621.0
pTW9_p21	25	99.065	321	3	0	1	321	504	824	1.4899999999999994e-165	577.0
pTW9_p21	17	97.18799999999999	320	9	0	1	320	15076	15395	5.449999999999998e-155	542.0
pTW9_p22	25	100.0	258	0	0	1	258	846	1103	1.2499999999999996e-135	477.0
pTW9_p23	25	99.617	261	1	0	1	261	1378	1638	1.2499999999999996e-135	477.0
pTW9_p24	25	98.066	879	17	0	1	879	1649	2527	0.0	1530.0
pTW9_p25	25	99.652	861	3	0	1	861	2547	3407	0.0	1574.0
pTW9_p26	25	98.899	1272	14	0	1	1272	3433	4704	0.0	2272.0
pTW9_p27	25	98.706	618	8	0	1	618	4707	5324	0.0	1098.0
pTW9_p28	25	99.09899999999999	333	3	0	1	333	5392	5724	3.309999999999999e-172	599.0
pTW9_p29	25	100.0	315	0	0	1	315	5724	6038	3.1399999999999983e-167	582.0
pTW9_p30	25	99.227	1035	8	0	1	1035	6031	7065	0.0	1868.0
pTW9_p31	25	99.617	261	1	0	1	261	7070	7330	1.2499999999999996e-135	477.0
pTW9_p32	25	100.0	390	0	0	1	390	7330	7719	0.0	721.0
pTW9_p33	25	99.79299999999999	483	1	0	1	483	7751	8233	0.0	887.0
pTW9_p34	25	100.0	459	0	0	1	459	8328	8786	0.0	848.0
pTW9_p35	25	99.493	2565	13	0	1	2565	8819	11383	0.0	4665.0
pTW9_p37	25	96.634	2347	77	2	1	2346	11751	14096	0.0	3895.0
pTW9_p38	25	97.63799999999999	2244	53	0	1	2244	14098	16341	0.0	3851.0
pTW9_p39	25	100.0	786	0	0	1	786	16864	17649	0.0	1452.0
pTW9_p48	2	98.399	687	11	0	1	687	82256	82942	0.0	1208.0
pTW9_p97	2	97.321	336	9	0	1	336	82256	82591	7.359999999999999e-164	571.0
pTW9_p98	2	98.399	687	11	0	1	687	82256	82942	0.0	1208.0
HS307_RS00015	25	99.115	339	3	0	1	339	22069	21731	1.5599999999999993e-175	610.0
HS307_RS00015	2	96.46	339	12	0	1	339	82604	82942	1.5899999999999995e-160	560.0
HS307_RS00075	2	98.825	681	8	0	1	681	82262	82942	0.0	1214.0
HS307_RS00075	25	99.23100000000001	650	5	0	32	681	22380	21731	0.0	1173.0
HS307_RS00095	2	98.238	681	12	0	1	681	82262	82942	0.0	1192.0
HS307_RS00095	25	99.538	650	3	0	32	681	22380	21731	0.0	1184.0
HS307_RS00165	2	98.238	681	12	0	1	681	82262	82942	0.0	1192.0
HS307_RS00165	25	99.538	650	3	0	32	681	22380	21731	0.0	1184.0
HXI36_RS00025	2	98.385	681	11	0	1	681	82262	82942	0.0	1197.0
HXI36_RS00025	25	99.69200000000001	650	2	0	32	681	22380	21731	0.0	1190.0
HXI36_RS00210	2	98.385	681	11	0	1	681	82262	82942	0.0	1197.0
HXI36_RS00210	25	99.69200000000001	650	2	0	32	681	22380	21731	0.0	1190.0
HXI36_RS00235	38	100.0	543	0	0	1	543	2001	1459	0.0	1003.0
HXI36_RS00240	38	100.0	795	0	0	1	795	1366	572	0.0	1469.0
HXI36_RS00270	2	98.385	681	11	0	1	681	82262	82942	0.0	1197.0
HXI36_RS00270	25	99.69200000000001	650	2	0	32	681	22380	21731	0.0	1190.0
HXI36_RS00290	11	99.48299999999999	1160	6	0	4	1163	6316	5157	0.0	2109.0
D686_p36	11	99.28299999999999	837	6	0	1	837	5993	5157	0.0	1513.0
D686_p37	11	98.958	288	3	0	4	291	6316	6029	2.969999999999999e-147	516.0
D686_p1035	11	99.28299999999999	837	6	0	1	837	5993	5157	0.0	1513.0
D686_p1036	11	98.958	288	3	0	4	291	6316	6029	2.969999999999999e-147	516.0
CGZ46_RS14430	2	97.962	687	14	0	1	687	82256	82942	0.0	1192.0
CGZ46_RS14435	17	99.63	540	2	0	1	540	38902	38363	0.0	987.0
CGZ46_RS14470	10	100.0	120	0	0	1	120	1356	1475	2.71e-59	222.0
CGZ46_RS14475	10	100.0	315	0	0	1	315	1498	1812	3.1399999999999983e-167	582.0
CGZ46_RS14480	10	100.0	387	0	0	1	387	1828	2214	0.0	715.0
CGZ46_RS14485	10	100.0	1386	0	0	1	1386	2243	3628	0.0	2560.0
CGZ46_RS14490	10	100.0	153	0	0	1	153	3631	3783	1.6199999999999999e-77	283.0
CGZ46_RS14495	10	100.0	1206	0	0	1	1206	3806	5011	0.0	2228.0
CGZ46_RS14500	10	100.0	222	0	0	1	222	5054	5275	1.0799999999999998e-115	411.0
CGZ46_RS14505	10	100.0	498	0	0	1	498	5392	5889	0.0	920.0
CGZ46_RS14510	10	100.0	507	0	0	1	507	5864	6370	0.0	937.0
CGZ46_RS14515	10	99.837	2448	4	0	1	2448	6354	8801	0.0	4499.0
CGZ46_RS14525	10	99.40100000000001	1002	6	0	1	1002	10978	11979	0.0	1818.0
CGZ46_RS14530	10	99.786	933	2	0	1	933	11976	12908	0.0	1712.0
CGZ46_RS14535	10	100.0	87	0	0	1	87	13183	13269	4.04e-41	161.0
CGZ46_RS14540	10	96.458	1920	68	0	1	1920	13285	15204	0.0	3169.0
CGZ46_RS14785	17	97.1	1345	37	2	1	1344	39706	38363	0.0	2266.0
CGZ46_RS14795	17	98.73200000000001	552	7	0	1	552	41174	40623	0.0	981.0
CGZ46_RS14800	17	100.0	174	0	0	1	174	41371	41198	3.959999999999999e-89	322.0
CGZ46_RS14805	17	100.0	186	0	0	1	186	41559	41374	9.119999999999997e-96	344.0
CGZ46_RS14810	17	99.005	201	2	0	1	201	41855	42055	9.879999999999999e-101	361.0
CGZ46_RS14815	17	100.0	231	0	0	1	231	42387	42157	1.1199999999999997e-120	427.0
CGZ46_RS14820	17	98.586	495	7	0	1	495	42442	42936	0.0	876.0
CGZ46_RS14825	17	99.338	453	3	0	1	453	43002	43454	0.0	821.0
CGZ46_RS14830	17	96.053	152	6	0	1	152	43468	43619	5.889999999999999e-67	248.0
CGZ46_RS14835	17	95.262	591	28	0	1	591	43632	44222	0.0	937.0
CGZ46_RS14900	17	96.831	284	9	0	1	284	63038	63321	4.9299999999999983e-135	475.0
CGZ46_RS14915	17	98.194	1329	24	0	1	1329	64554	65882	0.0	2322.0
CGZ46_RS14920	17	98.006	351	7	0	1	351	65879	66229	1.6199999999999995e-175	610.0
CGZ46_RS14965	17	97.712	306	7	0	1	306	6662	6967	1.4499999999999996e-150	527.0
CGZ46_RS14985	25	95.506	356	13	1	1	353	468	823	3.5899999999999987e-162	566.0
CGZ46_RS14985	17	95.238	357	14	1	1	354	15040	15396	4.6399999999999986e-161	562.0
CGZ46_RS15000	17	99.27799999999999	831	6	0	1	831	15612	16442	0.0	1502.0
CGZ46_RS15005	17	96.667	180	6	0	1	180	16473	16652	1.93e-82	300.0
CGZ46_RS15010	17	99.359	312	2	0	1	312	16712	17023	3.1299999999999993e-162	566.0
CGZ46_RS15015	17	98.58200000000001	1128	16	0	1	1128	17031	18158	0.0	1995.0
CGZ46_RS15020	17	98.53399999999999	1569	5	1	1	1551	18677	20245	0.0	2754.0
CGZ46_RS15025	17	100.0	534	0	0	1	534	20415	20948	0.0	987.0
CGZ46_RS15030	17	99.961	2553	1	0	1	2553	20992	23544	0.0	4710.0
CGZ46_RS15035	17	99.9	2004	2	0	1	2004	23534	25537	0.0	3690.0
CGZ46_RS15040	17	100.0	381	0	0	1	381	25544	25924	0.0	704.0
CGZ46_RS15045	17	99.883	2556	3	0	1	2556	26053	28608	0.0	4704.0
CGZ46_RS15050	17	99.471	189	1	0	1	189	28611	28799	9.289999999999996e-96	344.0
CGZ46_RS15055	17	100.0	1152	0	0	1	1152	28818	29969	0.0	2128.0
CGZ46_RS15060	17	100.0	990	0	0	1	990	30059	31048	0.0	1829.0
CGZ46_RS15065	17	100.0	234	0	0	1	234	31112	31345	2.44e-122	433.0
CGZ46_RS15070	17	100.0	327	0	0	1	327	31346	31672	6.989999999999998e-174	604.0
CGZ46_RS15075	17	100.0	639	0	0	1	639	31764	32402	0.0	1181.0
CGZ46_RS15080	17	100.0	942	0	0	1	942	32409	33350	0.0	1740.0
CGZ46_RS15085	17	98.58200000000001	282	4	0	1	282	33722	34003	2.8899999999999993e-142	499.0
CGZ46_RS15090	17	100.0	393	0	0	1	393	33996	34388	0.0	726.0
CGZ46_RS15095	17	99.272	2061	15	0	1	2061	34381	36441	0.0	3723.0
CGZ46_RS15100	17	98.794	1659	2	1	1	1641	36518	38176	0.0	2937.0
FOA09_RS13905	2	98.399	687	11	0	1	687	82256	82942	0.0	1208.0
FOA09_RS14030	2	98.25299999999999	687	12	0	1	687	82256	82942	0.0	1203.0
FOA09_RS14130	2	98.399	687	11	0	1	687	82256	82942	0.0	1208.0
FOA09_RS14195	25	95.29700000000001	489	23	0	1	489	17655	18143	0.0	776.0
FOA09_RS14200	25	100.0	729	0	0	1	729	16921	17649	0.0	1347.0
FOA09_RS14205	25	99.415	171	1	0	1	171	16513	16343	8.42e-86	311.0
FOA09_RS14210	25	97.654	2259	53	0	1	2259	14083	16341	0.0	3879.0
FOA09_RS14215	25	96.634	2347	77	2	1	2346	11751	14096	0.0	3895.0
FOA09_RS14225	25	99.318	2493	17	0	1	2493	8891	11383	0.0	4510.0
FOA09_RS14230	25	100.0	459	0	0	1	459	8328	8786	0.0	848.0
FOA09_RS14235	25	99.79299999999999	483	1	0	1	483	7751	8233	0.0	887.0
FOA09_RS14240	25	100.0	393	0	0	1	393	7327	7719	0.0	726.0
FOA09_RS14245	25	99.63799999999999	276	1	0	1	276	7055	7330	6.069999999999998e-144	505.0
FOA09_RS14250	25	99.227	1035	8	0	1	1035	6031	7065	0.0	1868.0
FOA09_RS14255	25	100.0	315	0	0	1	315	5724	6038	3.1399999999999983e-167	582.0
FOA09_RS14260	25	98.645	369	5	0	1	369	5356	5724	0.0	654.0
FOA09_RS14265	25	98.867	618	7	0	1	618	4707	5324	0.0	1103.0
FOA09_RS14270	25	98.899	1272	14	0	1	1272	3433	4704	0.0	2272.0
FOA09_RS14275	25	99.652	861	3	0	1	861	2547	3407	0.0	1574.0
FOA09_RS14280	25	98.066	879	17	0	1	879	1649	2527	0.0	1530.0
FOA09_RS14285	25	99.617	261	1	0	1	261	1378	1638	1.2499999999999996e-135	477.0
FOA09_RS14290	25	99.74	385	1	0	1	385	846	1230	0.0	706.0
FOA09_RS14295	25	98.319	357	3	1	1	354	468	824	2.0999999999999992e-179	623.0
FOA09_RS14295	17	96.62899999999999	356	9	1	1	353	15040	15395	7.659999999999996e-169	588.0
FOA09_RS14305	17	100.0	336	0	0	1	336	10411	10746	7.139999999999998e-179	621.0
FOA09_RS14310	17	96.774	93	2	1	1	93	10091	10182	7.349999999999999e-39	154.0
FOA09_RS14325	17	96.97	297	9	0	1	297	6662	6958	3.159999999999999e-142	499.0
FOA09_RS14330	17	98.59899999999999	357	5	0	1	357	5724	6080	0.0	632.0
FOA09_RS14370	17	98.28200000000001	291	5	0	1	291	66830	67120	1.4099999999999994e-145	510.0
FOA09_RS14375	17	99.09899999999999	111	1	0	1	111	66480	66590	1.1599999999999997e-52	200.0
FOA09_RS14390	2	98.399	687	11	0	1	687	82256	82942	0.0	1208.0
FOA09_RS14395	17	95.134	596	29	0	1	596	62425	63020	0.0	941.0
FOA09_RS14410	2	98.399	687	11	0	1	687	82256	82942	0.0	1208.0
EYB36_RS00005	25	97.992	249	5	0	1	249	19547	19795	2.6099999999999995e-122	433.0
EYB36_RS00010	25	99.045	419	2	2	1	419	19871	20287	0.0	750.0
EYB36_RS00025	25	99.24799999999999	266	2	0	2	267	21007	21272	9.869999999999998e-137	481.0
EYB36_RS00030	25	100.0	276	0	0	1	276	21265	21540	1.3099999999999998e-145	510.0
EYB36_RS00040	17	98.851	174	2	0	1	174	41371	41198	8.579999999999998e-86	311.0
EYB36_RS00045	17	98.30799999999999	591	10	0	1	591	41174	40584	0.0	1037.0
EYB36_RS00080	17	95.08200000000001	183	9	0	1	183	44955	45137	4.259999999999999e-79	289.0
EYB36_RS00095	17	98.738	634	7	1	3	636	48162	48794	0.0	1125.0
EYB36_RS00100	17	100.0	468	0	0	1	468	48781	49248	0.0	865.0
EYB36_RS00105	17	99.242	528	4	0	1	528	49251	49778	0.0	953.0
EYB36_RS00110	17	99.45	2181	12	0	1	2181	49821	52001	0.0	3962.0
EYB36_RS00115	17	99.816	543	1	0	1	543	52109	52651	0.0	998.0
EYB36_RS00205	2	98.399	687	11	0	1	687	82256	82942	0.0	1208.0
EYB36_RS00280	2	98.399	687	11	0	1	687	82256	82942	0.0	1208.0
EYB36_RS00295	17	96.444	225	8	0	1	225	63319	63543	5.169999999999999e-104	372.0
EYB36_RS00300	17	97.98	198	4	0	1	198	63604	63801	9.949999999999998e-96	344.0
EYB36_RS00305	17	97.03	303	9	0	1	303	63825	64127	1.4399999999999997e-145	510.0
EYB36_RS00340	17	99.624	1329	5	0	1	1329	64554	65882	0.0	2427.0
EYB36_RS00345	17	98.291	351	6	0	1	351	65879	66229	3.4799999999999984e-177	616.0
EYB36_RS00350	17	100.0	111	0	0	1	111	66480	66590	2.49e-54	206.0
EYB36_RS00355	17	97.96600000000001	295	5	1	1	294	66830	67124	1.4099999999999994e-145	510.0
EYB36_RS00375	17	97.39	1609	42	0	1	1609	1167	2775	0.0	2739.0
EYB36_RS00400	25	98.99	1188	12	0	1	1188	12909	14096	0.0	2128.0
EYB36_RS00405	25	98.052	2259	44	0	1	2259	14083	16341	0.0	3928.0
EYB36_RS00410	25	100.0	171	0	0	1	171	16513	16343	1.81e-87	316.0
EYB36_RS00415	25	100.0	729	0	0	1	729	16921	17649	0.0	1347.0
EYB36_RS00420	25	99.387	489	3	0	1	489	17655	18143	0.0	887.0
EYB36_RS00425	25	98.50200000000001	267	4	0	1	267	18735	19001	5.939999999999999e-134	472.0
EYB36_RS00430	25	99.8	501	1	0	1	501	19034	19534	0.0	920.0
EYB36_RS00465	38	100.0	795	0	0	1	795	1366	572	0.0	1469.0
EYB36_RS00530	2	98.399	687	11	0	1	687	82256	82942	0.0	1208.0
EYB36_RS00570	25	96.255	267	10	0	1	267	21006	21272	6.029999999999999e-124	438.0
EYB36_RS00775	25	97.469	2252	54	3	1	2252	14083	16331	0.0	3840.0
EYB36_RS00780	25	97.06	2347	67	2	1	2346	11751	14096	0.0	3951.0
EYB36_RS00790	25	99.43799999999999	2493	14	0	1	2493	8891	11383	0.0	4527.0
EYB36_RS00795	25	100.0	459	0	0	1	459	8328	8786	0.0	848.0
EYB36_RS00800	25	99.79299999999999	483	1	0	1	483	7751	8233	0.0	887.0
EYB36_RS00805	25	100.0	393	0	0	1	393	7327	7719	0.0	726.0
EYB36_RS00810	25	99.63799999999999	276	1	0	1	276	7055	7330	6.069999999999998e-144	505.0
EYB36_RS00815	25	98.454	1035	16	0	1	1035	6031	7065	0.0	1823.0
EYB36_RS00820	25	99.365	315	2	0	1	315	5724	6038	6.809999999999997e-164	571.0
EYB36_RS00825	25	98.645	369	5	0	1	369	5356	5724	0.0	654.0
EYB36_RS00830	25	98.05799999999999	618	12	0	1	618	4707	5324	0.0	1075.0
EYB36_RS00835	25	99.286	140	1	0	8	147	4565	4704	1.2099999999999997e-68	254.0
EYB36_RS00845	25	99.119	1135	10	0	1	1135	3433	4567	0.0	2041.0
EYB36_RS00855	25	98.066	879	17	0	1	879	1649	2527	0.0	1530.0
EYB36_RS00860	25	99.617	261	1	0	1	261	1378	1638	1.2499999999999996e-135	477.0
EYB36_RS00865	25	98.70100000000001	385	5	0	1	385	846	1230	0.0	684.0
EYB36_RS00870	25	98.319	357	3	1	1	354	468	824	2.0999999999999992e-179	623.0
EYB36_RS00870	17	96.62899999999999	356	9	1	1	353	15040	15395	7.659999999999996e-169	588.0
EYB36_RS00885	17	95.699	93	3	1	1	93	10091	10182	3.42e-37	148.0
EYB36_RS00900	17	98.148	270	5	0	1	270	6698	6967	6.019999999999998e-134	472.0
EYB36_RS00900	16	95.556	270	12	0	1	270	12099	11830	2.8399999999999993e-122	433.0
EYB36_RS00930	17	99.72	357	1	0	1	357	68155	68511	0.0	654.0
EYB36_RS00935	17	99.48899999999999	783	4	0	1	783	67380	68162	0.0	1424.0
EYB36_RS00940	17	97.98	297	6	0	1	297	66830	67126	3.039999999999999e-147	516.0
BZG32_RS16190	25	100.0	393	0	0	1	393	7327	7719	0.0	726.0
BZG32_RS16195	25	99.63799999999999	276	1	0	1	276	7055	7330	6.069999999999998e-144	505.0
BZG32_RS16200	25	99.03399999999999	1035	10	0	1	1035	6031	7065	0.0	1857.0
BZG32_RS16205	25	99.365	315	2	0	1	315	5724	6038	6.809999999999997e-164	571.0
BZG32_RS16210	25	98.645	369	5	0	1	369	5356	5724	0.0	654.0
BZG32_RS16215	25	98.867	618	7	0	1	618	4707	5324	0.0	1103.0
BZG32_RS16220	25	99.135	1272	11	0	1	1272	3433	4704	0.0	2289.0
BZG32_RS16225	25	98.955	861	9	0	1	861	2547	3407	0.0	1541.0
BZG32_RS16230	25	97.95200000000001	879	18	0	1	879	1649	2527	0.0	1524.0
BZG32_RS16235	25	99.617	261	1	0	1	261	1378	1638	1.2499999999999996e-135	477.0
BZG32_RS16240	25	100.0	385	0	0	1	385	846	1230	0.0	712.0
BZG32_RS16245	25	98.319	357	3	1	1	354	468	824	2.0999999999999992e-179	623.0
BZG32_RS16245	17	96.62899999999999	356	9	1	1	353	15040	15395	7.659999999999996e-169	588.0
BZG32_RS16255	17	100.0	336	0	0	1	336	10411	10746	7.139999999999998e-179	621.0
BZG32_RS16260	17	96.774	93	2	1	1	93	10091	10182	7.349999999999999e-39	154.0
BZG32_RS16275	2	98.399	687	11	0	1	687	82256	82942	0.0	1208.0
BZG32_RS16280	17	97.23700000000001	579	16	0	1	579	6978	7556	0.0	981.0
BZG32_RS16280	16	96.37299999999999	579	21	0	1	579	11819	11241	0.0	953.0
BZG32_RS16285	17	95.96	297	12	0	1	297	6662	6958	3.1799999999999996e-137	483.0
BZG32_RS16290	17	98.319	357	6	0	1	357	5724	6080	1.6399999999999994e-180	627.0
BZG32_RS16345	17	98.198	111	2	0	1	111	66480	66590	5.389999999999999e-51	195.0
BZG32_RS16355	17	97.721	351	8	0	1	351	65879	66229	7.5299999999999985e-174	604.0
BZG32_RS16360	17	98.947	1329	14	0	1	1329	64554	65882	0.0	2377.0
BZG32_RS16365	17	100.0	303	0	0	1	303	63825	64127	1.4099999999999995e-160	560.0
BZG32_RS16370	17	100.0	249	0	0	1	249	63565	63813	1.1999999999999998e-130	460.0
BZG32_RS16375	17	100.0	225	0	0	1	225	63319	63543	2.3499999999999993e-117	416.0
BZG32_RS16380	17	100.0	288	0	0	1	288	63038	63325	2.9199999999999996e-152	532.0
BZG32_RS16385	17	100.0	597	0	0	1	597	62425	63021	0.0	1103.0
BZG32_RS16430	2	98.399	687	11	0	1	687	82256	82942	0.0	1208.0
BZG32_RS16470	2	98.399	687	11	0	1	687	82256	82942	0.0	1208.0
BZG32_RS16485	2	98.399	687	11	0	1	687	82256	82942	0.0	1208.0
BZG32_RS16515	2	98.399	687	11	0	1	687	82256	82942	0.0	1208.0
BZG32_RS16605	25	97.23100000000001	2347	63	2	1	2346	11751	14096	0.0	3973.0
BZG32_RS16615	25	99.35799999999999	2493	16	0	1	2493	8891	11383	0.0	4516.0
BZG32_RS16620	25	99.564	459	2	0	1	459	8328	8786	0.0	837.0
BZG32_RS16660	25	98.62100000000001	580	8	0	30	609	4745	5324	0.0	1027.0
BZG32_RS16665	25	99.18700000000001	369	3	0	1	369	5356	5724	0.0	665.0
BZG32_RS16670	25	100.0	315	0	0	1	315	5724	6038	3.1399999999999983e-167	582.0
BZG32_RS16675	25	99.227	1035	8	0	1	1035	6031	7065	0.0	1868.0
BZG32_RS16680	25	99.63799999999999	276	1	0	1	276	7055	7330	6.069999999999998e-144	505.0
BZG32_RS16685	25	100.0	393	0	0	1	393	7327	7719	0.0	726.0
BZG32_RS16690	25	99.79299999999999	483	1	0	1	483	7751	8233	0.0	887.0
BZG32_RS16695	25	99.78200000000001	459	1	0	1	459	8328	8786	0.0	843.0
BZG32_RS16700	25	99.479	2493	13	0	1	2493	8891	11383	0.0	4532.0
BZG32_RS16705	25	99.42	345	2	0	1	345	11394	11738	1.5799999999999996e-180	627.0
BZG32_RS16710	25	98.764	2346	29	0	1	2346	11751	14096	0.0	4172.0
BZG32_RS16715	25	97.469	2252	54	3	1	2252	14083	16331	0.0	3840.0
BZG32_RS16725	25	98.773	489	6	0	1	489	17655	18143	0.0	870.0
BZG32_RS16735	25	98.876	267	3	0	1	267	18735	19001	1.2799999999999997e-135	477.0
BZG32_RS16740	25	98.167	491	9	0	1	491	19034	19524	0.0	857.0
BZG32_RS16745	25	99.281	417	3	0	1	417	19871	20287	0.0	754.0
BZG32_RS16750	25	96.23899999999999	585	22	0	1	585	20311	20895	0.0	959.0
BZG32_RS16755	25	100.0	267	0	0	1	267	21006	21272	1.2699999999999997e-140	494.0
BZG32_RS16760	25	98.551	276	4	0	1	276	21265	21540	6.119999999999999e-139	488.0
BZG32_RS16875	2	98.238	681	12	0	1	681	82262	82942	0.0	1192.0
BZG32_RS16875	25	99.538	650	3	0	32	681	22380	21731	0.0	1184.0
BZG32_RS16975	38	100.0	543	0	0	1	543	2001	1459	0.0	1003.0
BZG32_RS16980	38	100.0	795	0	0	1	795	1366	572	0.0	1469.0
BZG32_RS16985	38	100.0	189	0	0	1	189	276	464	1.9999999999999998e-97	350.0
BZG32_RS17010	2	98.25299999999999	687	12	0	1	687	82256	82942	0.0	1203.0
BZG32_RS17030	17	99.72	357	1	0	1	357	68155	68511	0.0	654.0
BZG32_RS17035	17	99.48899999999999	783	4	0	1	783	67380	68162	0.0	1424.0
BZG32_RS17040	17	97.98	297	6	0	1	297	66830	67126	3.039999999999999e-147	516.0
BMT03_RS13330	2	97.38	687	12	3	1	681	82256	82942	0.0	1164.0
BMT03_RS13330	25	98.30799999999999	650	5	1	38	681	22380	21731	0.0	1134.0
BMT03_RS13375	2	98.39	497	8	0	1	497	82256	82752	0.0	874.0
BMT03_RS13400	2	98.947	95	1	0	1	95	82848	82942	7.499999999999999e-44	171.0
BMT03_RS13400	25	98.925	93	1	0	3	95	21823	21731	9.7e-43	167.0
BMT03_RS13405	25	98.77	244	3	0	1	244	22069	21826	7.099999999999998e-123	435.0
BMT03_RS13405	2	96.311	244	9	0	1	244	82604	82847	7.199999999999998e-113	401.0
BMT03_RS13660	35	96.679	271	9	0	3	273	3609	3339	7.929999999999998e-128	451.0
CG806_RS00035	10	96.458	1920	68	0	1	1920	13285	15204	0.0	3169.0
CG806_RS00040	10	100.0	87	0	0	1	87	13183	13269	4.04e-41	161.0
CG806_RS00050	10	99.786	933	2	0	1	933	11976	12908	0.0	1712.0
CG806_RS00055	10	99.501	1002	5	0	1	1002	10978	11979	0.0	1823.0
CG806_RS00065	10	99.91799999999999	2448	2	0	1	2448	6354	8801	0.0	4510.0
CG806_RS00070	10	100.0	507	0	0	1	507	5864	6370	0.0	937.0
CG806_RS00075	10	100.0	498	0	0	1	498	5392	5889	0.0	920.0
CG806_RS00080	10	100.0	222	0	0	1	222	5054	5275	1.0799999999999998e-115	411.0
CG806_RS00085	10	99.834	1206	2	0	1	1206	3806	5011	0.0	2217.0
CG806_RS00090	10	100.0	153	0	0	1	153	3631	3783	1.6199999999999999e-77	283.0
CG806_RS00095	10	99.911	1128	1	0	1	1128	2501	3628	0.0	2078.0
CG806_RS00140	25	100.0	435	0	0	1	435	15907	16341	0.0	804.0
CG806_RS00145	25	98.83	171	2	0	1	171	16513	16343	3.9199999999999997e-84	305.0
CG806_RS00150	25	100.0	729	0	0	1	729	16921	17649	0.0	1347.0
CG806_RS00425	17	99.094	552	5	0	1	552	41174	40623	0.0	992.0
CG806_RS00430	17	100.0	174	0	0	1	174	41371	41198	3.959999999999999e-89	322.0
CG806_RS00435	17	99.462	186	1	0	1	186	41559	41374	4.2399999999999993e-94	339.0
CG806_RS00450	17	97.015	201	6	0	1	201	41855	42055	4.629999999999999e-94	339.0
CG806_RS00455	17	100.0	231	0	0	1	231	42387	42157	1.1199999999999997e-120	427.0
CG806_RS00460	17	97.98	495	10	0	1	495	42442	42936	0.0	859.0
CG806_RS00465	17	98.234	453	8	0	1	453	43002	43454	0.0	793.0
CG806_RS00470	17	95.425	153	7	0	1	153	43468	43620	7.62e-66	244.0
CG806_RS00480	17	96.037	328	12	1	4	330	44221	44548	3.379999999999999e-152	532.0
CG806_RS00610	17	97.712	306	7	0	1	306	6662	6967	1.4499999999999996e-150	527.0
CG806_RS00625	17	95.54700000000001	3930	157	8	1	3915	11053	14979	0.0	6272.0
CG806_RS00630	17	97.721	351	8	0	1	351	15040	15390	7.669999999999998e-174	604.0
CG806_RS00630	25	96.07799999999999	357	14	0	1	357	468	824	3.589999999999999e-167	582.0
CG806_RS00830	17	100.0	111	0	0	1	111	66480	66590	2.49e-54	206.0
CG806_RS00835	17	98.28200000000001	291	5	0	1	291	66830	67120	1.4099999999999994e-145	510.0
CG806_RS00865	2	97.962	687	14	0	1	687	82256	82942	0.0	1192.0
F1M88_RS14080	2	98.544	687	10	0	1	687	82256	82942	0.0	1214.0
C7I31_RS14080	2	98.09100000000001	681	13	0	1	681	82262	82942	0.0	1186.0
C7I31_RS14080	25	99.23100000000001	650	5	0	32	681	22380	21731	0.0	1173.0
C7I31_RS14090	35	100.0	975	0	0	1	975	6166	5192	0.0	1801.0
C7I31_RS14095	35	100.0	195	0	0	1	195	4749	4555	9.549999999999997e-101	361.0
C7I31_RS14100	35	99.206	630	3	1	1	630	3915	4542	0.0	1134.0
C7I31_RS14110	35	100.0	330	0	0	1	330	3668	3339	1.5199999999999995e-175	610.0
C7I31_RS14115	35	99.89399999999999	939	1	0	1	939	3211	2273	0.0	1729.0
C7I31_RS14120	35	100.0	1038	0	0	1	1038	2247	1210	0.0	1917.0
C7I31_RS14125	35	99.22	513	4	0	1	513	393	905	0.0	926.0
C7I31_RS14130	11	99.529	1061	5	0	4	1064	6316	5256	0.0	1932.0
C7I31_RS14150	17	96.94	621	19	0	1	621	62401	63021	0.0	1042.0
C7I31_RS14260	11	99.397	1160	7	0	4	1163	6316	5157	0.0	2104.0
C7I31_RS14280	11	99.397	1160	7	0	4	1163	6316	5157	0.0	2104.0
C7I31_RS14305	2	97.50399999999999	681	13	1	1	677	82262	82942	0.0	1160.0
C7I31_RS14305	25	98.76899999999999	650	4	1	32	677	22380	21731	0.0	1153.0
C7I31_RS14310	26	98.12200000000001	213	4	0	1	213	10627	10415	4.8599999999999995e-104	372.0
C7I32_RS15265	25	99.744	390	1	0	1	390	7330	7719	0.0	715.0
C7I32_RS15270	25	99.275	276	2	0	1	276	7055	7330	2.8299999999999992e-142	499.0
C7I32_RS15275	25	99.13	1035	9	0	1	1035	6031	7065	0.0	1862.0
C7I32_RS15280	25	99.68299999999999	315	1	0	1	315	5724	6038	1.4599999999999993e-165	577.0
C7I32_RS15285	25	98.801	417	5	0	1	417	5308	5724	0.0	743.0
C7I32_RS15290	25	97.896	618	13	0	1	618	4707	5324	0.0	1070.0
C7I32_RS15295	25	99.286	140	1	0	8	147	4565	4704	1.2099999999999997e-68	254.0
C7I32_RS15310	25	98.943	1135	12	0	1	1135	3433	4567	0.0	2030.0
C7I32_RS15315	25	98.25200000000001	858	6	1	1	849	2550	3407	0.0	1493.0
C7I32_RS15320	25	97.725	879	20	0	1	879	1649	2527	0.0	1513.0
C7I32_RS15325	25	100.0	261	0	0	1	261	1378	1638	2.689999999999999e-137	483.0
C7I32_RS15330	25	97.40299999999999	385	10	0	1	385	846	1230	0.0	656.0
C7I32_RS15335	17	98.03399999999999	356	7	0	1	356	15040	15395	2.7399999999999995e-178	619.0
C7I32_RS15335	25	97.759	357	8	0	1	357	468	824	3.5399999999999984e-177	616.0
C7I32_RS15355	17	97.38600000000001	306	8	0	1	306	6662	6967	6.7399999999999985e-149	521.0
C7I32_RS15405	17	97.251	291	8	0	1	291	66830	67120	1.4199999999999995e-140	494.0
C7I32_RS15570	25	100.0	786	0	0	1	786	16864	17649	0.0	1452.0
C7I32_RS15580	25	98.274	2259	39	0	1	2259	14083	16341	0.0	3956.0
C7I32_RS15585	25	96.762	2347	74	2	1	2346	11751	14096	0.0	3912.0
C7I32_RS15595	25	98.757	2493	31	0	1	2493	8891	11383	0.0	4433.0
C7I32_RS15605	25	97.025	2353	62	4	1	2352	11751	14096	0.0	3951.0
C7I32_RS15610	25	97.602	2252	51	3	1	2252	14083	16331	0.0	3856.0
C7I32_RS15620	25	98.773	489	6	0	1	489	17655	18143	0.0	870.0
C7I32_RS15625	25	98.876	267	3	0	1	267	18735	19001	1.2799999999999997e-135	477.0
C7I32_RS15630	25	98.574	491	7	0	1	491	19034	19524	0.0	869.0
C7I32_RS15635	25	98.801	417	5	0	1	417	19871	20287	0.0	743.0
C7I32_RS15640	25	99.316	585	4	0	1	585	20311	20895	0.0	1059.0
C7I32_RS15645	25	100.0	267	0	0	1	267	21006	21272	1.2699999999999997e-140	494.0
C7I32_RS15650	25	100.0	276	0	0	1	276	21265	21540	1.3099999999999998e-145	510.0
C7I32_RS15740	17	97.288	295	7	1	1	294	66830	67124	3.0599999999999988e-142	499.0
C7I32_RS15760	17	98.84	1638	19	0	1	1638	1167	2804	0.0	2920.0
C7I32_RS15765	17	99.82700000000001	1155	2	0	1	1155	2815	3969	0.0	2122.0
C7I32_RS15770	17	99.895	954	1	0	1	954	4955	4002	0.0	1757.0
C7I32_RS15785	17	97.38600000000001	306	8	0	1	306	6662	6967	6.7399999999999985e-149	521.0
C7I32_RS15790	17	97.34700000000001	2676	71	0	1	2676	6978	9653	0.0	4549.0
C7I32_RS15800	17	96.258	3928	136	3	1	3918	11053	14979	0.0	6429.0
C7I32_RS15805	25	97.199	357	7	1	1	354	468	824	9.829999999999996e-173	601.0
C7I32_RS15805	17	96.06700000000001	356	11	1	1	353	15040	15395	1.6599999999999994e-165	577.0
C7I32_RS15815	25	100.0	261	0	0	1	261	1378	1638	2.689999999999999e-137	483.0
C7I32_RS15820	25	97.95200000000001	879	18	0	1	879	1649	2527	0.0	1524.0
C7I32_RS15825	25	99.76700000000001	858	2	0	1	858	2550	3407	0.0	1574.0
C7I32_RS15830	25	98.855	1135	13	0	1	1135	3433	4567	0.0	2025.0
C7I32_RS15845	25	99.286	140	1	0	8	147	4565	4704	1.2099999999999997e-68	254.0
C7I32_RS15850	25	98.706	618	8	0	1	618	4707	5324	0.0	1098.0
C7I32_RS15855	25	98.561	417	6	0	1	417	5308	5724	0.0	737.0
C7I32_RS15860	25	99.68299999999999	315	1	0	1	315	5724	6038	1.4599999999999993e-165	577.0
C7I32_RS15865	25	98.551	1035	15	0	1	1035	6031	7065	0.0	1829.0
C7I32_RS15870	25	99.275	276	2	0	1	276	7055	7330	2.8299999999999992e-142	499.0
C7I32_RS15875	25	98.71799999999999	390	5	0	1	390	7330	7719	0.0	693.0
C7I32_RS15900	25	98.436	2493	39	0	1	2493	8891	11383	0.0	4388.0
DOU32_RS14345	2	98.678	681	9	0	1	681	82262	82942	0.0	1208.0
DOU32_RS14345	25	99.07700000000001	650	6	0	32	681	22380	21731	0.0	1168.0
DOU32_RS14390	2	98.385	681	11	0	1	681	82262	82942	0.0	1197.0
DOU32_RS14390	25	99.69200000000001	650	2	0	32	681	22380	21731	0.0	1190.0
DOU32_RS14485	17	98.90100000000001	546	6	0	1	546	41174	40629	0.0	976.0
DOU32_RS14490	17	100.0	192	0	0	1	192	41389	41198	4.369999999999999e-99	355.0
DOU32_RS14495	17	98.925	186	2	0	1	186	41559	41374	1.9699999999999995e-92	333.0
DOU32_RS14540	2	98.678	681	9	0	1	681	82262	82942	0.0	1208.0
DOU32_RS14540	25	99.07700000000001	650	6	0	32	681	22380	21731	0.0	1168.0
DOU32_RS14600	17	97.236	1013	25	3	1	1011	1	1012	0.0	1712.0
DOU32_RS14605	17	99.72	357	1	0	1	357	68155	68511	0.0	654.0
DOU32_RS14610	17	100.0	783	0	0	1	783	67380	68162	0.0	1447.0
DOU32_RS14615	17	98.99	297	3	0	1	297	66830	67126	3.019999999999999e-152	532.0
DOU32_RS14620	17	100.0	111	0	0	1	111	66480	66590	2.49e-54	206.0
DOU32_RS14630	17	98.291	351	6	0	1	351	65879	66229	3.4799999999999984e-177	616.0
DOU32_RS14635	17	99.473	1329	7	0	1	1329	64554	65882	0.0	2416.0
DOU32_RS14640	17	96.7	303	10	0	1	303	63825	64127	6.719999999999997e-144	505.0
DOU32_RS14645	17	97.98	198	4	0	1	198	63604	63801	9.949999999999998e-96	344.0
DOU32_RS14650	17	96.444	225	8	0	1	225	63319	63543	5.169999999999999e-104	372.0
DOU32_RS14700	17	100.0	543	0	0	1	543	52109	52651	0.0	1003.0
DOU32_RS14705	17	99.34899999999999	1689	11	0	1	1689	50313	52001	0.0	3059.0
DOU32_RS14710	17	99.56700000000001	231	1	0	1	231	42387	42157	5.209999999999998e-119	422.0
DOU31_RS14350	17	99.72	357	1	0	1	357	68155	68511	0.0	654.0
DOU31_RS14355	17	97.236	1013	25	3	1	1011	1	1012	0.0	1712.0
DOU31_RS14415	2	98.678	681	9	0	1	681	82262	82942	0.0	1208.0
DOU31_RS14415	25	99.07700000000001	650	6	0	32	681	22380	21731	0.0	1168.0
DOU31_RS14450	2	98.385	681	11	0	1	681	82262	82942	0.0	1197.0
DOU31_RS14450	25	99.69200000000001	650	2	0	32	681	22380	21731	0.0	1190.0
DOU31_RS14495	2	98.53200000000001	681	10	0	1	681	82262	82942	0.0	1203.0
DOU31_RS14495	25	99.07700000000001	650	6	0	32	681	22380	21731	0.0	1168.0
DOU31_RS14535	17	99.56700000000001	231	1	0	1	231	42387	42157	5.209999999999998e-119	422.0
DOU31_RS14540	17	99.29	1690	11	1	1	1690	50313	52001	0.0	3053.0
DOU31_RS14545	17	100.0	543	0	0	1	543	52109	52651	0.0	1003.0
DOU31_RS14595	17	96.444	225	8	0	1	225	63319	63543	5.169999999999999e-104	372.0
DOU31_RS14600	17	97.98	198	4	0	1	198	63604	63801	9.949999999999998e-96	344.0
DOU31_RS14605	17	96.7	303	10	0	1	303	63825	64127	6.719999999999997e-144	505.0
DOU31_RS14610	17	99.473	1329	7	0	1	1329	64554	65882	0.0	2416.0
DOU31_RS14615	17	98.006	351	7	0	1	351	65879	66229	1.6199999999999995e-175	610.0
DOU31_RS14625	17	100.0	111	0	0	1	111	66480	66590	2.49e-54	206.0
DOU31_RS14630	17	98.99	297	3	0	1	297	66830	67126	3.019999999999999e-152	532.0
DOU31_RS14635	17	100.0	783	0	0	1	783	67380	68162	0.0	1447.0
DOU31_RS14765	25	99.538	650	3	0	32	681	22380	21731	0.0	1184.0
DOU31_RS14765	2	97.944	681	14	0	1	681	82262	82942	0.0	1181.0
DOU31_RS14770	17	99.63	540	2	0	1	540	38902	38363	0.0	987.0
DOU31_RS14905	17	98.006	351	7	0	1	351	15040	15390	1.6499999999999997e-175	610.0
DOU31_RS14905	25	96.359	357	13	0	1	357	468	824	7.719999999999999e-169	588.0
DOU31_RS14940	16	96.667	270	9	0	1	270	12099	11830	2.819999999999999e-127	449.0
DOU31_RS14940	17	96.552	261	9	0	1	261	6698	6958	2.8399999999999993e-122	433.0
DOU31_RS14980	17	95.238	294	14	0	1	294	66830	67123	3.139999999999999e-132	466.0
DOU31_RS15095	35	99.227	905	7	0	6	910	1	905	0.0	1633.0
DOU31_RS15100	35	99.904	1038	1	0	1	1038	2247	1210	0.0	1912.0
DOU31_RS15105	35	99.681	939	3	0	1	939	3211	2273	0.0	1718.0
DR75_RS00015	25	100.0	786	0	0	1	786	16864	17649	0.0	1452.0
DR75_RS00025	25	98.318	2259	38	0	1	2259	14083	16341	0.0	3962.0
DR75_RS00030	25	98.13	2353	36	4	1	2352	11751	14096	0.0	4095.0
DR75_RS00075	17	99.296	284	2	0	1	284	66830	67113	1.0699999999999995e-146	514.0
DR75_RS15315	17	100.0	111	0	0	1	111	66480	66590	2.49e-54	206.0
DR75_RS00165	41	99.68799999999999	960	3	0	1	960	97	1056	0.0	1757.0
DR75_RS00225	25	99.275	276	2	0	1	276	21265	21540	2.8299999999999992e-142	499.0
DR75_RS00230	25	100.0	267	0	0	1	267	21006	21272	1.2699999999999997e-140	494.0
DR75_RS00235	25	99.316	585	4	0	1	585	20311	20895	0.0	1059.0
DR75_RS00240	25	98.08200000000001	417	8	0	1	417	19871	20287	0.0	726.0
DR75_RS00245	25	99.598	249	1	0	1	249	19547	19795	5.569999999999999e-129	455.0
DR75_RS00250	25	99.8	501	1	0	1	501	19034	19534	0.0	920.0
DR75_RS00255	25	98.50200000000001	267	4	0	1	267	18735	19001	5.939999999999999e-134	472.0
DR75_RS00330	17	95.223	314	15	0	2	315	63012	63325	1.1699999999999998e-141	497.0
DR75_RS00335	17	98.22200000000001	225	4	0	1	225	63319	63543	1.0999999999999998e-110	394.0
DR75_RS00340	17	97.619	210	5	0	1	210	63604	63813	1.0399999999999999e-100	361.0
DR75_RS00345	17	96.04	303	12	0	1	303	63825	64127	1.4499999999999998e-140	494.0
DR75_RS00350	17	98.345	1329	22	0	1	1329	64554	65882	0.0	2333.0
DR75_RS00355	17	98.006	351	7	0	1	351	65879	66229	1.6199999999999995e-175	610.0
DR75_RS00415	17	95.074	2233	100	2	3	2226	12748	14979	0.0	3506.0
DR75_RS00415	16	95.792	2139	89	1	3	2141	6942	4805	0.0	3450.0
DR75_RS00420	17	97.436	351	9	0	1	351	15040	15390	3.569999999999999e-172	599.0
DR75_RS00420	25	96.359	357	13	0	1	357	468	824	7.719999999999999e-169	588.0
DR75_RS00545	17	96.641	774	26	0	1	774	40479	39706	0.0	1286.0
DR75_RS00550	17	98.90100000000001	546	6	0	1	546	41174	40629	0.0	976.0
DR75_RS00555	17	98.958	192	2	0	1	192	41389	41198	9.449999999999996e-96	344.0
DR75_RS00560	17	99.462	186	1	0	1	186	41559	41374	4.2399999999999993e-94	339.0
EF_RS15785	17	96.742	1013	30	3	1	1011	1	1012	0.0	1685.0
EF_RS15810	17	96.296	297	11	0	1	297	6662	6958	6.839999999999998e-139	488.0
EF_RS15825	25	97.199	357	10	0	1	357	468	824	7.669999999999998e-174	604.0
EF_RS15825	17	96.581	351	12	0	1	351	15040	15390	3.589999999999999e-167	582.0
EF_RS15935	17	98.90100000000001	546	6	0	1	546	41174	40629	0.0	976.0
EF_RS15940	17	98.958	192	2	0	1	192	41389	41198	9.449999999999996e-96	344.0
EF_RS15945	17	99.462	186	1	0	1	186	41559	41374	4.2399999999999993e-94	339.0
EF_RS15955	17	100.0	231	0	0	1	231	42387	42157	1.1199999999999997e-120	427.0
EF_RS15960	17	98.788	495	6	0	1	495	42442	42936	0.0	881.0
EF_RS15965	17	98.234	453	8	0	1	453	43002	43454	0.0	793.0
EF_RS15975	17	96.885	321	10	0	1	321	44228	44548	7.049999999999998e-154	538.0
EF_RS16030	17	99.405	336	2	0	1	336	53436	53771	1.5499999999999994e-175	610.0
EF_RS16060	17	97.98	297	6	0	1	297	66830	67126	3.039999999999999e-147	516.0
EF_RS16065	17	99.361	783	5	0	1	783	67380	68162	0.0	1419.0
EF_RS16070	17	99.16	357	3	0	1	357	68155	68511	0.0	643.0
EF_RS16080	2	98.238	681	12	0	1	681	82262	82942	0.0	1192.0
EF_RS16080	25	99.69200000000001	650	2	0	32	681	22380	21731	0.0	1190.0
EF_RS16105	2	98.385	681	11	0	1	681	82262	82942	0.0	1197.0
EF_RS16105	25	99.69200000000001	650	2	0	32	681	22380	21731	0.0	1190.0
EF_RS16115	17	99.51700000000001	621	3	0	1	621	62401	63021	0.0	1131.0
EF_RS16120	17	97.09700000000001	310	9	0	2	311	63012	63321	1.9099999999999995e-149	523.0
EF_RS16190	2	98.385	681	11	0	1	681	82262	82942	0.0	1197.0
EF_RS16190	25	99.69200000000001	650	2	0	32	681	22380	21731	0.0	1190.0
EF_RS16205	2	98.385	681	11	0	1	681	82262	82942	0.0	1197.0
EF_RS16205	25	99.69200000000001	650	2	0	32	681	22380	21731	0.0	1190.0
EF_RS16220	2	98.385	681	11	0	1	681	82262	82942	0.0	1197.0
EF_RS16220	25	99.69200000000001	650	2	0	32	681	22380	21731	0.0	1190.0
EF_RS16285	25	97.23100000000001	2347	63	2	1	2346	11751	14096	0.0	3973.0
EF_RS16295	25	99.398	2493	15	0	1	2493	8891	11383	0.0	4521.0
EF_RS16300	25	99.564	459	2	0	1	459	8328	8786	0.0	837.0
EF_RS16305	25	100.0	390	0	0	1	390	7330	7719	0.0	721.0
EF_RS16310	25	99.63799999999999	276	1	0	1	276	7055	7330	6.069999999999998e-144	505.0
EF_RS16315	25	99.03399999999999	1035	10	0	1	1035	6031	7065	0.0	1857.0
EF_RS16320	25	99.365	315	2	0	1	315	5724	6038	6.809999999999997e-164	571.0
EF_RS16325	25	98.561	417	6	0	1	417	5308	5724	0.0	737.0
EF_RS16330	25	98.867	618	7	0	1	618	4707	5324	0.0	1103.0
EF_RS16335	25	99.686	1272	4	0	1	1272	3433	4704	0.0	2327.0
EF_RS16340	25	98.95100000000001	858	9	0	1	858	2550	3407	0.0	1535.0
EF_RS16345	25	97.95200000000001	879	18	0	1	879	1649	2527	0.0	1524.0
EF_RS16350	25	99.617	261	1	0	1	261	1378	1638	1.2499999999999996e-135	477.0
EF_RS16355	25	100.0	385	0	0	1	385	846	1230	0.0	712.0
EF_RS16360	25	98.319	357	3	1	1	354	468	824	2.0999999999999992e-179	623.0
EF_RS16360	17	96.62899999999999	356	9	1	1	353	15040	15395	7.659999999999996e-169	588.0
EF_RS16370	17	100.0	336	0	0	1	336	10411	10746	7.139999999999998e-179	621.0
EF_RS16380	17	95.96	297	12	0	1	297	6662	6958	3.1799999999999996e-137	483.0
EF_RS16385	17	98.319	357	6	0	1	357	5724	6080	1.6399999999999994e-180	627.0
EF_RS16390	2	98.385	681	11	0	1	681	82262	82942	0.0	1197.0
EF_RS16390	25	99.69200000000001	650	2	0	32	681	22380	21731	0.0	1190.0
EF_RS16425	2	98.385	681	11	0	1	681	82262	82942	0.0	1197.0
EF_RS16425	25	99.69200000000001	650	2	0	32	681	22380	21731	0.0	1190.0
EF_RS16465	17	100.0	621	0	0	1	621	62401	63021	0.0	1147.0
EF_RS16470	17	100.0	288	0	0	1	288	63038	63325	2.9199999999999996e-152	532.0
EF_RS16475	17	100.0	225	0	0	1	225	63319	63543	2.3499999999999993e-117	416.0
EF_RS16480	17	100.0	210	0	0	1	210	63604	63813	4.76e-109	388.0
EF_RS16485	17	100.0	303	0	0	1	303	63825	64127	1.4099999999999995e-160	560.0
EF_RS16490	17	98.947	1329	14	0	1	1329	64554	65882	0.0	2377.0
EF_RS16495	17	97.721	351	8	0	1	351	65879	66229	7.5299999999999985e-174	604.0
EF_RS16500	17	98.198	111	2	0	1	111	66480	66590	5.389999999999999e-51	195.0
EL279_RS14680	17	100.0	111	0	0	1	111	66480	66590	2.49e-54	206.0
EL279_RS14725	17	98.039	306	6	0	1	306	6662	6967	3.109999999999999e-152	532.0
EL279_RS14730	17	97.795	2676	59	0	1	2676	6978	9653	0.0	4615.0
EL279_RS14735	17	99.70200000000001	336	1	0	1	336	10411	10746	3.319999999999999e-177	616.0
EL279_RS14740	17	95.79899999999999	3928	154	3	1	3918	11053	14979	0.0	6329.0
EL279_RS14745	17	97.75299999999999	356	8	0	1	356	15040	15395	1.2699999999999995e-176	614.0
EL279_RS14745	25	97.479	357	9	0	1	357	468	824	1.6499999999999997e-175	610.0
EL279_RS14750	25	98.44200000000001	385	6	0	1	385	846	1230	0.0	678.0
EL279_RS14755	25	100.0	261	0	0	1	261	1378	1638	2.689999999999999e-137	483.0
EL279_RS14760	25	98.40700000000001	879	14	0	1	879	1649	2527	0.0	1546.0
EL279_RS14765	25	97.086	858	7	1	1	840	2550	3407	0.0	1430.0
EL279_RS14770	25	98.899	1272	14	0	1	1272	3433	4704	0.0	2272.0
EL279_RS14775	25	98.05799999999999	618	12	0	1	618	4707	5324	0.0	1075.0
EL279_RS14780	25	98.08200000000001	417	8	0	1	417	5308	5724	0.0	726.0
EL279_RS14790	25	100.0	300	0	0	1	300	5739	6038	6.509999999999997e-159	555.0
EL279_RS14795	25	99.324	1035	7	0	1	1035	6031	7065	0.0	1873.0
EL279_RS14800	25	99.63799999999999	276	1	0	1	276	7055	7330	6.069999999999998e-144	505.0
EL279_RS14805	25	100.0	390	0	0	1	390	7330	7719	0.0	721.0
EL279_RS14810	25	99.79299999999999	483	1	0	1	483	7751	8233	0.0	887.0
EL279_RS14815	25	100.0	459	0	0	1	459	8328	8786	0.0	848.0
EL279_RS14820	25	99.318	2493	17	0	1	2493	8891	11383	0.0	4510.0
EL279_RS14830	25	96.634	2347	77	2	1	2346	11751	14096	0.0	3895.0
EL279_RS14835	25	97.654	2259	53	0	1	2259	14083	16341	0.0	3879.0
EL279_RS14845	25	100.0	786	0	0	1	786	16864	17649	0.0	1452.0
EL279_RS14850	25	95.29700000000001	489	23	0	1	489	17655	18143	0.0	776.0
EL279_RS14895	2	98.385	681	11	0	1	681	82262	82942	0.0	1197.0
EL279_RS14895	25	99.69200000000001	650	2	0	32	681	22380	21731	0.0	1190.0
EL279_RS14960	38	100.0	795	0	0	1	795	1366	572	0.0	1469.0
EL279_RS14970	2	98.53200000000001	681	10	0	1	681	82262	82942	0.0	1203.0
EL279_RS14970	25	99.538	650	3	0	32	681	22380	21731	0.0	1184.0
EL279_RS15040	2	98.385	681	11	0	1	681	82262	82942	0.0	1197.0
EL279_RS15040	25	99.385	650	4	0	32	681	22380	21731	0.0	1179.0
EL279_RS15065	38	100.0	543	0	0	1	543	2001	1459	0.0	1003.0
EL279_RS15070	38	100.0	795	0	0	1	795	1366	572	0.0	1469.0
EL279_RS15505	35	99.787	939	2	0	1	939	3211	2273	0.0	1724.0
EL279_RS15510	35	99.904	1038	1	0	1	1038	2247	1210	0.0	1912.0
EL279_RS15815	35	96.25	240	9	0	1	240	3578	3339	1.1799999999999997e-110	394.0
EL279_RS15850	10	99.89299999999999	933	1	0	1	933	11976	12908	0.0	1718.0
EL279_RS15855	10	97.436	117	3	0	1	117	13153	13269	1.23e-52	200.0
EL279_RS15870	10	100.0	354	0	0	1	354	15907	15554	0.0	654.0
EL279_RS15900	2	97.50399999999999	681	17	0	1	681	82262	82942	0.0	1164.0
EL279_RS15900	25	98.154	650	12	0	32	681	22380	21731	0.0	1134.0
EL279_RS15915	2	98.238	681	12	0	1	681	82262	82942	0.0	1192.0
EL279_RS15915	25	99.538	650	3	0	32	681	22380	21731	0.0	1184.0
EL279_RS15960	2	99.559	681	3	0	1	681	82262	82942	0.0	1242.0
EL279_RS15960	25	98.154	650	12	0	32	681	22380	21731	0.0	1134.0
EL279_RS15985	2	98.385	681	11	0	1	681	82262	82942	0.0	1197.0
EL279_RS15985	25	99.07700000000001	650	6	0	32	681	22380	21731	0.0	1168.0
EL240_RS14685	17	100.0	111	0	0	1	111	66480	66590	2.49e-54	206.0
EL240_RS14730	17	98.039	306	6	0	1	306	6662	6967	3.109999999999999e-152	532.0
EL240_RS14735	17	97.795	2676	59	0	1	2676	6978	9653	0.0	4615.0
EL240_RS14740	17	99.70200000000001	336	1	0	1	336	10411	10746	3.319999999999999e-177	616.0
EL240_RS14745	17	95.79899999999999	3928	154	3	1	3918	11053	14979	0.0	6329.0
EL240_RS14750	17	97.75299999999999	356	8	0	1	356	15040	15395	1.2699999999999995e-176	614.0
EL240_RS14750	25	97.479	357	9	0	1	357	468	824	1.6499999999999997e-175	610.0
EL240_RS14755	25	98.44200000000001	385	6	0	1	385	846	1230	0.0	678.0
EL240_RS14760	25	100.0	261	0	0	1	261	1378	1638	2.689999999999999e-137	483.0
EL240_RS14765	25	98.40700000000001	879	14	0	1	879	1649	2527	0.0	1546.0
EL240_RS14770	25	97.086	858	7	1	1	840	2550	3407	0.0	1430.0
EL240_RS14775	25	98.899	1272	14	0	1	1272	3433	4704	0.0	2272.0
EL240_RS14780	25	98.05799999999999	618	12	0	1	618	4707	5324	0.0	1075.0
EL240_RS14785	25	98.08200000000001	417	8	0	1	417	5308	5724	0.0	726.0
EL240_RS14795	25	100.0	300	0	0	1	300	5739	6038	6.509999999999997e-159	555.0
EL240_RS14800	25	99.324	1035	7	0	1	1035	6031	7065	0.0	1873.0
EL240_RS14805	25	99.63799999999999	276	1	0	1	276	7055	7330	6.069999999999998e-144	505.0
EL240_RS14810	25	100.0	390	0	0	1	390	7330	7719	0.0	721.0
EL240_RS14815	25	99.79299999999999	483	1	0	1	483	7751	8233	0.0	887.0
EL240_RS14820	25	100.0	459	0	0	1	459	8328	8786	0.0	848.0
EL240_RS14825	25	99.318	2493	17	0	1	2493	8891	11383	0.0	4510.0
EL240_RS14835	25	96.634	2347	77	2	1	2346	11751	14096	0.0	3895.0
EL240_RS14840	25	97.654	2259	53	0	1	2259	14083	16341	0.0	3879.0
EL240_RS14850	25	100.0	786	0	0	1	786	16864	17649	0.0	1452.0
EL240_RS14855	25	95.29700000000001	489	23	0	1	489	17655	18143	0.0	776.0
EL240_RS14900	2	98.385	681	11	0	1	681	82262	82942	0.0	1197.0
EL240_RS14900	25	99.69200000000001	650	2	0	32	681	22380	21731	0.0	1190.0
EL240_RS14965	38	100.0	795	0	0	1	795	1366	572	0.0	1469.0
EL240_RS14975	2	98.53200000000001	681	10	0	1	681	82262	82942	0.0	1203.0
EL240_RS14975	25	99.538	650	3	0	32	681	22380	21731	0.0	1184.0
EL240_RS15045	2	98.385	681	11	0	1	681	82262	82942	0.0	1197.0
EL240_RS15045	25	99.385	650	4	0	32	681	22380	21731	0.0	1179.0
EL240_RS15070	38	100.0	543	0	0	1	543	2001	1459	0.0	1003.0
EL240_RS15075	38	100.0	795	0	0	1	795	1366	572	0.0	1469.0
EL240_RS15510	35	99.787	939	2	0	1	939	3211	2273	0.0	1724.0
EL240_RS15515	35	99.904	1038	1	0	1	1038	2247	1210	0.0	1912.0
EL240_RS15820	35	96.25	240	9	0	1	240	3578	3339	1.1799999999999997e-110	394.0
EL240_RS15855	10	99.89299999999999	933	1	0	1	933	11976	12908	0.0	1718.0
EL240_RS15860	10	97.436	117	3	0	1	117	13153	13269	1.23e-52	200.0
EL240_RS15875	10	100.0	354	0	0	1	354	15907	15554	0.0	654.0
EL240_RS15905	2	97.50399999999999	681	17	0	1	681	82262	82942	0.0	1164.0
EL240_RS15905	25	98.154	650	12	0	32	681	22380	21731	0.0	1134.0
EL240_RS15920	2	98.238	681	12	0	1	681	82262	82942	0.0	1192.0
EL240_RS15920	25	99.538	650	3	0	32	681	22380	21731	0.0	1184.0
EL240_RS15965	2	99.559	681	3	0	1	681	82262	82942	0.0	1242.0
EL240_RS15965	25	98.154	650	12	0	32	681	22380	21731	0.0	1134.0
EL240_RS15990	2	98.385	681	11	0	1	681	82262	82942	0.0	1197.0
EL240_RS15990	25	99.07700000000001	650	6	0	32	681	22380	21731	0.0	1168.0
FOV01_RS13345	16	95.43700000000001	3901	176	2	1	3900	8643	4744	0.0	6216.0
FOV01_RS13355	17	95.39200000000001	1085	50	0	1	1085	8569	9653	0.0	1742.0
FOV01_RS13365	17	96.405	306	11	0	1	306	6662	6967	6.789999999999998e-144	505.0
FOV01_RS13400	25	99.48700000000001	390	2	0	1	390	7330	7719	0.0	710.0
FOV01_RS13405	25	98.913	276	3	0	1	276	7055	7330	1.3099999999999998e-140	494.0
FOV01_RS13410	25	98.93700000000001	1035	11	0	1	1035	6031	7065	0.0	1851.0
FOV01_RS13415	25	99.365	315	2	0	1	315	5724	6038	6.809999999999997e-164	571.0
FOV01_RS13420	25	98.977	391	4	0	1	391	5308	5698	0.0	701.0
FOV01_RS13425	25	98.867	618	7	0	1	618	4707	5324	0.0	1103.0
FOV01_RS13430	25	100.0	141	0	0	6	146	4564	4704	7.1699999999999995e-71	261.0
FOV01_RS13435	25	98.68799999999999	1143	14	1	1	1142	3433	4575	0.0	2026.0
FOV01_RS13440	25	98.01899999999999	858	8	1	1	849	2550	3407	0.0	1482.0
FOV01_RS13445	25	97.725	879	20	0	1	879	1649	2527	0.0	1513.0
FOV01_RS13450	25	98.851	261	3	0	1	261	1378	1638	2.709999999999999e-132	466.0
FOV01_RS13460	17	97.47200000000001	356	9	0	1	356	15040	15395	5.929999999999997e-175	608.0
FOV01_RS13460	25	96.639	357	12	0	1	357	468	824	1.6599999999999997e-170	593.0
FOV01_RS13465	17	95.279	3728	165	3	2	3719	11253	14979	0.0	5899.0
FOV01_RS13510	17	97.595	291	7	0	1	291	66830	67120	3.0599999999999988e-142	499.0
FOV01_RS13550	25	97.546	489	12	0	1	489	17655	18143	0.0	837.0
FOV01_RS13555	25	98.728	786	10	0	1	786	16864	17649	0.0	1397.0
FOV01_RS13565	25	95.75	2259	96	0	1	2259	14083	16341	0.0	3640.0
FOV01_RS13570	25	96.54899999999999	2347	79	2	1	2346	11751	14096	0.0	3884.0
FOV01_RS13580	25	98.596	2493	35	0	1	2493	8891	11383	0.0	4410.0
FOV01_RS13595	2	98.385	681	11	0	1	681	82262	82942	0.0	1197.0
FOV01_RS13595	25	99.69200000000001	650	2	0	32	681	22380	21731	0.0	1190.0
FOV01_RS13640	11	99.48299999999999	1160	6	0	4	1163	6316	5157	0.0	2109.0
FOV01_RS13665	2	98.385	681	11	0	1	681	82262	82942	0.0	1197.0
FOV01_RS13665	25	99.69200000000001	650	2	0	32	681	22380	21731	0.0	1190.0
FOV01_RS13670	2	100.0	186	0	0	1	186	82262	82447	9.119999999999997e-96	344.0
FOV01_RS13675	2	100.0	105	0	0	1	105	82262	82366	5.0399999999999997e-51	195.0
FOV01_RS13700	38	100.0	795	0	0	1	795	1366	572	0.0	1469.0
FOV01_RS13720	2	98.385	681	11	0	1	681	82262	82942	0.0	1197.0
FOV01_RS13720	25	99.69200000000001	650	2	0	32	681	22380	21731	0.0	1190.0
FOV01_RS13760	17	97.595	291	7	0	1	291	66830	67120	3.0599999999999988e-142	499.0
FOV01_RS13765	17	100.0	111	0	0	1	111	66480	66590	2.49e-54	206.0
FOV01_RS13775	17	96.866	351	11	0	1	351	65879	66229	7.589999999999998e-169	588.0
FOV01_RS13780	17	98.646	1329	18	0	1	1329	64554	65882	0.0	2355.0
HTG14_RS00030	2	98.53399999999999	682	9	1	1	682	82262	82942	0.0	1203.0
HTG14_RS00030	25	96.774	651	20	1	32	682	22380	21731	0.0	1085.0
HTG14_RS00085	38	100.0	795	0	0	1	795	1366	572	0.0	1469.0
HTG14_RS00090	38	100.0	252	0	0	1	252	1710	1459	2.6099999999999992e-132	466.0
HTG14_RS00095	11	99.569	1160	5	0	4	1163	6316	5157	0.0	2115.0
HTG14_RS00160	2	98.678	681	9	0	1	681	82262	82942	0.0	1208.0
HTG14_RS00160	25	99.07700000000001	650	6	0	32	681	22380	21731	0.0	1168.0
HTG14_RS00180	11	99.569	1160	5	0	4	1163	6316	5157	0.0	2115.0
HTG24_RS00045	17	96.90700000000001	291	9	0	1	291	66830	67120	6.619999999999998e-139	488.0
HTG24_RS00050	17	100.0	111	0	0	1	111	66480	66590	2.49e-54	206.0
HTG24_RS00055	17	96.866	351	11	0	1	351	65879	66229	7.589999999999998e-169	588.0
HTG24_RS00060	17	98.57	1329	19	0	1	1329	64554	65882	0.0	2350.0
HTG24_RS00295	16	96.12799999999999	3900	151	0	1	3900	8643	4744	0.0	6366.0
HTG24_RS00300	16	98.113	159	3	0	1	159	9272	9114	7.86e-76	278.0
HTG28_RS00030	2	98.53399999999999	682	9	1	1	682	82262	82942	0.0	1203.0
HTG28_RS00030	25	96.774	651	20	1	32	682	22380	21731	0.0	1085.0
HTG28_RS00085	38	100.0	795	0	0	1	795	1366	572	0.0	1469.0
HTG28_RS00090	38	100.0	252	0	0	1	252	1710	1459	2.6099999999999992e-132	466.0
HTG28_RS00095	11	99.569	1160	5	0	4	1163	6316	5157	0.0	2115.0
HTG28_RS00160	2	98.678	681	9	0	1	681	82262	82942	0.0	1208.0
HTG28_RS00160	25	99.07700000000001	650	6	0	32	681	22380	21731	0.0	1168.0
HTG28_RS00180	11	99.569	1160	5	0	4	1163	6316	5157	0.0	2115.0
HTG27_RS00030	2	98.53399999999999	682	9	1	1	682	82262	82942	0.0	1203.0
HTG27_RS00030	25	96.774	651	20	1	32	682	22380	21731	0.0	1085.0
HTG27_RS00085	38	100.0	795	0	0	1	795	1366	572	0.0	1469.0
HTG27_RS00090	38	100.0	252	0	0	1	252	1710	1459	2.6099999999999992e-132	466.0
HTG27_RS00095	11	99.569	1160	5	0	4	1163	6316	5157	0.0	2115.0
HTG27_RS00160	2	98.678	681	9	0	1	681	82262	82942	0.0	1208.0
HTG27_RS00160	25	99.07700000000001	650	6	0	32	681	22380	21731	0.0	1168.0
HTG27_RS00180	11	99.569	1160	5	0	4	1163	6316	5157	0.0	2115.0
HTG21_RS00030	2	98.53399999999999	682	9	1	1	682	82262	82942	0.0	1203.0
HTG21_RS00030	25	96.774	651	20	1	32	682	22380	21731	0.0	1085.0
HTG21_RS00085	38	100.0	795	0	0	1	795	1366	572	0.0	1469.0
HTG21_RS00090	38	100.0	252	0	0	1	252	1710	1459	2.6099999999999992e-132	466.0
HTG21_RS00095	11	99.569	1160	5	0	4	1163	6316	5157	0.0	2115.0
HTG21_RS00155	2	98.678	681	9	0	1	681	82262	82942	0.0	1208.0
HTG21_RS00155	25	99.07700000000001	650	6	0	32	681	22380	21731	0.0	1168.0
HTG21_RS00175	11	99.569	1160	5	0	4	1163	6316	5157	0.0	2115.0
HTG44_RS00030	2	98.387	682	10	1	1	682	82262	82942	0.0	1197.0
HTG44_RS00030	25	96.928	651	19	1	32	682	22380	21731	0.0	1090.0
HTG44_RS00085	38	100.0	795	0	0	1	795	1366	572	0.0	1469.0
HTG44_RS00090	38	100.0	252	0	0	1	252	1710	1459	2.6099999999999992e-132	466.0
HTG44_RS00095	11	99.569	1160	5	0	4	1163	6316	5157	0.0	2115.0
HTG44_RS00160	2	98.53200000000001	681	10	0	1	681	82262	82942	0.0	1203.0
HTG44_RS00160	25	98.92299999999999	650	7	0	32	681	22380	21731	0.0	1162.0
HTG44_RS00180	11	99.569	1160	5	0	4	1163	6316	5157	0.0	2115.0
HTK17_RS00020	2	99.706	681	2	0	1	681	82262	82942	0.0	1247.0
HTK17_RS00020	25	98.0	650	13	0	32	681	22380	21731	0.0	1129.0
HTK17_RS00040	38	100.0	795	0	0	1	795	1366	572	0.0	1469.0
HTK17_RS00045	38	100.0	543	0	0	1	543	2001	1459	0.0	1003.0
HTK17_RS00050	38	100.0	270	0	0	1	270	2267	1998	2.7599999999999992e-142	499.0
HTK17_RS00055	2	99.706	681	2	0	1	681	82262	82942	0.0	1247.0
HTK17_RS00055	25	98.0	650	13	0	32	681	22380	21731	0.0	1129.0
HTK17_RS00080	2	98.238	681	12	0	1	681	82262	82942	0.0	1192.0
HTK17_RS00080	25	99.538	650	3	0	32	681	22380	21731	0.0	1184.0
HTK17_RS00095	2	98.825	681	8	0	1	681	82262	82942	0.0	1214.0
HTK17_RS00095	25	99.23100000000001	650	5	0	32	681	22380	21731	0.0	1173.0
HTK17_RS00145	2	98.385	681	11	0	1	681	82262	82942	0.0	1197.0
HTK17_RS00145	25	98.76899999999999	650	8	0	32	681	22380	21731	0.0	1157.0
HTK17_RS00160	2	98.53200000000001	681	10	0	1	681	82262	82942	0.0	1203.0
HTK17_RS00160	25	98.92299999999999	650	7	0	32	681	22380	21731	0.0	1162.0
HTK17_RS00390	2	98.385	681	11	0	1	681	82262	82942	0.0	1197.0
HTK17_RS00390	25	99.69200000000001	650	2	0	32	681	22380	21731	0.0	1190.0
HTK17_RS00400	10	99.501	1002	5	0	1	1002	10978	11979	0.0	1823.0
HTK17_RS00405	10	99.786	933	2	0	1	933	11976	12908	0.0	1712.0
HTK17_RS00410	10	99.145	117	1	0	1	117	13153	13269	5.7e-56	211.0
HTK17_RS00415	10	96.458	1920	68	0	1	1920	13285	15204	0.0	3169.0
HTL21_RS00025	2	98.385	681	11	0	1	681	82262	82942	0.0	1197.0
HTL21_RS00025	25	99.69200000000001	650	2	0	32	681	22380	21731	0.0	1190.0
HTL21_RS00060	2	98.385	681	11	0	1	681	82262	82942	0.0	1197.0
HTL21_RS00060	25	99.69200000000001	650	2	0	32	681	22380	21731	0.0	1190.0
HTL21_RS00085	10	96.406	1920	69	0	1	1920	13285	15204	0.0	3164.0
HTL21_RS00090	10	99.145	117	1	0	1	117	13153	13269	5.7e-56	211.0
HTL21_RS00095	10	99.786	933	2	0	1	933	11976	12908	0.0	1712.0
HTL21_RS00100	10	99.501	1002	5	0	1	1002	10978	11979	0.0	1823.0
HTL21_RS00110	2	98.385	681	11	0	1	681	82262	82942	0.0	1197.0
HTL21_RS00110	25	99.69200000000001	650	2	0	32	681	22380	21731	0.0	1190.0
HTL21_RS00140	2	98.238	681	12	0	1	681	82262	82942	0.0	1192.0
HTL21_RS00140	25	99.538	650	3	0	32	681	22380	21731	0.0	1184.0
HTL21_RS00205	2	98.385	681	11	0	1	681	82262	82942	0.0	1197.0
HTL21_RS00205	25	99.69200000000001	650	2	0	32	681	22380	21731	0.0	1190.0
HTL02_RS00005	2	98.385	681	11	0	1	681	82262	82942	0.0	1197.0
HTL02_RS00005	25	99.69200000000001	650	2	0	32	681	22380	21731	0.0	1190.0
HTL02_RS00035	2	98.238	681	12	0	1	681	82262	82942	0.0	1192.0
HTL02_RS00035	25	99.538	650	3	0	32	681	22380	21731	0.0	1184.0
HTL02_RS00100	2	98.385	681	11	0	1	681	82262	82942	0.0	1197.0
HTL02_RS00100	25	99.69200000000001	650	2	0	32	681	22380	21731	0.0	1190.0
HTL02_RS00135	2	98.385	681	11	0	1	681	82262	82942	0.0	1197.0
HTL02_RS00135	25	99.69200000000001	650	2	0	32	681	22380	21731	0.0	1190.0
HTL02_RS00160	10	96.406	1920	69	0	1	1920	13285	15204	0.0	3164.0
HTL02_RS00165	10	99.145	117	1	0	1	117	13153	13269	5.7e-56	211.0
HTL02_RS00170	10	99.786	933	2	0	1	933	11976	12908	0.0	1712.0
HTL02_RS00175	10	99.501	1002	5	0	1	1002	10978	11979	0.0	1823.0
HTM13_RS00010	2	99.709	687	2	0	1	687	82256	82942	0.0	1258.0
HTM13_RS00030	17	96.949	295	9	0	1	295	66830	67124	3.9599999999999985e-141	496.0
HTM13_RS00035	17	98.084	783	15	0	1	783	67380	68162	0.0	1363.0
HTM13_RS00040	17	98.039	357	7	0	1	357	68155	68511	7.619999999999998e-179	621.0
HTM13_RS00085	10	96.406	1920	69	0	1	1920	13285	15204	0.0	3164.0
HTM13_RS00090	10	96.581	117	3	1	1	116	13153	13269	2.0400000000000001e-50	193.0
HTM13_RS00095	10	99.786	933	2	0	1	933	11976	12908	0.0	1712.0
HTM13_RS00100	10	99.501	1002	5	0	1	1002	10978	11979	0.0	1823.0
HTM13_RS00110	10	99.913	1146	1	0	1	1146	7656	8801	0.0	2111.0
HTQ42_RS00095	17	98.37	552	9	0	1	552	41174	40623	0.0	970.0
HTQ42_RS00100	17	100.0	192	0	0	1	192	41389	41198	4.369999999999999e-99	355.0
HTQ42_RS00105	17	98.925	186	2	0	1	186	41559	41374	1.9699999999999995e-92	333.0
HTQ42_RS00115	17	99.50200000000001	201	1	0	1	201	41855	42055	2.1199999999999996e-102	366.0
HTQ42_RS00120	17	100.0	231	0	0	1	231	42387	42157	1.1199999999999997e-120	427.0
HTQ42_RS00125	17	98.99	495	5	0	1	495	42442	42936	0.0	887.0
HTQ42_RS00130	17	99.117	453	4	0	1	453	43002	43454	0.0	815.0
HTQ42_RS00135	17	98.684	152	2	0	1	152	43468	43619	1.2599999999999998e-73	270.0
HTQ42_RS00195	17	99.512	1638	8	0	1	1638	1167	2804	0.0	2981.0
HTQ42_RS00200	17	98.355	1155	19	0	1	1155	2815	3969	0.0	2028.0
HTQ42_RS00205	17	100.0	954	0	0	1	954	4955	4002	0.0	1762.0
HTQ42_RS00220	17	96.667	270	9	0	1	270	6662	6931	2.819999999999999e-127	449.0
HTQ42_RS00225	17	98.46600000000001	2673	41	0	1	2673	6978	9650	0.0	4710.0
HTQ42_RS00230	17	99.70200000000001	336	1	0	1	336	10411	10746	3.319999999999999e-177	616.0
HTQ42_RS00235	17	95.163	3928	179	3	1	3918	11053	14979	0.0	6191.0
HTQ42_RS00240	25	95.035	141	7	0	1	141	266	406	3.249999999999999e-59	222.0
HTQ42_RS00240	17	95.035	141	7	0	1	141	14839	14979	3.249999999999999e-59	222.0
HTQ42_RS00245	17	97.721	351	8	0	1	351	15040	15390	7.669999999999998e-174	604.0
HTQ42_RS00245	25	96.639	357	12	0	1	357	468	824	1.6599999999999997e-170	593.0
HTV08_RS00030	2	98.238	681	12	0	1	681	82262	82942	0.0	1192.0
HTV08_RS00030	25	99.538	650	3	0	32	681	22380	21731	0.0	1184.0
HTV08_RS00040	2	98.825	681	8	0	1	681	82262	82942	0.0	1214.0
HTV08_RS00040	25	99.23100000000001	650	5	0	32	681	22380	21731	0.0	1173.0
HTW12_RS00005	2	98.385	681	11	0	1	681	82262	82942	0.0	1197.0
HTW12_RS00005	25	99.69200000000001	650	2	0	32	681	22380	21731	0.0	1190.0
HTW12_RS00040	2	98.385	681	11	0	1	681	82262	82942	0.0	1197.0
HTW12_RS00040	25	99.69200000000001	650	2	0	32	681	22380	21731	0.0	1190.0
HTW12_RS00215	2	98.238	681	11	1	1	680	82262	82942	0.0	1190.0
HTW12_RS00215	25	99.538	650	2	1	32	680	22380	21731	0.0	1182.0
HTW12_RS00305	2	98.825	681	8	0	1	681	82262	82942	0.0	1214.0
HTW12_RS00305	25	99.23100000000001	650	5	0	32	681	22380	21731	0.0	1173.0
HTW12_RS00315	2	98.238	681	12	0	1	681	82262	82942	0.0	1192.0
HTW12_RS00315	25	99.538	650	3	0	32	681	22380	21731	0.0	1184.0
HTW12_RS00385	25	95.29700000000001	489	23	0	1	489	17655	18143	0.0	776.0
HTW12_RS00390	25	100.0	786	0	0	1	786	16864	17649	0.0	1452.0
HTW12_RS00395	25	97.654	2259	53	0	1	2259	14083	16341	0.0	3879.0
HTW12_RS00400	25	96.634	2347	77	2	1	2346	11751	14096	0.0	3895.0
HTW12_RS00410	25	99.318	2493	17	0	1	2493	8891	11383	0.0	4510.0
HTW12_RS00415	25	100.0	459	0	0	1	459	8328	8786	0.0	848.0
HTW12_RS00420	25	99.79299999999999	483	1	0	1	483	7751	8233	0.0	887.0
HTW12_RS00425	25	100.0	390	0	0	1	390	7330	7719	0.0	721.0
HTW12_RS00430	25	99.63799999999999	276	1	0	1	276	7055	7330	6.069999999999998e-144	505.0
HTW12_RS00435	25	99.324	1035	7	0	1	1035	6031	7065	0.0	1873.0
HTW12_RS00440	25	100.0	315	0	0	1	315	5724	6038	3.1399999999999983e-167	582.0
HTW12_RS00445	25	98.08200000000001	417	8	0	1	417	5308	5724	0.0	726.0
HTW12_RS00450	25	98.05799999999999	618	12	0	1	618	4707	5324	0.0	1075.0
HTW12_RS00455	25	98.899	1272	14	0	1	1272	3433	4704	0.0	2272.0
HTW12_RS00460	25	97.20299999999999	858	6	1	1	840	2550	3407	0.0	1435.0
HTW12_RS00465	25	98.40700000000001	879	14	0	1	879	1649	2527	0.0	1546.0
HTW12_RS00470	25	100.0	261	0	0	1	261	1378	1638	2.689999999999999e-137	483.0
HTW12_RS00475	25	98.44200000000001	385	6	0	1	385	846	1230	0.0	678.0
HTW12_RS00480	17	97.75299999999999	356	8	0	1	356	15040	15395	1.2699999999999995e-176	614.0
HTW12_RS00480	25	97.479	357	9	0	1	357	468	824	1.6499999999999997e-175	610.0
HTW12_RS00485	17	95.79899999999999	3928	154	3	1	3918	11053	14979	0.0	6329.0
HTW12_RS00490	17	99.70200000000001	336	1	0	1	336	10411	10746	3.319999999999999e-177	616.0
HTW12_RS00495	17	97.795	2676	59	0	1	2676	6978	9653	0.0	4615.0
HTW12_RS00500	17	98.039	306	6	0	1	306	6662	6967	3.109999999999999e-152	532.0
HTW12_RS00545	17	100.0	111	0	0	1	111	66480	66590	2.49e-54	206.0
HTW12_RS00605	2	98.385	681	11	0	1	681	82262	82942	0.0	1197.0
HTW12_RS00605	25	99.385	650	4	0	32	681	22380	21731	0.0	1179.0
HTX01_RS00010	2	98.385	681	11	0	1	681	82262	82942	0.0	1197.0
HTX01_RS00010	25	99.69200000000001	650	2	0	32	681	22380	21731	0.0	1190.0
HTX01_RS00030	2	98.385	681	11	0	1	681	82262	82942	0.0	1197.0
HTX01_RS00030	25	99.69200000000001	650	2	0	32	681	22380	21731	0.0	1190.0
HTX01_RS00070	2	98.238	681	12	0	1	681	82262	82942	0.0	1192.0
HTX01_RS00070	25	99.538	650	3	0	32	681	22380	21731	0.0	1184.0
HTX01_RS00080	2	98.238	681	12	0	1	681	82262	82942	0.0	1192.0
HTX01_RS00080	25	99.538	650	3	0	32	681	22380	21731	0.0	1184.0
HTX01_RS00095	2	98.825	681	8	0	1	681	82262	82942	0.0	1214.0
HTX01_RS00095	25	99.23100000000001	650	5	0	32	681	22380	21731	0.0	1173.0
HTX01_RS00130	2	98.09100000000001	681	10	3	1	678	82262	82942	0.0	1182.0
HTX01_RS00130	25	99.385	650	1	3	32	678	22380	21731	0.0	1175.0
HTX01_RS00135	10	100.0	714	0	0	1	714	11266	11979	0.0	1319.0
HTX01_RS00140	10	99.786	933	2	0	1	933	11976	12908	0.0	1712.0
HTX01_RS00145	10	99.145	117	1	0	1	117	13153	13269	5.7e-56	211.0
HTX01_RS00150	10	96.458	1920	68	0	1	1920	13285	15204	0.0	3169.0
HTX01_RS00175	2	98.238	681	10	2	1	679	82262	82942	0.0	1190.0
HTX01_RS00175	25	99.538	650	1	2	32	679	22380	21731	0.0	1182.0
HTX46_RS00005	17	95.161	620	30	0	1	620	62401	63020	0.0	979.0
HTX46_RS00035	17	100.0	111	0	0	1	111	66480	66590	2.49e-54	206.0
HTX46_RS00040	17	96.939	294	9	0	1	294	66830	67123	1.4399999999999998e-140	494.0
HTX46_RS00080	17	98.039	306	6	0	1	306	6662	6967	3.109999999999999e-152	532.0
HTX46_RS00085	17	97.795	2676	59	0	1	2676	6978	9653	0.0	4615.0
HTX46_RS00090	17	99.70200000000001	336	1	0	1	336	10411	10746	3.319999999999999e-177	616.0
HTX46_RS00095	17	95.825	3928	153	3	1	3918	11053	14979	0.0	6335.0
HTX46_RS00100	17	97.75299999999999	356	8	0	1	356	15040	15395	1.2699999999999995e-176	614.0
HTX46_RS00100	25	97.479	357	9	0	1	357	468	824	1.6499999999999997e-175	610.0
HTX46_RS00105	25	98.44200000000001	385	6	0	1	385	846	1230	0.0	678.0
HTX46_RS00110	25	100.0	261	0	0	1	261	1378	1638	2.689999999999999e-137	483.0
HTX46_RS00115	25	98.40700000000001	879	14	0	1	879	1649	2527	0.0	1546.0
HTX46_RS00120	25	97.20299999999999	858	6	1	1	840	2550	3407	0.0	1435.0
HTX46_RS00125	25	98.899	1272	14	0	1	1272	3433	4704	0.0	2272.0
HTX46_RS00130	25	98.05799999999999	618	12	0	1	618	4707	5324	0.0	1075.0
HTX46_RS00135	25	98.08200000000001	417	8	0	1	417	5308	5724	0.0	726.0
HTX46_RS00140	25	100.0	315	0	0	1	315	5724	6038	3.1399999999999983e-167	582.0
HTX46_RS00145	25	99.324	1035	7	0	1	1035	6031	7065	0.0	1873.0
HTX46_RS00150	25	99.275	276	2	0	1	276	7055	7330	2.8299999999999992e-142	499.0
HTX46_RS00155	25	100.0	390	0	0	1	390	7330	7719	0.0	721.0
HTX46_RS00160	25	99.79299999999999	483	1	0	1	483	7751	8233	0.0	887.0
HTX46_RS00165	25	99.78200000000001	459	1	0	1	459	8328	8786	0.0	843.0
HTX46_RS00170	25	99.559	2493	11	0	1	2493	8891	11383	0.0	4543.0
HTX46_RS00180	25	96.90700000000001	2328	69	3	21	2346	11770	14096	0.0	3897.0
HTX46_RS00185	25	97.654	2259	53	0	1	2259	14083	16341	0.0	3879.0
HTX46_RS00190	25	100.0	786	0	0	1	786	16864	17649	0.0	1452.0
HTX46_RS00195	25	95.29700000000001	489	23	0	1	489	17655	18143	0.0	776.0
HTX46_RS00295	2	98.385	681	11	0	1	681	82262	82942	0.0	1197.0
HTX46_RS00295	25	99.69200000000001	650	2	0	32	681	22380	21731	0.0	1190.0
A6B47_RS14290	17	96.919	357	11	0	1	357	5724	6080	3.569999999999999e-172	599.0
A6B47_RS14480	17	96.273	322	9	3	1	320	44228	44548	5.469999999999999e-150	525.0
A6B47_RS14490	17	95.935	246	10	0	1	246	44656	44901	2.6099999999999995e-112	399.0
A6B47_RS14630	2	96.42200000000001	1034	25	1	2	1023	72445	71412	0.0	1694.0
A6B47_RS14645	33	95.833	192	8	0	1	192	3770	3579	9.589999999999997e-86	311.0
A6B47_RS14655	8	96.0	150	6	0	1	150	28224	28373	7.449999999999999e-66	244.0
A6B47_RS14690	8	95.76299999999999	118	5	0	1	118	27612	27729	7.649999999999999e-50	191.0
A6B47_RS14970	17	100.0	1008	0	0	1	1008	1	1008	0.0	1862.0
A6B47_RS14975	17	99.939	1639	0	1	1	1639	1167	2804	0.0	3020.0
A6B47_RS14980	17	100.0	1155	0	0	1	1155	2815	3969	0.0	2134.0
A6B47_RS14985	17	100.0	954	0	0	1	954	4955	4002	0.0	1762.0
A6B47_RS14990	17	100.0	357	0	0	1	357	5724	6080	0.0	660.0
A6B47_RS14995	17	100.0	306	0	0	1	306	6662	6967	3.069999999999999e-162	566.0
A6B47_RS15000	17	98.46600000000001	2673	41	0	1	2673	6978	9650	0.0	4710.0
A6B47_RS15005	17	95.163	3928	179	3	1	3918	11053	14979	0.0	6191.0
A6B47_RS15010	25	98.88	357	1	1	1	354	468	824	0.0	634.0
A6B47_RS15010	17	95.506	356	13	1	1	353	15040	15395	3.5899999999999987e-162	566.0
A6B47_RS15020	25	100.0	261	0	0	1	261	1378	1638	2.689999999999999e-137	483.0
A6B47_RS15025	25	98.18	879	16	0	1	879	1649	2527	0.0	1535.0
A6B47_RS15030	25	99.65	858	3	0	1	858	2550	3407	0.0	1568.0
A6B47_RS15035	25	98.899	1272	14	0	1	1272	3433	4704	0.0	2272.0
A6B47_RS15040	25	98.867	618	7	0	1	618	4707	5324	0.0	1103.0
A6B47_RS15045	25	98.561	417	6	0	1	417	5308	5724	0.0	737.0
A6B47_RS15050	25	100.0	315	0	0	1	315	5724	6038	3.1399999999999983e-167	582.0
A6B47_RS15055	25	99.227	1035	8	0	1	1035	6031	7065	0.0	1868.0
A6B47_RS15060	25	99.63799999999999	276	1	0	1	276	7055	7330	6.069999999999998e-144	505.0
A6B47_RS15065	25	100.0	390	0	0	1	390	7330	7719	0.0	721.0
A6B47_RS15070	25	99.79299999999999	483	1	0	1	483	7751	8233	0.0	887.0
A6B47_RS15075	25	100.0	459	0	0	1	459	8328	8786	0.0	848.0
A6B47_RS15080	25	99.479	2493	13	0	1	2493	8891	11383	0.0	4532.0
A6B47_RS15090	25	97.294	2328	60	3	21	2346	11770	14096	0.0	3947.0
A6B47_RS15095	25	97.425	2252	55	3	1	2252	14083	16331	0.0	3834.0
A6B47_RS15110	25	99.59100000000001	489	2	0	1	489	17655	18143	0.0	893.0
A6B47_RS15115	25	98.50200000000001	267	4	0	1	267	18735	19001	5.939999999999999e-134	472.0
A6B47_RS15120	25	98.37100000000001	491	8	0	1	491	19034	19524	0.0	863.0
A6B47_RS15125	25	99.52	417	2	0	1	417	19871	20287	0.0	760.0
A6B47_RS15140	25	99.24799999999999	266	2	0	2	267	21007	21272	9.869999999999998e-137	481.0
A6B47_RS15145	25	99.63799999999999	276	1	0	1	276	21265	21540	6.069999999999998e-144	505.0
A6B47_RS15215	17	96.165	339	13	0	1	339	53436	53774	7.419999999999998e-159	555.0
A6B47_RS15245	17	95.541	314	14	0	2	315	63012	63325	2.5199999999999992e-143	503.0
A6B47_RS15250	17	98.22200000000001	225	4	0	1	225	63319	63543	1.0999999999999998e-110	394.0
A6B47_RS15255	17	98.095	210	4	0	1	210	63604	63813	2.229999999999999e-102	366.0
A6B47_RS15260	17	96.37	303	11	0	1	303	63825	64127	3.1299999999999995e-142	499.0
A6B47_RS15265	17	98.42299999999999	1332	18	2	1	1332	64554	65882	0.0	2340.0
A6B47_RS15270	17	100.0	351	0	0	1	351	65879	66229	0.0	649.0
A6B47_RS15280	17	100.0	111	0	0	1	111	66480	66590	2.49e-54	206.0
A6B47_RS15285	17	99.663	297	1	0	1	297	66830	67126	1.3899999999999997e-155	544.0
A6B47_RS15290	17	100.0	783	0	0	1	783	67380	68162	0.0	1447.0
A6B47_RS15295	17	100.0	357	0	0	1	357	68155	68511	0.0	660.0
DTO64_RS16000	38	100.0	543	0	0	1	543	2001	1459	0.0	1003.0
DTO64_RS16005	38	100.0	795	0	0	1	795	1366	572	0.0	1469.0
DTO64_RS16045	2	98.238	681	12	0	1	681	82262	82942	0.0	1192.0
DTO64_RS16045	25	99.538	650	3	0	32	681	22380	21731	0.0	1184.0
DTO64_RS16065	17	99.72	357	1	0	1	357	68155	68511	0.0	654.0
DTO64_RS16070	17	99.48899999999999	783	4	0	1	783	67380	68162	0.0	1424.0
DTO64_RS16190	25	98.62100000000001	580	8	0	30	609	4745	5324	0.0	1027.0
DTO64_RS16195	25	98.561	417	6	0	1	417	5308	5724	0.0	737.0
DTO64_RS16200	25	99.365	315	2	0	1	315	5724	6038	6.809999999999997e-164	571.0
DTO64_RS16205	25	99.03399999999999	1035	10	0	1	1035	6031	7065	0.0	1857.0
DTO64_RS16210	25	99.63799999999999	276	1	0	1	276	7055	7330	6.069999999999998e-144	505.0
DTO64_RS16215	25	100.0	390	0	0	1	390	7330	7719	0.0	721.0
DTO64_RS16220	25	99.79299999999999	483	1	0	1	483	7751	8233	0.0	887.0
DTO64_RS16225	25	99.78200000000001	459	1	0	1	459	8328	8786	0.0	843.0
DTO64_RS16230	25	99.479	2493	13	0	1	2493	8891	11383	0.0	4532.0
DTO64_RS16235	25	99.499	399	2	0	1	399	11340	11738	0.0	726.0
DTO64_RS16240	25	98.779	1884	23	0	1	1884	11751	13634	0.0	3352.0
DTO64_RS16245	25	99.37100000000001	318	2	0	1	318	11421	11738	1.4799999999999999e-165	577.0
DTO64_RS16250	25	98.764	2346	28	1	1	2345	11751	14096	0.0	4170.0
DTO64_RS16255	25	97.469	2252	54	3	1	2252	14083	16331	0.0	3840.0
DTO64_RS16265	25	98.773	489	6	0	1	489	17655	18143	0.0	870.0
DTO64_RS16275	25	98.876	267	3	0	1	267	18735	19001	1.2799999999999997e-135	477.0
DTO64_RS16280	25	98.167	491	9	0	1	491	19034	19524	0.0	857.0
DTO64_RS16285	25	99.281	417	3	0	1	417	19871	20287	0.0	754.0
DTO64_RS16290	25	96.23899999999999	585	22	0	1	585	20311	20895	0.0	959.0
DTO64_RS16295	25	100.0	267	0	0	1	267	21006	21272	1.2699999999999997e-140	494.0
DTO64_RS16300	25	98.551	276	4	0	1	276	21265	21540	6.119999999999999e-139	488.0
DTO64_RS16415	2	98.238	681	12	0	1	681	82262	82942	0.0	1192.0
DTO64_RS16415	25	99.538	650	3	0	32	681	22380	21731	0.0	1184.0
DTO64_RS16505	17	100.0	621	0	0	1	621	62401	63021	0.0	1147.0
DTO64_RS16510	17	100.0	288	0	0	1	288	63038	63325	2.9199999999999996e-152	532.0
DTO64_RS16515	17	100.0	225	0	0	1	225	63319	63543	2.3499999999999993e-117	416.0
DTO64_RS16520	17	100.0	210	0	0	1	210	63604	63813	4.76e-109	388.0
DTO64_RS16525	17	100.0	303	0	0	1	303	63825	64127	1.4099999999999995e-160	560.0
DTO64_RS16530	17	100.0	414	0	0	1	414	64554	64967	0.0	765.0
DTO64_RS16545	17	98.478	920	14	0	2	921	64963	65882	0.0	1622.0
DTO64_RS16550	17	97.721	351	8	0	1	351	65879	66229	7.5299999999999985e-174	604.0
DTO64_RS16560	17	98.198	111	2	0	1	111	66480	66590	5.389999999999999e-51	195.0
DTO64_RS16620	17	98.43799999999999	320	5	0	1	320	5724	6043	1.2199999999999997e-161	564.0
DTO64_RS16635	17	95.96	297	12	0	1	297	6662	6958	3.1799999999999996e-137	483.0
DTO64_RS16640	17	97.23700000000001	579	16	0	1	579	6978	7556	0.0	981.0
DTO64_RS16640	16	96.37299999999999	579	21	0	1	579	11819	11241	0.0	953.0
DTO64_RS16645	2	98.385	681	11	0	1	681	82262	82942	0.0	1197.0
DTO64_RS16645	25	99.69200000000001	650	2	0	32	681	22380	21731	0.0	1190.0
DTO64_RS16665	17	100.0	336	0	0	1	336	10411	10746	7.139999999999998e-179	621.0
DTO64_RS16675	25	98.319	357	3	1	1	354	468	824	2.0999999999999992e-179	623.0
DTO64_RS16675	17	96.62899999999999	356	9	1	1	353	15040	15395	7.659999999999996e-169	588.0
DTO64_RS16680	25	100.0	385	0	0	1	385	846	1230	0.0	712.0
DTO64_RS16685	25	99.617	261	1	0	1	261	1378	1638	1.2499999999999996e-135	477.0
DTO64_RS16690	25	97.95200000000001	879	18	0	1	879	1649	2527	0.0	1524.0
DTO64_RS16695	25	98.95100000000001	858	9	0	1	858	2550	3407	0.0	1535.0
DTO64_RS16700	25	99.135	1272	11	0	1	1272	3433	4704	0.0	2289.0
DTO64_RS16705	25	98.382	618	10	0	1	618	4707	5324	0.0	1086.0
DTO64_RS16710	25	98.561	417	6	0	1	417	5308	5724	0.0	737.0
DTO64_RS16715	25	99.365	315	2	0	1	315	5724	6038	6.809999999999997e-164	571.0
DTO64_RS16720	25	99.03399999999999	1035	10	0	1	1035	6031	7065	0.0	1857.0
DTO64_RS16725	25	99.63799999999999	276	1	0	1	276	7055	7330	6.069999999999998e-144	505.0
DTO64_RS16730	25	100.0	390	0	0	1	390	7330	7719	0.0	721.0
DTO64_RS16735	25	99.564	459	2	0	1	459	8328	8786	0.0	837.0
DTO64_RS16740	25	99.35799999999999	2493	16	0	1	2493	8891	11383	0.0	4516.0
DTO64_RS16750	25	97.23100000000001	2347	62	3	1	2345	11751	14096	0.0	3971.0
DTO64_RS16760	2	98.385	681	11	0	1	681	82262	82942	0.0	1197.0
DTO64_RS16760	25	99.69200000000001	650	2	0	32	681	22380	21731	0.0	1190.0
DTO64_RS16770	2	98.385	681	11	0	1	681	82262	82942	0.0	1197.0
DTO64_RS16770	25	99.69200000000001	650	2	0	32	681	22380	21731	0.0	1190.0
DTO64_RS16800	2	98.385	681	11	0	1	681	82262	82942	0.0	1197.0
DTO64_RS16800	25	99.69200000000001	650	2	0	32	681	22380	21731	0.0	1190.0
GKQ57_RS13950	17	100.0	1008	0	0	1	1008	1	1008	0.0	1862.0
GKQ57_RS13955	17	100.0	1638	0	0	1	1638	1167	2804	0.0	3025.0
GKQ57_RS13960	17	100.0	1155	0	0	1	1155	2815	3969	0.0	2134.0
GKQ57_RS13965	17	100.0	954	0	0	1	954	4955	4002	0.0	1762.0
GKQ57_RS13970	17	100.0	357	0	0	1	357	5724	6080	0.0	660.0
GKQ57_RS13975	17	99.67299999999999	306	1	0	1	306	6662	6967	1.4299999999999992e-160	560.0
GKQ57_RS13980	17	100.0	2676	0	0	1	2676	6978	9653	0.0	4942.0
GKQ57_RS13985	17	100.0	279	0	0	1	279	9673	9951	2.839999999999999e-147	516.0
GKQ57_RS13990	17	100.0	336	0	0	1	336	10411	10746	7.139999999999998e-179	621.0
GKQ57_RS13995	17	100.0	3927	0	0	1	3927	11053	14979	0.0	7252.0
GKQ57_RS14000	17	100.0	357	0	0	1	357	15040	15396	0.0	660.0
GKQ57_RS14000	25	96.348	356	13	0	1	356	468	823	2.779999999999999e-168	586.0
GKQ57_RS14005	17	100.0	198	0	0	1	198	15407	15604	2.0899999999999994e-102	366.0
GKQ57_RS14010	17	100.0	831	0	0	1	831	15612	16442	0.0	1535.0
GKQ57_RS14015	17	100.0	180	0	0	1	180	16473	16652	1.8999999999999997e-92	333.0
GKQ57_RS14020	17	100.0	336	0	0	1	336	16688	17023	7.139999999999998e-179	621.0
GKQ57_RS14025	17	100.0	1128	0	0	1	1128	17031	18158	0.0	2084.0
GKQ57_RS14030	17	100.0	1569	0	0	1	1569	18677	20245	0.0	2898.0
GKQ57_RS14035	17	100.0	534	0	0	1	534	20415	20948	0.0	987.0
GKQ57_RS14040	17	100.0	2532	0	0	1	2532	21013	23544	0.0	4676.0
GKQ57_RS14045	17	100.0	2004	0	0	1	2004	23534	25537	0.0	3701.0
GKQ57_RS14050	17	100.0	381	0	0	1	381	25544	25924	0.0	704.0
GKQ57_RS14055	17	99.961	2556	1	0	1	2556	26053	28608	0.0	4715.0
GKQ57_RS14060	17	100.0	189	0	0	1	189	28611	28799	1.9999999999999998e-97	350.0
GKQ57_RS14065	17	100.0	1152	0	0	1	1152	28818	29969	0.0	2128.0
GKQ57_RS14070	17	100.0	990	0	0	1	990	30059	31048	0.0	1829.0
GKQ57_RS14075	17	100.0	234	0	0	1	234	31112	31345	2.44e-122	433.0
GKQ57_RS14080	17	100.0	327	0	0	1	327	31346	31672	6.989999999999998e-174	604.0
GKQ57_RS14085	17	100.0	639	0	0	1	639	31764	32402	0.0	1181.0
GKQ57_RS14090	17	100.0	942	0	0	1	942	32409	33350	0.0	1740.0
GKQ57_RS14095	17	100.0	282	0	0	1	282	33722	34003	6.169999999999998e-149	521.0
GKQ57_RS14100	17	100.0	393	0	0	1	393	33996	34388	0.0	726.0
GKQ57_RS14105	17	100.0	2061	0	0	1	2061	34381	36441	0.0	3807.0
GKQ57_RS14110	17	100.0	1659	0	0	1	1659	36518	38176	0.0	3064.0
GKQ57_RS14115	17	100.0	1344	0	0	1	1344	39706	38363	0.0	2483.0
GKQ57_RS14120	17	100.0	774	0	0	1	774	40479	39706	0.0	1430.0
GKQ57_RS14125	17	100.0	552	0	0	1	552	41174	40623	0.0	1020.0
GKQ57_RS14130	17	100.0	192	0	0	1	192	41389	41198	4.369999999999999e-99	355.0
GKQ57_RS14135	17	100.0	186	0	0	1	186	41559	41374	9.119999999999997e-96	344.0
GKQ57_RS14140	17	100.0	231	0	0	1	231	42387	42157	1.1199999999999997e-120	427.0
GKQ57_RS14145	17	100.0	393	0	0	1	393	42544	42936	0.0	726.0
GKQ57_RS14150	17	100.0	453	0	0	1	453	43002	43454	0.0	837.0
GKQ57_RS14155	17	100.0	153	0	0	1	153	43468	43620	1.6199999999999999e-77	283.0
GKQ57_RS14160	17	100.0	591	0	0	1	591	43632	44222	0.0	1092.0
GKQ57_RS14165	17	100.0	293	0	0	1	293	44351	44643	4.939999999999999e-155	542.0
GKQ57_RS14170	17	100.0	246	0	0	1	246	44656	44901	5.499999999999999e-129	455.0
GKQ57_RS14175	17	100.0	183	0	0	1	183	44955	45137	4.1699999999999986e-94	339.0
GKQ57_RS14180	17	100.0	717	0	0	1	717	45332	46048	0.0	1325.0
GKQ57_RS14185	17	100.0	1788	0	0	1	1788	46186	47973	0.0	3302.0
GKQ57_RS14190	17	100.0	636	0	0	1	636	48159	48794	0.0	1175.0
GKQ57_RS14195	17	100.0	468	0	0	1	468	48781	49248	0.0	865.0
GKQ57_RS14200	17	100.0	528	0	0	1	528	49251	49778	0.0	976.0
GKQ57_RS14205	17	100.0	2181	0	0	1	2181	49821	52001	0.0	4028.0
GKQ57_RS14210	17	100.0	543	0	0	1	543	52109	52651	0.0	1003.0
GKQ57_RS14215	17	100.0	576	0	0	1	576	52718	53293	0.0	1064.0
GKQ57_RS14220	17	100.0	333	0	0	1	333	53436	53768	3.2899999999999986e-177	616.0
GKQ57_RS14225	17	100.0	1320	0	0	1	1320	55271	53952	0.0	2438.0
GKQ57_RS14230	17	100.0	831	0	0	1	831	55731	56561	0.0	1535.0
GKQ57_RS14235	17	100.0	438	0	0	1	438	57734	58171	0.0	809.0
GKQ57_RS14240	17	100.0	567	0	0	1	567	58335	58901	0.0	1048.0
GKQ57_RS14245	17	100.0	183	0	0	1	183	58933	59115	4.1699999999999986e-94	339.0
GKQ57_RS14250	17	100.0	537	0	0	1	537	59142	59678	0.0	992.0
GKQ57_RS14255	17	100.0	1059	0	0	1	1059	60865	59807	0.0	1956.0
GKQ57_RS14260	17	100.0	243	0	0	1	243	61132	60890	2.5199999999999993e-127	449.0
GKQ57_RS14265	17	100.0	213	0	0	1	213	61665	61877	1.0399999999999996e-110	394.0
GKQ57_RS14295	17	100.0	621	0	0	1	621	62401	63021	0.0	1147.0
GKQ57_RS14300	17	100.0	288	0	0	1	288	63038	63325	2.9199999999999996e-152	532.0
GKQ57_RS14305	17	100.0	225	0	0	1	225	63319	63543	2.3499999999999993e-117	416.0
GKQ57_RS14310	17	100.0	210	0	0	1	210	63604	63813	4.76e-109	388.0
GKQ57_RS14315	17	100.0	303	0	0	1	303	63825	64127	1.4099999999999995e-160	560.0
GKQ57_RS14320	17	100.0	1329	0	0	1	1329	64554	65882	0.0	2455.0
GKQ57_RS14325	17	100.0	351	0	0	1	351	65879	66229	0.0	649.0
GKQ57_RS14330	17	100.0	111	0	0	1	111	66480	66590	2.49e-54	206.0
GKQ57_RS14335	17	100.0	297	0	0	1	297	66830	67126	2.9899999999999994e-157	549.0
GKQ57_RS14340	17	100.0	783	0	0	1	783	67380	68162	0.0	1447.0
GKQ57_RS14345	17	100.0	357	0	0	1	357	68155	68511	0.0	660.0
GKQ57_RS14360	25	97.025	2353	62	4	1	2352	11751	14096	0.0	3951.0
GKQ57_RS14365	25	98.185	2259	41	0	1	2259	14083	16341	0.0	3945.0
GKQ57_RS14370	25	100.0	786	0	0	1	786	16864	17649	0.0	1452.0
GKQ57_RS14375	25	98.16	489	9	0	1	489	17655	18143	0.0	854.0
GKQ57_RS14380	25	98.50200000000001	267	4	0	1	267	18735	19001	5.939999999999999e-134	472.0
GKQ57_RS14385	25	99.8	501	1	0	1	501	19034	19534	0.0	920.0
GKQ57_RS14390	25	99.598	249	1	0	1	249	19547	19795	5.569999999999999e-129	455.0
GKQ57_RS14395	25	98.08200000000001	417	8	0	1	417	19871	20287	0.0	726.0
GKQ57_RS14400	25	99.316	585	4	0	1	585	20311	20895	0.0	1059.0
GKQ57_RS14405	25	100.0	267	0	0	1	267	21006	21272	1.2699999999999997e-140	494.0
GKQ57_RS14410	25	99.275	276	2	0	1	276	21265	21540	2.8299999999999992e-142	499.0
GKQ57_RS14475	41	99.583	960	4	0	1	960	97	1056	0.0	1751.0
GKQ57_RS14530	26	99.32799999999999	1191	8	0	1	1191	10627	9437	0.0	2156.0
GKQ57_RS14580	35	99.681	939	3	0	1	939	3211	2273	0.0	1718.0
GKQ57_RS14585	35	99.904	1038	1	0	1	1038	2247	1210	0.0	1912.0
GKQ57_RS14590	11	99.22399999999999	1160	8	1	4	1162	6316	5157	0.0	2091.0
GKQ57_RS14600	17	96.508	315	11	0	1	315	63011	63325	6.949999999999997e-149	521.0
GKQ57_RS14605	17	99.556	225	1	0	1	225	63319	63543	1.1e-115	411.0
GKQ57_RS14610	17	99.04799999999999	210	2	0	1	210	63604	63813	1.0299999999999999e-105	377.0
GKQ57_RS14615	17	97.36	303	8	0	1	303	63825	64127	3.099999999999999e-147	516.0
GKQ57_RS14620	17	99.24799999999999	1329	10	0	1	1329	64554	65882	0.0	2399.0
GKQ57_RS14625	17	100.0	351	0	0	1	351	65879	66229	0.0	649.0
GKQ57_RS14630	17	100.0	111	0	0	1	111	66480	66590	2.49e-54	206.0
GKQ57_RS14635	17	99.296	284	2	0	1	284	66830	67113	1.0699999999999995e-146	514.0
SAW_RS16700	17	96.641	774	26	0	1	774	40479	39706	0.0	1286.0
SAW_RS16705	17	98.816	591	7	0	1	591	41174	40584	0.0	1053.0
SAW_RS16710	17	98.958	192	2	0	1	192	41389	41198	9.449999999999996e-96	344.0
SAW_RS16715	17	100.0	186	0	0	1	186	41559	41374	9.119999999999997e-96	344.0
SAW_RS16735	17	99.56700000000001	231	1	0	1	231	42387	42157	5.209999999999998e-119	422.0
SAW_RS16740	17	98.788	495	6	0	1	495	42442	42936	0.0	881.0
SAW_RS16745	17	98.234	453	8	0	1	453	43002	43454	0.0	793.0
SAW_RS16750	17	98.693	153	2	0	1	153	43468	43620	3.4999999999999998e-74	272.0
SAW_RS16775	17	95.08200000000001	183	9	0	1	183	44955	45137	4.259999999999999e-79	289.0
SAW_RS16790	17	98.738	634	7	1	3	636	48162	48794	0.0	1125.0
SAW_RS16795	17	100.0	468	0	0	1	468	48781	49248	0.0	865.0
SAW_RS16800	17	99.242	528	4	0	1	528	49251	49778	0.0	953.0
SAW_RS16805	17	99.45	2181	12	0	1	2181	49821	52001	0.0	3962.0
SAW_RS16810	17	100.0	543	0	0	1	543	52109	52651	0.0	1003.0
SAW_RS16850	17	100.0	621	0	0	1	621	62401	63021	0.0	1147.0
SAW_RS16855	17	100.0	288	0	0	1	288	63038	63325	2.9199999999999996e-152	532.0
SAW_RS16860	17	99.111	225	2	0	1	225	63319	63543	5.089999999999999e-114	405.0
SAW_RS16865	17	98.571	210	3	0	1	210	63604	63813	4.789999999999999e-104	372.0
SAW_RS16870	17	96.37	303	11	0	1	303	63825	64127	3.1299999999999995e-142	499.0
SAW_RS16875	17	98.42	1329	21	0	1	1329	64554	65882	0.0	2338.0
SAW_RS16880	17	97.721	351	8	0	1	351	65879	66229	7.5299999999999985e-174	604.0
SAW_RS16890	17	98.198	111	2	0	1	111	66480	66590	5.389999999999999e-51	195.0
SAW_RS16955	17	98.319	357	6	0	1	357	5724	6080	1.6399999999999994e-180	627.0
SAW_RS16960	17	95.96	297	12	0	1	297	6662	6958	3.1799999999999996e-137	483.0
SAW_RS16980	17	100.0	336	0	0	1	336	10411	10746	7.139999999999998e-179	621.0
SAW_RS16990	25	97.199	357	10	0	1	357	468	824	7.669999999999998e-174	604.0
SAW_RS16990	17	96.581	351	12	0	1	351	15040	15390	3.589999999999999e-167	582.0
SAW_RS17055	2	98.385	681	11	0	1	681	82262	82942	0.0	1197.0
SAW_RS17055	25	99.69200000000001	650	2	0	32	681	22380	21731	0.0	1190.0
SAW_RS17190	2	98.385	681	11	0	1	681	82262	82942	0.0	1197.0
SAW_RS17190	25	99.69200000000001	650	2	0	32	681	22380	21731	0.0	1190.0
SAW_RS17225	2	98.385	681	11	0	1	681	82262	82942	0.0	1197.0
SAW_RS17225	25	99.69200000000001	650	2	0	32	681	22380	21731	0.0	1190.0
SAW_RS17260	2	98.385	681	11	0	1	681	82262	82942	0.0	1197.0
SAW_RS17260	25	99.69200000000001	650	2	0	32	681	22380	21731	0.0	1190.0
